-- MySQL dump 10.13  Distrib 8.0.27, for macos11 (arm64)
--
-- Host: 127.0.0.1    Database: regain
-- ------------------------------------------------------
-- Server version	8.0.41-0ubuntu0.22.04.1

/*!40101 SET @OLD_CHARACTER_SET_CLIENT=@@CHARACTER_SET_CLIENT */;
/*!40101 SET @OLD_CHARACTER_SET_RESULTS=@@CHARACTER_SET_RESULTS */;
/*!40101 SET @OLD_COLLATION_CONNECTION=@@COLLATION_CONNECTION */;
/*!50503 SET NAMES utf8mb4 */;
/*!40103 SET @OLD_TIME_ZONE=@@TIME_ZONE */;
/*!40103 SET TIME_ZONE='+00:00' */;
/*!40014 SET @OLD_UNIQUE_CHECKS=@@UNIQUE_CHECKS, UNIQUE_CHECKS=0 */;
/*!40014 SET @OLD_FOREIGN_KEY_CHECKS=@@FOREIGN_KEY_CHECKS, FOREIGN_KEY_CHECKS=0 */;
/*!40101 SET @OLD_SQL_MODE=@@SQL_MODE, SQL_MODE='NO_AUTO_VALUE_ON_ZERO' */;
/*!40111 SET @OLD_SQL_NOTES=@@SQL_NOTES, SQL_NOTES=0 */;

--
-- Table structure for table `categories`
--

DROP TABLE IF EXISTS `categories`;
/*!40101 SET @saved_cs_client     = @@character_set_client */;
/*!50503 SET character_set_client = utf8mb4 */;
CREATE TABLE `categories` (
  `id` bigint unsigned NOT NULL AUTO_INCREMENT,
  `name` varchar(255) COLLATE utf8mb4_unicode_ci NOT NULL,
  `status` tinyint(1) NOT NULL DEFAULT '1',
  `sort` int unsigned DEFAULT NULL,
  `created_at` timestamp NULL DEFAULT NULL,
  `updated_at` timestamp NULL DEFAULT NULL,
  PRIMARY KEY (`id`)
) ENGINE=InnoDB AUTO_INCREMENT=5 DEFAULT CHARSET=utf8mb4 COLLATE=utf8mb4_unicode_ci;
/*!40101 SET character_set_client = @saved_cs_client */;

--
-- Dumping data for table `categories`
--

LOCK TABLES `categories` WRITE;
/*!40000 ALTER TABLE `categories` DISABLE KEYS */;
INSERT INTO `categories` VALUES (1,'SOCIO-DEMOGRAPHIC & WELLBEING',1,NULL,'2025-03-14 21:33:46','2025-03-14 21:33:46'),(2,'PRE-ASSESSMENT',1,NULL,'2025-03-14 21:34:04','2025-03-14 21:34:04'),(3,'SKILLS',1,NULL,'2025-03-14 21:34:25','2025-03-14 21:34:25'),(4,'MEDICAL HISTORY',1,NULL,'2025-03-14 21:36:57','2025-03-14 21:36:57');
/*!40000 ALTER TABLE `categories` ENABLE KEYS */;
UNLOCK TABLES;

--
-- Table structure for table `failed_jobs`
--

DROP TABLE IF EXISTS `failed_jobs`;
/*!40101 SET @saved_cs_client     = @@character_set_client */;
/*!50503 SET character_set_client = utf8mb4 */;
CREATE TABLE `failed_jobs` (
  `id` bigint unsigned NOT NULL AUTO_INCREMENT,
  `uuid` varchar(255) COLLATE utf8mb4_unicode_ci NOT NULL,
  `connection` text COLLATE utf8mb4_unicode_ci NOT NULL,
  `queue` text COLLATE utf8mb4_unicode_ci NOT NULL,
  `payload` longtext COLLATE utf8mb4_unicode_ci NOT NULL,
  `exception` longtext COLLATE utf8mb4_unicode_ci NOT NULL,
  `failed_at` timestamp NOT NULL DEFAULT CURRENT_TIMESTAMP,
  PRIMARY KEY (`id`),
  UNIQUE KEY `failed_jobs_uuid_unique` (`uuid`)
) ENGINE=InnoDB DEFAULT CHARSET=utf8mb4 COLLATE=utf8mb4_unicode_ci;
/*!40101 SET character_set_client = @saved_cs_client */;

--
-- Dumping data for table `failed_jobs`
--

LOCK TABLES `failed_jobs` WRITE;
/*!40000 ALTER TABLE `failed_jobs` DISABLE KEYS */;
/*!40000 ALTER TABLE `failed_jobs` ENABLE KEYS */;
UNLOCK TABLES;

--
-- Table structure for table `instructions`
--

DROP TABLE IF EXISTS `instructions`;
/*!40101 SET @saved_cs_client     = @@character_set_client */;
/*!50503 SET character_set_client = utf8mb4 */;
CREATE TABLE `instructions` (
  `id` bigint unsigned NOT NULL AUTO_INCREMENT,
  `content` text COLLATE utf8mb4_unicode_ci NOT NULL,
  `language_id` bigint unsigned NOT NULL,
  `created_at` timestamp NULL DEFAULT NULL,
  `updated_at` timestamp NULL DEFAULT NULL,
  PRIMARY KEY (`id`),
  KEY `instructions_language_id_foreign` (`language_id`),
  CONSTRAINT `instructions_language_id_foreign` FOREIGN KEY (`language_id`) REFERENCES `languages` (`id`) ON DELETE CASCADE
) ENGINE=InnoDB AUTO_INCREMENT=11 DEFAULT CHARSET=utf8mb4 COLLATE=utf8mb4_unicode_ci;
/*!40101 SET character_set_client = @saved_cs_client */;

--
-- Dumping data for table `instructions`
--

LOCK TABLES `instructions` WRITE;
/*!40000 ALTER TABLE `instructions` DISABLE KEYS */;
INSERT INTO `instructions` VALUES (1,'Choose one',1,'2025-03-14 21:33:46','2025-03-14 21:33:46'),(2,'Choose all applicable',1,'2025-03-14 21:33:46','2025-03-14 21:33:46'),(3,'Please select all relevant categories',1,'2025-03-14 21:33:49','2025-03-14 21:33:49'),(4,'Please answer each statement based on your sleep pattern over the last month',1,'2025-03-14 21:33:51','2025-03-14 21:33:51'),(5,'Please answer based on the past two weeks ',1,'2025-03-14 21:33:52','2025-03-14 21:33:52'),(6,'Please rate the following statement ',1,'2025-03-14 21:33:54','2025-03-14 21:33:54'),(7,'Please select the frequency over the past month',1,'2025-03-14 21:34:00','2025-03-14 21:34:00'),(8,'Please answer based on the last two weeks ',1,'2025-03-14 21:34:04','2025-03-14 21:34:04'),(9,'Please answer based on how you currently feel',1,'2025-03-14 21:34:16','2025-03-14 21:34:16'),(10,'How does the following statement apply to you',1,'2025-03-14 21:34:30','2025-03-14 21:34:30');
/*!40000 ALTER TABLE `instructions` ENABLE KEYS */;
UNLOCK TABLES;

--
-- Table structure for table `jobs`
--

DROP TABLE IF EXISTS `jobs`;
/*!40101 SET @saved_cs_client     = @@character_set_client */;
/*!50503 SET character_set_client = utf8mb4 */;
CREATE TABLE `jobs` (
  `id` bigint unsigned NOT NULL AUTO_INCREMENT,
  `queue` varchar(255) COLLATE utf8mb4_unicode_ci NOT NULL,
  `payload` longtext COLLATE utf8mb4_unicode_ci NOT NULL,
  `attempts` tinyint unsigned NOT NULL,
  `reserved_at` int unsigned DEFAULT NULL,
  `available_at` int unsigned NOT NULL,
  `created_at` int unsigned NOT NULL,
  PRIMARY KEY (`id`),
  KEY `jobs_queue_index` (`queue`)
) ENGINE=InnoDB DEFAULT CHARSET=utf8mb4 COLLATE=utf8mb4_unicode_ci;
/*!40101 SET character_set_client = @saved_cs_client */;

--
-- Dumping data for table `jobs`
--

LOCK TABLES `jobs` WRITE;
/*!40000 ALTER TABLE `jobs` DISABLE KEYS */;
/*!40000 ALTER TABLE `jobs` ENABLE KEYS */;
UNLOCK TABLES;

--
-- Table structure for table `language_question`
--

DROP TABLE IF EXISTS `language_question`;
/*!40101 SET @saved_cs_client     = @@character_set_client */;
/*!50503 SET character_set_client = utf8mb4 */;
CREATE TABLE `language_question` (
  `id` bigint unsigned NOT NULL AUTO_INCREMENT,
  `question` text COLLATE utf8mb4_unicode_ci NOT NULL,
  `question_id` bigint unsigned NOT NULL,
  `language_id` bigint unsigned NOT NULL,
  `created_at` timestamp NULL DEFAULT NULL,
  `updated_at` timestamp NULL DEFAULT NULL,
  PRIMARY KEY (`id`),
  KEY `language_question_question_id_foreign` (`question_id`),
  KEY `language_question_language_id_foreign` (`language_id`),
  CONSTRAINT `language_question_language_id_foreign` FOREIGN KEY (`language_id`) REFERENCES `languages` (`id`) ON DELETE CASCADE,
  CONSTRAINT `language_question_question_id_foreign` FOREIGN KEY (`question_id`) REFERENCES `questions` (`id`) ON DELETE CASCADE
) ENGINE=InnoDB AUTO_INCREMENT=310 DEFAULT CHARSET=utf8mb4 COLLATE=utf8mb4_unicode_ci;
/*!40101 SET character_set_client = @saved_cs_client */;

--
-- Dumping data for table `language_question`
--

LOCK TABLES `language_question` WRITE;
/*!40000 ALTER TABLE `language_question` DISABLE KEYS */;
INSERT INTO `language_question` VALUES (1,'What is your gender?',1,1,NULL,NULL),(2,'Social status',2,1,NULL,NULL),(3,'Family or support network',3,1,NULL,NULL),(4,'Please select your level of Education',4,1,NULL,NULL),(5,'Please select your Profession',5,1,NULL,NULL),(6,'What best describes your current location? ',6,1,NULL,NULL),(7,'How long have you been displaced?',7,1,NULL,NULL),(8,'How many times have you been displaced?',8,1,NULL,NULL),(9,'Which country are you returning from?',11,1,NULL,NULL),(10,'Do you have a physical disability?',12,1,NULL,NULL),(11,'',13,1,NULL,NULL),(12,'Have you been diagnosed with Attention Deficit Hyperactive Disorder (ADHD)?',14,1,NULL,NULL),(13,'Have you been diagnosed with Autism Spectrum Disorder (ASD)?',15,1,NULL,NULL),(14,'Have you been diagnosed with Dyslexia?',16,1,NULL,NULL),(15,'Do you often confuse similar-looking letters, for example, b and d or p and q?',17,1,NULL,NULL),(16,'Do you find it difficult to read out loud or do you read more slowly than others?',18,1,NULL,NULL),(17,'Do you frequently spell words incorrectly, even common words?',19,1,NULL,NULL),(18,'Do you have trouble following a sequence of directions or remembering a sequence of events?',20,1,NULL,NULL),(19,'Do you find it hard to understand jokes, puns, or idioms?',21,1,NULL,NULL),(20,'Do you find it challenging to maintain eye contact during conversations?',22,1,NULL,NULL),(21,'Do you have difficulty understanding or relating to other people\'s emotions?',23,1,NULL,NULL),(22,'Do you prefer routine and find yourself upset by unexpected changes?',24,1,NULL,NULL),(23,'Do you have specific interests or hobbies that you are extremely focused on?',25,1,NULL,NULL),(24,'Do you experience sensory sensitivity, for example, to lights, sounds or textures?',26,1,NULL,NULL),(25,'Do you find social interaction and/or making friends a challenge?',27,1,NULL,NULL),(26,'Do you have trouble focusing on tasks or activities, especially those that you do not enjoy?',28,1,NULL,NULL),(27,'Are you frequently forgetful in your daily activities or do you lose things that are required for tasks?',29,1,NULL,NULL),(28,'Do you often fidget or find it hard to stay still in your seat when it is expected (i.e., at work or in meetings)?',30,1,NULL,NULL),(29,'Do you often interrupt others or have trouble waiting for your turn?',31,1,NULL,NULL),(30,'Do you often start tasks or jobs but have difficulty finishing them?',32,1,NULL,NULL),(31,'Do you often make careless mistakes or overlook the details?',33,1,NULL,NULL),(32,'Have you been in any zones of active hostility?',34,1,NULL,NULL),(33,'Have you been physically injured?',35,1,NULL,NULL),(34,'What best describes your current status? ',36,1,NULL,NULL),(35,'Where were you treated for your physical injury?',37,1,NULL,NULL),(36,'Are you having trouble sleeping?',38,1,NULL,NULL),(37,'Are you waking up in the morning feeling tired, or exhausted?',39,1,NULL,NULL),(38,'Pain limits my ability to engage in physical activities',40,1,NULL,NULL),(39,'I have difficulty with tasks that involve lifting or carrying',41,1,NULL,NULL),(40,'Pain affects my ability to stand or walk for extended periods',42,1,NULL,NULL),(41,'I find household chores difficult due to the pain I experience',43,1,NULL,NULL),(42,'Pain has limited my ability to engage in recreational activities',44,1,NULL,NULL),(43,'I have difficulty with reaching and bending due to pain',45,1,NULL,NULL),(44,'Pain limits my ability to exercise or stay physically active',46,1,NULL,NULL),(45,'I struggle with tasks where I have to use my hands because of my pain',47,1,NULL,NULL),(46,'Pain affects my ability to maintain a regular sleep pattern',48,1,NULL,NULL),(47,'I experience fatigue and low energy due to pain',49,1,NULL,NULL),(48,'I experience a sense of hopelessness because of my pain',50,1,NULL,NULL),(49,'Pain has led to changes in my self-esteem and self-worth',51,1,NULL,NULL),(50,'I have difficulty managing stress due to pain',52,1,NULL,NULL),(51,'Pain has affected my overall mood and emotional well-being',53,1,NULL,NULL),(52,'I have trouble coping with pain-related emotions',54,1,NULL,NULL),(53,'My pain makes me feel frustrated and irritable',55,1,NULL,NULL),(54,'I feel anxious because of my pain',56,1,NULL,NULL),(55,'I often feel sad or depressed due to my pain',57,1,NULL,NULL),(56,'My pain affects my ability to concentrate and focus',58,1,NULL,NULL),(57,'I worry about the future because of my pain',59,1,NULL,NULL),(58,'I feel stressed on a regular basis',60,1,NULL,NULL),(59,'I have some history of mental health issues or psychiatric disorders',61,1,NULL,NULL),(60,'I have been diagnosed with an anxiety disorder at least once in my life',62,1,NULL,NULL),(61,'I struggle with depression or mood swings',63,1,NULL,NULL),(62,'I sometimes show increased aggression toward others',64,1,NULL,NULL),(63,'I sometimes experience either insomnia or excessive sleeping',65,1,NULL,NULL),(64,'I sometimes take risks such as drink driving or unprotected sex',66,1,NULL,NULL),(65,'My behaviour is sometimes destructive',67,1,NULL,NULL),(66,'Sometimes I feel like harming myself',68,1,NULL,NULL),(67,'I find it hard to concentrate on a regular basis',69,1,NULL,NULL),(68,'Some of my relationships with my family and friends are not  good',70,1,NULL,NULL),(69,'I often feel isolated or lonely ',71,1,NULL,NULL),(70,'I feel pressure from my peers to engage in substance use',72,1,NULL,NULL),(71,'I have financial issues because of my spending on drugs or alcohol',73,1,NULL,NULL),(72,'I find myself lying more and more',74,1,NULL,NULL),(73,'I sometimes steal to help my financial position',75,1,NULL,NULL),(74,'I spend a lot of time with drug users or people who have alcohol issues',76,1,NULL,NULL),(75,'I do not have stable relationships',77,1,NULL,NULL),(76,'I  sometimes miss important social events',78,1,NULL,NULL),(77,'I am easily irritated by friends and family',79,1,NULL,NULL),(78,'My immune system is weak and I am often ill',80,1,NULL,NULL),(79,'I often experience a racing heart rate',81,1,NULL,NULL),(80,'I often get blood infections ',82,1,NULL,NULL),(81,'I get confused frequently',83,1,NULL,NULL),(82,'I have issues with my memory and my attention span',84,1,NULL,NULL),(83,'Making a decision is sometimes difficult for me',85,1,NULL,NULL),(84,'My body temperature rises frequently',86,1,NULL,NULL),(85,'I have  problems with my liver',87,1,NULL,NULL),(86,'I have lost weight over the last 12 months',88,1,NULL,NULL),(87,'I do not eat regularly',89,1,NULL,NULL),(88,'It takes me more than 30 minutes to fall asleep',90,1,NULL,NULL),(89,'I often wake up during the night',91,1,NULL,NULL),(90,'I have trouble staying asleep ',92,1,NULL,NULL),(91,'I frequently wake up in the early morning ',93,1,NULL,NULL),(92,'I often feel tired during the day',94,1,NULL,NULL),(93,'I find it hard to concentrate or focus throughout the day',95,1,NULL,NULL),(94,'I often snore loudly',96,1,NULL,NULL),(95,'I wake up choking or gasping for breath ',97,1,NULL,NULL),(96,'I experience uncomfortable sensations in my legs when trying to sleep',98,1,NULL,NULL),(97,'I have to move my legs to relieve the sensations in my legs',99,1,NULL,NULL),(98,'I find myself suddenly and uncontrollably falling asleep',100,1,NULL,NULL),(99,'I experience sudden muscle weakness triggered by laughter, fear, anger, stress, or excitement',101,1,NULL,NULL),(100,'I sleepwalk',102,1,NULL,NULL),(101,'I have nightmares and or night terrors',103,1,NULL,NULL),(102,'I have difficulty staying awake when doing work or activities',104,1,NULL,NULL),(103,'I fall asleep without knowing during the day',105,1,NULL,NULL),(104,'My sleep has a negative impact on my quality of life',106,1,NULL,NULL),(105,'My sleep impairs my ability to perform daily tasks',107,1,NULL,NULL),(106,'Have you ever been diagnosed with any of the following mental health or wellbeing issues?',108,1,NULL,NULL),(107,'Please describe the frequency of healthcare you received',109,1,NULL,NULL),(108,'Please select who your care was provided by',110,1,NULL,NULL),(109,'I have trouble relaxing',111,1,NULL,NULL),(110,'I feel overwhelmed by the demands of daily life',112,1,NULL,NULL),(111,'I often have trouble sleeping because of stress',113,1,NULL,NULL),(112,'I worry about future events',114,1,NULL,NULL),(113,'I have difficulty concentrating because of stress',115,1,NULL,NULL),(114,'I frequently experience racing thoughts',116,1,NULL,NULL),(115,'I have difficulty making decisions.',117,1,NULL,NULL),(116,'I sometimes need to spend some time alone, because I feel stressed',118,1,NULL,NULL),(117,'I feel anxious in social situations',119,1,NULL,NULL),(118,'I avoid social interactions due to fear or anxiety',120,1,NULL,NULL),(119,'I fear being judged by others',121,1,NULL,NULL),(120,'I have trouble speaking in public or in front of a group',122,1,NULL,NULL),(121,'I feel self-conscious in social situations',123,1,NULL,NULL),(122,'I worry about embarrassing myself in social settings',124,1,NULL,NULL),(123,'I often second-guess what I say in conversations',125,1,NULL,NULL),(124,'I feel frustrated when surrounded by a lot of people',126,1,NULL,NULL),(125,'I experience physical symptoms of stress (i.e., muscle tension, headaches)',127,1,NULL,NULL),(126,'I feel nervous, unable to relax or restless',128,1,NULL,NULL),(127,'I have an upset stomach or digestive issues due to stress',129,1,NULL,NULL),(128,'I feel a shortness of breath or difficulty breathing when anxious',130,1,NULL,NULL),(129,'I have breathing difficulties when I feel under pressure',131,1,NULL,NULL),(130,'I often experience fatigue due to stress',132,1,NULL,NULL),(131,'I feel backpain due to stress',133,1,NULL,NULL),(132,'I feel my hands and feet shaking due to stress and anxiety',134,1,NULL,NULL),(133,'I often feel overwhelmed by negative emotions',135,1,NULL,NULL),(134,'I often experience intense sadness or hopelessness',136,1,NULL,NULL),(135,'I find it difficult to control my emotions',137,1,NULL,NULL),(136,'I often feel anxious or worried',138,1,NULL,NULL),(137,'I frequently have negative thoughts about myself',139,1,NULL,NULL),(138,'I often blame myself when things go wrong',140,1,NULL,NULL),(139,'I tend to overgeneralise negative experiences',141,1,NULL,NULL),(140,'I often focus on the worst possible outcomes',142,1,NULL,NULL),(141,'I often feel lonely or disconnected from others',143,1,NULL,NULL),(142,'I have trouble forming or maintaining close relationships',144,1,NULL,NULL),(143,'I avoid social situations because they make me anxious',145,1,NULL,NULL),(144,'I feel like I don\'t belong or fit in with others',146,1,NULL,NULL),(145,'I frequently experience headaches or migraines',147,1,NULL,NULL),(146,'I often have difficulty sleeping or suffer from insomnia',148,1,NULL,NULL),(147,'I frequently experience stomach-aches or digestive issues',149,1,NULL,NULL),(148,'I often feel fatigued or lacking in energy',150,1,NULL,NULL),(149,'I sometimes have thoughts of ending my own life',151,1,NULL,NULL),(150,'I often feel hopeless about the future',152,1,NULL,NULL),(151,'I frequently think that the world would be better off without me',153,1,NULL,NULL),(152,'I feel like life is not worth living',154,1,NULL,NULL),(153,'I often feel inadequate or not good enough',155,1,NULL,NULL),(154,'I have trouble recognising my own strengths and accomplishments',156,1,NULL,NULL),(155,'I often compare myself unfavourably to others',157,1,NULL,NULL),(156,'I frequently engage in self-critical thoughts',158,1,NULL,NULL),(157,'I experience repeated distressing memories, visual images, or dreams related to a traumatic event',159,1,NULL,NULL),(158,'I feel Intense psychological distress and/or physiological reactions when reminded of traumatic events',160,1,NULL,NULL),(159,'Flashbacks or reliving of traumatic events as if they were happening again',161,1,NULL,NULL),(160,'Distressing or intrusive thoughts that cause significant distress or impairment',162,1,NULL,NULL),(161,'I try to avoid memories, thoughts, or feelings associated with traumatic events',163,1,NULL,NULL),(162,'I avoid activities, places, or people that remind me of traumatic events',164,1,NULL,NULL),(163,'Difficulty remembering important aspects of traumatic events',165,1,NULL,NULL),(164,'Decreased interest or participation in activities once enjoyed',166,1,NULL,NULL),(165,'I frequently have negative thoughts and/or expectations about myself, other people or the world',167,1,NULL,NULL),(166,'Regardless of what happened and the consequences of traumatic events I can’t stop blaming myself or others',168,1,NULL,NULL),(167,'Persistent negative emotional state (e.g., fear, anger, guilt, shame)',169,1,NULL,NULL),(168,'Diminished interest in or inability to experience positive emotions',170,1,NULL,NULL),(169,'I find that I am easily irritated and have angry outbursts',171,1,NULL,NULL),(170,'My behaviour has become reckless and/or self-destructive ',172,1,NULL,NULL),(171,'Hypervigilance or constantly being on guard',173,1,NULL,NULL),(172,'Problems with concentration or difficulty sleeping',174,1,NULL,NULL),(173,'I am experiencing headaches, nausea, stomach pain and other symptoms without medical cause',175,1,NULL,NULL),(174,'I feel emotionally numb and/or unable to deal with other people',176,1,NULL,NULL),(175,'Dissociative reactions, such as feeling disconnected from your body or surroundings',177,1,NULL,NULL),(176,'Intrusive distressing memories or nightmares unrelated to the traumatic event',178,1,NULL,NULL),(177,'I have been feeling unwell physically and/or emotionally for over one month',179,1,NULL,NULL),(178,'I am finding it very hard to function and easily get distressed in my social and work environment',180,1,NULL,NULL),(179,'Impaired ability to trust others or form close relationships',181,1,NULL,NULL),(180,'Feelings of hopelessness about the future',182,1,NULL,NULL),(181,'I am finding it difficult to concentrate or make decisions',183,1,NULL,NULL),(182,'I am struggling with my memory and keep forgetting things',184,1,NULL,NULL),(183,'Sleep disturbances, such as insomnia or nightmares',185,1,NULL,NULL),(184,'Increased reliance on substances (e.g., alcohol, drugs) to cope with symptoms',186,1,NULL,NULL),(185,'I am curious and enjoy trying new things',187,1,NULL,NULL),(186,'I enjoy exploring new ideas and concepts',188,1,NULL,NULL),(187,'I am open to new experiences and change',189,1,NULL,NULL),(188,'I enjoy novelty and exploring unfamiliar experiences',190,1,NULL,NULL),(189,'I am imaginative and creative',191,1,NULL,NULL),(190,'I am organised and detail-orientated',192,1,NULL,NULL),(191,'I am reliable and keep my promises',193,1,NULL,NULL),(192,'I pay attention to deadlines and time management',194,1,NULL,NULL),(193,'I am spontaneous and flexible in my approach',195,1,NULL,NULL),(194,'I tend to be careful and organised',196,1,NULL,NULL),(195,'I am outgoing and enjoy socialising',197,1,NULL,NULL),(196,'I am energetic and enthusiastic',198,1,NULL,NULL),(197,'I prefer social activities over solitary ones',199,1,NULL,NULL),(198,'I am outgoing and sociable',200,1,NULL,NULL),(199,'I enjoy being the centre of attention',201,1,NULL,NULL),(200,'I am empathetic and considerate of others\' feelings',202,1,NULL,NULL),(201,'I prioritise collaboration over competition and assertiveness',203,1,NULL,NULL),(202,'I am cooperative and easy to get along with',204,1,NULL,NULL),(203,'I am supportive and constructive in my feedback',205,1,NULL,NULL),(204,'I value harmony and avoiding conflict',206,1,NULL,NULL),(205,'I tend to worry and be anxious',207,1,NULL,NULL),(206,'I am emotionally stable and resilient',208,1,NULL,NULL),(207,'I frequently experience mood swings',209,1,NULL,NULL),(208,'I struggle to remain calm and composed under stress',210,1,NULL,NULL),(209,'I have a high level of emotional sensitivity',211,1,NULL,NULL),(210,'I am a good listener',212,1,NULL,NULL),(211,'I can express my thoughts and feelings clearly',213,1,NULL,NULL),(212,'I am comfortable starting conversations with new people',214,1,NULL,NULL),(213,'I can adapt my communication style to different situations',215,1,NULL,NULL),(214,'I am good at resolving conflicts through conversation',216,1,NULL,NULL),(215,'I can effectively convey complex information to others',217,1,NULL,NULL),(216,'I find it easy to understand how others feel',218,1,NULL,NULL),(217,'I often consider the perspectives of others when making decisions',219,1,NULL,NULL),(218,'I am sensitive to the emotions of those around me',220,1,NULL,NULL),(219,'I am good at providing emotional support to friends and family',221,1,NULL,NULL),(220,'I can effectively put myself in someone else\'s shoes',222,1,NULL,NULL),(221,'I am skilled at recognising non-verbal cues, like body language and facial expressions',223,1,NULL,NULL),(222,'I have a wide circle of friends',224,1,NULL,NULL),(223,'I can maintain close and meaningful relationships',225,1,NULL,NULL),(224,'I am skilled at building a rapport with others',226,1,NULL,NULL),(225,'I can handle social situations with grace and ease',227,1,NULL,NULL),(226,'I am good at resolving conflicts with friends and family',228,1,NULL,NULL),(227,'I am a trustworthy and dependable friend',229,1,NULL,NULL),(228,'I am comfortable saying \"no\" when necessary',230,1,NULL,NULL),(229,'I can express my needs and preferences without feeling guilty',231,1,NULL,NULL),(230,'I stand up for myself when faced with unfair treatment',232,1,NULL,NULL),(231,'I am effective at setting and maintaining personal boundaries',233,1,NULL,NULL),(232,'I can provide constructive feedback to others without being overly critical',234,1,NULL,NULL),(233,'I am confident in addressing issues of personal concern with others',235,1,NULL,NULL),(234,'I enjoy trying new things and exploring new experiences',236,1,NULL,NULL),(235,'I am open to feedback and willing to make changes based on it',237,1,NULL,NULL),(236,'I embrace change as an opportunity for growth',238,1,NULL,NULL),(237,'I enjoy exploring new cultures and perspectives',239,1,NULL,NULL),(238,'I enjoy tackling new and challenging problems',240,1,NULL,NULL),(239,'I am able to find creative solutions to unexpected obstacles',241,1,NULL,NULL),(240,'I am resourceful in finding solutions to complex problems',242,1,NULL,NULL),(241,'When I see a problem without obvious solution, I am getting motivated',243,1,NULL,NULL),(242,'I find it easy to adjust my plans when unexpected changes occur.',244,1,NULL,NULL),(243,'I am willing to modify my goals when circumstances change',245,1,NULL,NULL),(244,'I can quickly adjust my work methods to improve efficiency',246,1,NULL,NULL),(245,'I am willing to step outside my comfort zone',247,1,NULL,NULL),(246,'I am able to adapt to different communication styles and preferences',248,1,NULL,NULL),(247,'I can work effectively within a diverse group of people',249,1,NULL,NULL),(248,'I am open to different perspectives and willing to compromise',250,1,NULL,NULL),(249,'Whenever I have to face a new challenge, I get motivated',251,1,NULL,NULL),(250,'I find it easy to switch my focus from one task to another if required',252,1,NULL,NULL),(251,'I can handle stressful situations with composure and resilience',253,1,NULL,NULL),(252,'I find change invigorating rather than unsettling',254,1,NULL,NULL),(253,'Whenever faced with uncertainty, I feel motivated',255,1,NULL,NULL),(254,'I like receiving feedback and am happy to make changes based on it',256,1,NULL,NULL),(255,'I can learn, adapt and apply new skills quickly',257,1,NULL,NULL),(256,'When I am asked to do a new task, I try to find better and quicker ways to complete the job effectively',258,1,NULL,NULL),(257,'I like asking the experts about how to improve my skills within my field of work',259,1,NULL,NULL),(258,'I am skilled at breaking complex problems into smaller, more manageable components',260,1,NULL,NULL),(259,'I can quickly identify the root causes of problems',261,1,NULL,NULL),(260,'I excel at finding patterns and trends within data',262,1,NULL,NULL),(261,'I am good at evaluating alternative solutions to problems',263,1,NULL,NULL),(262,'I am capable of undertaking thorough research to solve problems',264,1,NULL,NULL),(263,'I often think \"outside the box\" when faced with challenges',265,1,NULL,NULL),(264,'I enjoy brainstorming and developing unique solutions to problems',266,1,NULL,NULL),(265,'I am open to trying unconventional methods to solve problems',267,1,NULL,NULL),(266,'I am confident in my ability to adapt to unexpected situations and obstacles',268,1,NULL,NULL),(267,'I can find innovative solutions in challenging situations',269,1,NULL,NULL),(268,'I make decisions based on careful consideration of available information',270,1,NULL,NULL),(269,'I am good at evaluating the potential outcomes of different scenarios',271,1,NULL,NULL),(270,'I feel confident in my decision-making abilities',272,1,NULL,NULL),(271,'I am efficient at making decisions, even when under pressure',273,1,NULL,NULL),(272,'I can prioritise tasks and make decisions accordingly',274,1,NULL,NULL),(273,'I am capable of implementing solutions in a practical and efficient manner',275,1,NULL,NULL),(274,'I can adapt my problem-solving approach to suit different situations',276,1,NULL,NULL),(275,'I am resourceful when faced with obstacles',277,1,NULL,NULL),(276,'I effectively manage my time to solve problems',278,1,NULL,NULL),(277,'I learn from past problem-solving experiences to improve future outcomes',279,1,NULL,NULL),(278,'I am able to generate multiple ideas when tackling a creative challenge',280,1,NULL,NULL),(279,'I enjoy exploring different possibilities and perspectives',281,1,NULL,NULL),(280,'I embrace unique and unconventional concepts',282,1,NULL,NULL),(281,'I am not afraid to express unique ideas',283,1,NULL,NULL),(282,'I have a wide and vivid imagination',284,1,NULL,NULL),(283,'I can refine and develop creative ideas into practical solutions',285,1,NULL,NULL),(284,'I am good at narrowing down creative options to select the best one',286,1,NULL,NULL),(285,'I can adapt creative ideas to meet specific goals',287,1,NULL,NULL),(286,'I can effectively communicate my creative concepts to others',288,1,NULL,NULL),(287,'I am skilled at turning creative thoughts into actions',289,1,NULL,NULL),(288,'I draw inspiration from my surroundings',290,1,NULL,NULL),(289,'I am aware of the impact of my creative ideas on the environment',291,1,NULL,NULL),(290,'I actively seek new experiences and perspectives',292,1,NULL,NULL),(291,'I am in tune with the emotions and needs of others',293,1,NULL,NULL),(292,'I value diversity and inclusivity in creative endeavours',294,1,NULL,NULL),(293,'I am willing to take logical risks in my creative endeavours',295,1,NULL,NULL),(294,'I am patient and persistent when working on creative projects',296,1,NULL,NULL),(295,'I can handle setbacks and can learn from failure',297,1,NULL,NULL),(296,'I enjoy pushing the boundaries of traditional thinking',298,1,NULL,NULL),(297,'I take initiative in creative situations',299,1,NULL,NULL),(298,'Does the patient drink alcohol?',300,1,NULL,NULL),(299,'How much do alcohol do they consume per week?',301,1,NULL,NULL),(300,'Does the patient take any Over the Counter (OTC) medication?',302,1,NULL,NULL),(301,'Is the medication prescribed by a practitioner or self-administered?',303,1,NULL,NULL),(302,'What is this OTC medication treating?',304,1,NULL,NULL),(303,'What is the name of the OTC medication?',305,1,NULL,NULL),(304,'Is the patient allergic to Penicillin?',306,1,NULL,NULL),(305,'Is the patient HIV positive?',307,1,NULL,NULL),(306,'Does the patient have any history of Anaphylaxis?',308,1,NULL,NULL),(307,'Does the patient have any problems swallowing (Dysphagia)?',309,1,NULL,NULL),(308,'Has the patient experienced any recent blackouts (Syncope)?',310,1,NULL,NULL),(309,'Is the patient experiencing anxiety (GAD)?',311,1,NULL,NULL);
/*!40000 ALTER TABLE `language_question` ENABLE KEYS */;
UNLOCK TABLES;

--
-- Table structure for table `languages`
--

DROP TABLE IF EXISTS `languages`;
/*!40101 SET @saved_cs_client     = @@character_set_client */;
/*!50503 SET character_set_client = utf8mb4 */;
CREATE TABLE `languages` (
  `id` bigint unsigned NOT NULL AUTO_INCREMENT,
  `name` varchar(255) COLLATE utf8mb4_unicode_ci NOT NULL,
  `code` varchar(255) COLLATE utf8mb4_unicode_ci NOT NULL,
  `locale` varchar(255) COLLATE utf8mb4_unicode_ci NOT NULL,
  `image` varchar(255) COLLATE utf8mb4_unicode_ci DEFAULT NULL,
  `status` tinyint(1) NOT NULL DEFAULT '1',
  `created_at` timestamp NULL DEFAULT NULL,
  `updated_at` timestamp NULL DEFAULT NULL,
  PRIMARY KEY (`id`)
) ENGINE=InnoDB AUTO_INCREMENT=2 DEFAULT CHARSET=utf8mb4 COLLATE=utf8mb4_unicode_ci;
/*!40101 SET character_set_client = @saved_cs_client */;

--
-- Dumping data for table `languages`
--

LOCK TABLES `languages` WRITE;
/*!40000 ALTER TABLE `languages` DISABLE KEYS */;
INSERT INTO `languages` VALUES (1,'English','en','en_us',NULL,1,'2025-03-14 19:32:25','2025-03-14 19:32:25');
/*!40000 ALTER TABLE `languages` ENABLE KEYS */;
UNLOCK TABLES;

--
-- Table structure for table `medical_type_categories`
--

DROP TABLE IF EXISTS `medical_type_categories`;
/*!40101 SET @saved_cs_client     = @@character_set_client */;
/*!50503 SET character_set_client = utf8mb4 */;
CREATE TABLE `medical_type_categories` (
  `type_id` bigint unsigned NOT NULL,
  `label` varchar(512) COLLATE utf8mb4_unicode_ci NOT NULL,
  PRIMARY KEY (`type_id`)
) ENGINE=InnoDB DEFAULT CHARSET=utf8mb4 COLLATE=utf8mb4_unicode_ci;
/*!40101 SET character_set_client = @saved_cs_client */;

--
-- Dumping data for table `medical_type_categories`
--

LOCK TABLES `medical_type_categories` WRITE;
/*!40000 ALTER TABLE `medical_type_categories` DISABLE KEYS */;
INSERT INTO `medical_type_categories` VALUES (1,'Doctor'),(2,'Nurse'),(3,'Psychologist'),(4,'Psychotherapist'),(5,'Specially Trained Personnel');
/*!40000 ALTER TABLE `medical_type_categories` ENABLE KEYS */;
UNLOCK TABLES;

--
-- Table structure for table `medical_types`
--

DROP TABLE IF EXISTS `medical_types`;
/*!40101 SET @saved_cs_client     = @@character_set_client */;
/*!50503 SET character_set_client = utf8mb4 */;
CREATE TABLE `medical_types` (
  `type_id` bigint unsigned NOT NULL,
  `category_type_id` bigint unsigned NOT NULL,
  `label` varchar(512) COLLATE utf8mb4_unicode_ci NOT NULL,
  PRIMARY KEY (`type_id`),
  KEY `medical_types_category_type_id_foreign` (`category_type_id`),
  CONSTRAINT `medical_types_category_type_id_foreign` FOREIGN KEY (`category_type_id`) REFERENCES `medical_type_categories` (`type_id`) ON DELETE CASCADE
) ENGINE=InnoDB DEFAULT CHARSET=utf8mb4 COLLATE=utf8mb4_unicode_ci;
/*!40101 SET character_set_client = @saved_cs_client */;

--
-- Dumping data for table `medical_types`
--

LOCK TABLES `medical_types` WRITE;
/*!40000 ALTER TABLE `medical_types` DISABLE KEYS */;
INSERT INTO `medical_types` VALUES (1,1,'Psychiatrist'),(2,1,'Family Practitioner'),(3,1,'General Practitioner'),(4,1,'Nurse (Other)'),(5,2,'Psychiatric Nurse'),(6,2,'General Nurse'),(7,2,'Nurse (Other)'),(8,3,'Clinical Psychologist'),(9,3,'General Psychologist'),(10,4,'Psychotherapist'),(11,5,'Specially Trained (Psychotherapy)'),(12,5,'Specially Trained (Trauma Management)'),(13,5,'Specially Trained (Other)');
/*!40000 ALTER TABLE `medical_types` ENABLE KEYS */;
UNLOCK TABLES;

--
-- Table structure for table `migrations`
--

DROP TABLE IF EXISTS `migrations`;
/*!40101 SET @saved_cs_client     = @@character_set_client */;
/*!50503 SET character_set_client = utf8mb4 */;
CREATE TABLE `migrations` (
  `id` int unsigned NOT NULL AUTO_INCREMENT,
  `migration` varchar(255) COLLATE utf8mb4_unicode_ci NOT NULL,
  `batch` int NOT NULL,
  PRIMARY KEY (`id`)
) ENGINE=InnoDB AUTO_INCREMENT=30 DEFAULT CHARSET=utf8mb4 COLLATE=utf8mb4_unicode_ci;
/*!40101 SET character_set_client = @saved_cs_client */;

--
-- Dumping data for table `migrations`
--

LOCK TABLES `migrations` WRITE;
/*!40000 ALTER TABLE `migrations` DISABLE KEYS */;
INSERT INTO `migrations` VALUES (1,'2014_10_12_000000_create_users_table',1),(2,'2014_10_12_100000_create_password_reset_tokens_table',1),(3,'2014_10_12_200000_add_two_factor_columns_to_users_table',1),(4,'2019_08_19_000000_create_failed_jobs_table',1),(5,'2019_12_14_000001_create_personal_access_tokens_table',1),(6,'2021_12_10_200112_create_sessions_table',1),(7,'2021_12_10_200754_create_permission_tables',1),(8,'2024_03_16_112918_add_two_factor_confirmed_to_users_table',1),(9,'2024_06_27_172631_create_languages_table',1),(10,'2024_06_27_182036_create_categories_table',1),(11,'2024_06_27_182201_create_references_table',1),(12,'2024_06_27_182201_create_tests_table',1),(13,'2024_06_27_182219_create_responses_table',1),(14,'2024_06_27_182250_create_instructions_table',1),(15,'2024_06_27_191923_create_questions_table',1),(16,'2024_07_01_142637_create_jobs_table',1),(17,'2024_07_02_152720_create_thresholds_table',1),(18,'2024_07_02_152720_create_user_responses',1),(19,'2024_07_02_152720_create_user_subscale_scores',1),(20,'2024_07_02_152720_create_user_test_scores',1),(21,'2024_11_30_124832_create_questionnaire_flows_table',1),(22,'2024_12_01_211229_alter_scores_tables_add_unique_constraints',1),(23,'2024_12_07_131356_create_regions',1),(24,'2024_12_07_131358_create_patient_data_table',1),(25,'2024_12_07_131358_create_user_questionnaire',1),(26,'2024_12_07_131360_create_medical_personnel_types',1),(27,'2024_12_07_131360_create_practitioners',1),(28,'2024_12_15_131360_create_patient_assignments',1),(29,'2024_12_15_131361_create_reports',1);
/*!40000 ALTER TABLE `migrations` ENABLE KEYS */;
UNLOCK TABLES;

--
-- Table structure for table `model_has_permissions`
--

DROP TABLE IF EXISTS `model_has_permissions`;
/*!40101 SET @saved_cs_client     = @@character_set_client */;
/*!50503 SET character_set_client = utf8mb4 */;
CREATE TABLE `model_has_permissions` (
  `permission_id` bigint unsigned NOT NULL,
  `model_type` varchar(255) COLLATE utf8mb4_unicode_ci NOT NULL,
  `model_id` bigint unsigned NOT NULL,
  PRIMARY KEY (`permission_id`,`model_id`,`model_type`),
  KEY `model_has_permissions_model_id_model_type_index` (`model_id`,`model_type`),
  CONSTRAINT `model_has_permissions_permission_id_foreign` FOREIGN KEY (`permission_id`) REFERENCES `permissions` (`id`) ON DELETE CASCADE
) ENGINE=InnoDB DEFAULT CHARSET=utf8mb4 COLLATE=utf8mb4_unicode_ci;
/*!40101 SET character_set_client = @saved_cs_client */;

--
-- Dumping data for table `model_has_permissions`
--

LOCK TABLES `model_has_permissions` WRITE;
/*!40000 ALTER TABLE `model_has_permissions` DISABLE KEYS */;
/*!40000 ALTER TABLE `model_has_permissions` ENABLE KEYS */;
UNLOCK TABLES;

--
-- Table structure for table `model_has_roles`
--

DROP TABLE IF EXISTS `model_has_roles`;
/*!40101 SET @saved_cs_client     = @@character_set_client */;
/*!50503 SET character_set_client = utf8mb4 */;
CREATE TABLE `model_has_roles` (
  `role_id` bigint unsigned NOT NULL,
  `model_type` varchar(255) COLLATE utf8mb4_unicode_ci NOT NULL,
  `model_id` bigint unsigned NOT NULL,
  PRIMARY KEY (`role_id`,`model_id`,`model_type`),
  KEY `model_has_roles_model_id_model_type_index` (`model_id`,`model_type`),
  CONSTRAINT `model_has_roles_role_id_foreign` FOREIGN KEY (`role_id`) REFERENCES `roles` (`id`) ON DELETE CASCADE
) ENGINE=InnoDB DEFAULT CHARSET=utf8mb4 COLLATE=utf8mb4_unicode_ci;
/*!40101 SET character_set_client = @saved_cs_client */;

--
-- Dumping data for table `model_has_roles`
--

LOCK TABLES `model_has_roles` WRITE;
/*!40000 ALTER TABLE `model_has_roles` DISABLE KEYS */;
INSERT INTO `model_has_roles` VALUES (1,'App\\Domains\\Auth\\Repositories\\Eloquent\\Models\\User',1),(2,'App\\Domains\\Auth\\Repositories\\Eloquent\\Models\\User',2),(10,'App\\Domains\\Auth\\Repositories\\Eloquent\\Models\\User',3),(10,'App\\Domains\\Auth\\Repositories\\Eloquent\\Models\\User',4),(10,'App\\Domains\\Auth\\Repositories\\Eloquent\\Models\\User',5),(10,'App\\Domains\\Auth\\Repositories\\Eloquent\\Models\\User',6),(10,'App\\Domains\\Auth\\Repositories\\Eloquent\\Models\\User',7),(10,'App\\Domains\\Auth\\Repositories\\Eloquent\\Models\\User',8),(10,'App\\Domains\\Auth\\Repositories\\Eloquent\\Models\\User',9),(10,'App\\Domains\\Auth\\Repositories\\Eloquent\\Models\\User',10),(10,'App\\Domains\\Auth\\Repositories\\Eloquent\\Models\\User',11),(10,'App\\Domains\\Auth\\Repositories\\Eloquent\\Models\\User',12),(10,'App\\Domains\\Auth\\Repositories\\Eloquent\\Models\\User',13),(10,'App\\Domains\\Auth\\Repositories\\Eloquent\\Models\\User',14),(10,'App\\Domains\\Auth\\Repositories\\Eloquent\\Models\\User',15),(10,'App\\Domains\\Auth\\Repositories\\Eloquent\\Models\\User',16),(10,'App\\Domains\\Auth\\Repositories\\Eloquent\\Models\\User',17),(10,'App\\Domains\\Auth\\Repositories\\Eloquent\\Models\\User',18),(10,'App\\Domains\\Auth\\Repositories\\Eloquent\\Models\\User',19),(10,'App\\Domains\\Auth\\Repositories\\Eloquent\\Models\\User',20),(10,'App\\Domains\\Auth\\Repositories\\Eloquent\\Models\\User',21),(10,'App\\Domains\\Auth\\Repositories\\Eloquent\\Models\\User',22),(10,'App\\Domains\\Auth\\Repositories\\Eloquent\\Models\\User',23),(10,'App\\Domains\\Auth\\Repositories\\Eloquent\\Models\\User',24),(10,'App\\Domains\\Auth\\Repositories\\Eloquent\\Models\\User',25),(10,'App\\Domains\\Auth\\Repositories\\Eloquent\\Models\\User',26),(10,'App\\Domains\\Auth\\Repositories\\Eloquent\\Models\\User',27),(10,'App\\Domains\\Auth\\Repositories\\Eloquent\\Models\\User',28),(10,'App\\Domains\\Auth\\Repositories\\Eloquent\\Models\\User',29),(11,'App\\Domains\\Auth\\Repositories\\Eloquent\\Models\\User',30),(11,'App\\Domains\\Auth\\Repositories\\Eloquent\\Models\\User',31),(11,'App\\Domains\\Auth\\Repositories\\Eloquent\\Models\\User',32),(11,'App\\Domains\\Auth\\Repositories\\Eloquent\\Models\\User',33),(11,'App\\Domains\\Auth\\Repositories\\Eloquent\\Models\\User',34),(11,'App\\Domains\\Auth\\Repositories\\Eloquent\\Models\\User',35),(11,'App\\Domains\\Auth\\Repositories\\Eloquent\\Models\\User',36),(11,'App\\Domains\\Auth\\Repositories\\Eloquent\\Models\\User',37),(11,'App\\Domains\\Auth\\Repositories\\Eloquent\\Models\\User',38),(11,'App\\Domains\\Auth\\Repositories\\Eloquent\\Models\\User',39);
/*!40000 ALTER TABLE `model_has_roles` ENABLE KEYS */;
UNLOCK TABLES;

--
-- Table structure for table `password_reset_tokens`
--

DROP TABLE IF EXISTS `password_reset_tokens`;
/*!40101 SET @saved_cs_client     = @@character_set_client */;
/*!50503 SET character_set_client = utf8mb4 */;
CREATE TABLE `password_reset_tokens` (
  `email` varchar(255) COLLATE utf8mb4_unicode_ci NOT NULL,
  `token` varchar(255) COLLATE utf8mb4_unicode_ci NOT NULL,
  `created_at` timestamp NULL DEFAULT NULL,
  PRIMARY KEY (`email`)
) ENGINE=InnoDB DEFAULT CHARSET=utf8mb4 COLLATE=utf8mb4_unicode_ci;
/*!40101 SET character_set_client = @saved_cs_client */;

--
-- Dumping data for table `password_reset_tokens`
--

LOCK TABLES `password_reset_tokens` WRITE;
/*!40000 ALTER TABLE `password_reset_tokens` DISABLE KEYS */;
/*!40000 ALTER TABLE `password_reset_tokens` ENABLE KEYS */;
UNLOCK TABLES;

--
-- Table structure for table `patient_assignments`
--

DROP TABLE IF EXISTS `patient_assignments`;
/*!40101 SET @saved_cs_client     = @@character_set_client */;
/*!50503 SET character_set_client = utf8mb4 */;
CREATE TABLE `patient_assignments` (
  `id` bigint unsigned NOT NULL AUTO_INCREMENT,
  `practitioner_user_id` bigint unsigned NOT NULL,
  `patient_user_id` bigint unsigned NOT NULL,
  `created_at` timestamp NULL DEFAULT NULL,
  `updated_at` timestamp NULL DEFAULT NULL,
  PRIMARY KEY (`id`),
  KEY `patient_assignments_practitioner_user_id_foreign` (`practitioner_user_id`),
  KEY `patient_assignments_patient_user_id_foreign` (`patient_user_id`),
  CONSTRAINT `patient_assignments_patient_user_id_foreign` FOREIGN KEY (`patient_user_id`) REFERENCES `users` (`id`) ON DELETE CASCADE,
  CONSTRAINT `patient_assignments_practitioner_user_id_foreign` FOREIGN KEY (`practitioner_user_id`) REFERENCES `users` (`id`) ON DELETE CASCADE
) ENGINE=InnoDB AUTO_INCREMENT=4 DEFAULT CHARSET=utf8mb4 COLLATE=utf8mb4_unicode_ci;
/*!40101 SET character_set_client = @saved_cs_client */;

--
-- Dumping data for table `patient_assignments`
--

LOCK TABLES `patient_assignments` WRITE;
/*!40000 ALTER TABLE `patient_assignments` DISABLE KEYS */;
INSERT INTO `patient_assignments` VALUES (1,4,37,'2025-03-17 10:21:11','2025-03-17 10:21:11'),(2,5,38,'2025-03-17 14:14:39','2025-03-17 14:14:39'),(3,6,39,'2025-03-17 15:12:24','2025-03-17 15:12:24');
/*!40000 ALTER TABLE `patient_assignments` ENABLE KEYS */;
UNLOCK TABLES;

--
-- Table structure for table `patient_data`
--

DROP TABLE IF EXISTS `patient_data`;
/*!40101 SET @saved_cs_client     = @@character_set_client */;
/*!50503 SET character_set_client = utf8mb4 */;
CREATE TABLE `patient_data` (
  `id` bigint unsigned NOT NULL AUTO_INCREMENT,
  `user_id` bigint unsigned NOT NULL,
  `birthday` date DEFAULT NULL,
  `region_id` bigint unsigned NOT NULL,
  `post_code` int DEFAULT NULL,
  `primary_phone` varchar(255) COLLATE utf8mb4_unicode_ci DEFAULT NULL,
  `secondary_phone` varchar(255) COLLATE utf8mb4_unicode_ci DEFAULT NULL,
  `accessible_mobility` tinyint(1) NOT NULL DEFAULT '0',
  `notes` text COLLATE utf8mb4_unicode_ci,
  `status` tinyint unsigned DEFAULT NULL,
  `is_military` tinyint unsigned NOT NULL DEFAULT '0',
  `military_status` smallint unsigned DEFAULT NULL,
  `created_at` timestamp NULL DEFAULT NULL,
  `updated_at` timestamp NULL DEFAULT NULL,
  PRIMARY KEY (`id`),
  KEY `patient_data_user_id_foreign` (`user_id`),
  KEY `patient_data_region_id_foreign` (`region_id`),
  CONSTRAINT `patient_data_region_id_foreign` FOREIGN KEY (`region_id`) REFERENCES `regions` (`id`) ON DELETE CASCADE,
  CONSTRAINT `patient_data_user_id_foreign` FOREIGN KEY (`user_id`) REFERENCES `users` (`id`) ON DELETE CASCADE
) ENGINE=InnoDB AUTO_INCREMENT=11 DEFAULT CHARSET=utf8mb4 COLLATE=utf8mb4_unicode_ci;
/*!40101 SET character_set_client = @saved_cs_client */;

--
-- Dumping data for table `patient_data`
--

LOCK TABLES `patient_data` WRITE;
/*!40000 ALTER TABLE `patient_data` DISABLE KEYS */;
INSERT INTO `patient_data` VALUES (1,30,'1976-08-04',1,12345,'123456789','123456789',1,NULL,2,0,NULL,'2025-03-14 21:32:33','2025-03-14 21:37:31'),(2,31,'1976-08-04',1,12345,'123456789','123456789',1,NULL,4,0,NULL,'2025-03-14 21:32:34','2025-03-14 21:32:34'),(3,32,'1976-08-04',1,12345,'123456789','123456789',1,NULL,5,0,NULL,'2025-03-14 21:32:34','2025-03-14 21:32:34'),(4,33,'1976-08-04',1,12345,'123456789','123456789',1,NULL,6,0,NULL,'2025-03-14 21:32:34','2025-03-14 21:32:34'),(5,34,'1998-06-10',1,45675,'+38 4567 8990',NULL,0,NULL,1,0,NULL,'2025-03-17 09:41:14','2025-03-17 09:41:14'),(6,35,'1997-07-19',2,36894,'+38 7895 456903',NULL,0,NULL,1,0,NULL,'2025-03-17 09:50:05','2025-03-17 09:50:05'),(7,36,'1998-08-19',2,34578,'+38 45689 098690',NULL,0,NULL,1,0,NULL,'2025-03-17 10:04:23','2025-03-17 10:04:23'),(8,37,'1998-05-03',2,96738,'+38 6789 980473',NULL,0,NULL,3,0,NULL,'2025-03-17 10:09:51','2025-03-17 10:21:11'),(9,38,'1976-03-05',3,85039,'+38 6783 996495',NULL,1,'Wheelchair User',3,0,NULL,'2025-03-17 14:00:16','2025-03-17 14:14:39'),(10,39,'1970-03-22',4,69123,'+38 5690 668320',NULL,0,NULL,3,0,NULL,'2025-03-17 15:05:22','2025-03-17 15:12:24');
/*!40000 ALTER TABLE `patient_data` ENABLE KEYS */;
UNLOCK TABLES;

--
-- Table structure for table `permissions`
--

DROP TABLE IF EXISTS `permissions`;
/*!40101 SET @saved_cs_client     = @@character_set_client */;
/*!50503 SET character_set_client = utf8mb4 */;
CREATE TABLE `permissions` (
  `id` bigint unsigned NOT NULL AUTO_INCREMENT,
  `name` varchar(255) COLLATE utf8mb4_unicode_ci NOT NULL,
  `guard_name` varchar(255) COLLATE utf8mb4_unicode_ci NOT NULL,
  `description` varchar(255) COLLATE utf8mb4_unicode_ci DEFAULT NULL,
  `parent_id` bigint unsigned DEFAULT NULL,
  `sort` tinyint NOT NULL DEFAULT '1',
  `created_at` timestamp NULL DEFAULT NULL,
  `updated_at` timestamp NULL DEFAULT NULL,
  PRIMARY KEY (`id`),
  UNIQUE KEY `permissions_name_guard_name_unique` (`name`,`guard_name`),
  KEY `permissions_parent_id_foreign` (`parent_id`),
  CONSTRAINT `permissions_parent_id_foreign` FOREIGN KEY (`parent_id`) REFERENCES `permissions` (`id`) ON DELETE CASCADE
) ENGINE=InnoDB AUTO_INCREMENT=45 DEFAULT CHARSET=utf8mb4 COLLATE=utf8mb4_unicode_ci;
/*!40101 SET character_set_client = @saved_cs_client */;

--
-- Dumping data for table `permissions`
--

LOCK TABLES `permissions` WRITE;
/*!40000 ALTER TABLE `permissions` DISABLE KEYS */;
INSERT INTO `permissions` VALUES (1,'admin.access.user','web','All User Rights',NULL,1,'2025-03-14 21:32:24','2025-03-14 21:32:24'),(2,'admin.access.user.list','web','View Users',1,1,'2025-03-14 21:32:24','2025-03-14 21:32:24'),(3,'admin.access.user.deactivate','web','Deactivate Users',1,2,'2025-03-14 21:32:24','2025-03-14 21:32:24'),(4,'admin.access.user.reactivate','web','Re-Activate Users',1,3,'2025-03-14 21:32:24','2025-03-14 21:32:24'),(5,'admin.access.user.clear-session','web','Clear Session of User',1,4,'2025-03-14 21:32:24','2025-03-14 21:32:24'),(6,'admin.access.user.impersonate','web','Login as User',1,5,'2025-03-14 21:32:24','2025-03-14 21:32:24'),(7,'admin.access.user.change-password','web','Change User Password',1,6,'2025-03-14 21:32:24','2025-03-14 21:32:24'),(8,'admin.access.user.create','web','Create User',1,7,'2025-03-14 21:32:24','2025-03-14 21:32:24'),(9,'admin.access.user.edit','web','Edit User',1,8,'2025-03-14 21:32:24','2025-03-14 21:32:24'),(10,'admin.access.user.show','web','View User',1,9,'2025-03-14 21:32:24','2025-03-14 21:32:24'),(11,'admin.access.user.delete','web','Delete User',1,10,'2025-03-14 21:32:24','2025-03-14 21:32:24'),(20,'edit permissions','web','Edit Rights',NULL,1,'2025-03-14 21:32:24','2025-03-14 21:32:24'),(21,'crud roles','web','Crud Roles',NULL,1,'2025-03-14 21:32:24','2025-03-14 21:32:24'),(22,'view logs','web','View Logs',NULL,1,'2025-03-14 21:32:24','2025-03-14 21:32:24'),(30,'settings','web','Manage Settings',NULL,1,'2025-03-14 21:32:25','2025-03-14 21:32:25'),(31,'settings.view','web','View settings admin',30,1,'2025-03-14 21:32:25','2025-03-14 21:32:25'),(32,'settings.create','web','Create settings admin',30,2,'2025-03-14 21:32:25','2025-03-14 21:32:25'),(33,'settings.update','web','Edit settings admin',30,3,'2025-03-14 21:32:25','2025-03-14 21:32:25'),(34,'settings.delete','web','Delete settings admin',30,4,'2025-03-14 21:32:25','2025-03-14 21:32:25'),(35,'admin.tests','web','Manage Tests',NULL,1,'2025-03-14 21:32:25','2025-03-14 21:32:25'),(36,'admin.tests.view','web','View Test',35,1,'2025-03-14 21:32:25','2025-03-14 21:32:25'),(37,'admin.tests.create','web','Create Test',35,2,'2025-03-14 21:32:25','2025-03-14 21:32:25'),(38,'admin.tests.update','web','Edit Test',35,3,'2025-03-14 21:32:25','2025-03-14 21:32:25'),(39,'admin.tests.delete','web','Delete Test',35,4,'2025-03-14 21:32:25','2025-03-14 21:32:25'),(40,'admin.instructions.view','web','View Instruction',35,1,'2025-03-14 21:32:25','2025-03-14 21:32:25'),(41,'admin.instructions.create','web','Create Instruction',35,1,'2025-03-14 21:32:25','2025-03-14 21:32:25'),(42,'admin.instructions.update','web','Edit Instruction',35,1,'2025-03-14 21:32:25','2025-03-14 21:32:25'),(43,'admin.instructions.delete','web','Delete Instruction',35,1,'2025-03-14 21:32:25','2025-03-14 21:32:25'),(44,'api.view','web','Access API',NULL,1,'2025-03-14 21:32:25','2025-03-14 21:32:25');
/*!40000 ALTER TABLE `permissions` ENABLE KEYS */;
UNLOCK TABLES;

--
-- Table structure for table `personal_access_tokens`
--

DROP TABLE IF EXISTS `personal_access_tokens`;
/*!40101 SET @saved_cs_client     = @@character_set_client */;
/*!50503 SET character_set_client = utf8mb4 */;
CREATE TABLE `personal_access_tokens` (
  `id` bigint unsigned NOT NULL AUTO_INCREMENT,
  `tokenable_type` varchar(255) COLLATE utf8mb4_unicode_ci NOT NULL,
  `tokenable_id` bigint unsigned NOT NULL,
  `name` varchar(255) COLLATE utf8mb4_unicode_ci NOT NULL,
  `token` varchar(64) COLLATE utf8mb4_unicode_ci NOT NULL,
  `abilities` text COLLATE utf8mb4_unicode_ci,
  `last_used_at` timestamp NULL DEFAULT NULL,
  `expires_at` timestamp NULL DEFAULT NULL,
  `created_at` timestamp NULL DEFAULT NULL,
  `updated_at` timestamp NULL DEFAULT NULL,
  PRIMARY KEY (`id`),
  UNIQUE KEY `personal_access_tokens_token_unique` (`token`),
  KEY `personal_access_tokens_tokenable_type_tokenable_id_index` (`tokenable_type`,`tokenable_id`)
) ENGINE=InnoDB DEFAULT CHARSET=utf8mb4 COLLATE=utf8mb4_unicode_ci;
/*!40101 SET character_set_client = @saved_cs_client */;

--
-- Dumping data for table `personal_access_tokens`
--

LOCK TABLES `personal_access_tokens` WRITE;
/*!40000 ALTER TABLE `personal_access_tokens` DISABLE KEYS */;
/*!40000 ALTER TABLE `personal_access_tokens` ENABLE KEYS */;
UNLOCK TABLES;

--
-- Table structure for table `practitioners`
--

DROP TABLE IF EXISTS `practitioners`;
/*!40101 SET @saved_cs_client     = @@character_set_client */;
/*!50503 SET character_set_client = utf8mb4 */;
CREATE TABLE `practitioners` (
  `id` bigint unsigned NOT NULL AUTO_INCREMENT,
  `user_id` bigint unsigned NOT NULL,
  `region_id` bigint unsigned NOT NULL,
  `medical_type_id` bigint unsigned NOT NULL,
  `status` tinyint NOT NULL DEFAULT '1',
  `created_at` timestamp NULL DEFAULT NULL,
  `updated_at` timestamp NULL DEFAULT NULL,
  PRIMARY KEY (`id`),
  KEY `practitioners_user_id_foreign` (`user_id`),
  KEY `practitioners_region_id_foreign` (`region_id`),
  KEY `practitioners_medical_type_id_foreign` (`medical_type_id`),
  CONSTRAINT `practitioners_medical_type_id_foreign` FOREIGN KEY (`medical_type_id`) REFERENCES `medical_types` (`type_id`) ON DELETE CASCADE,
  CONSTRAINT `practitioners_region_id_foreign` FOREIGN KEY (`region_id`) REFERENCES `regions` (`id`) ON DELETE CASCADE,
  CONSTRAINT `practitioners_user_id_foreign` FOREIGN KEY (`user_id`) REFERENCES `users` (`id`) ON DELETE CASCADE
) ENGINE=InnoDB AUTO_INCREMENT=28 DEFAULT CHARSET=utf8mb4 COLLATE=utf8mb4_unicode_ci;
/*!40101 SET character_set_client = @saved_cs_client */;

--
-- Dumping data for table `practitioners`
--

LOCK TABLES `practitioners` WRITE;
/*!40000 ALTER TABLE `practitioners` DISABLE KEYS */;
INSERT INTO `practitioners` VALUES (1,3,1,6,1,'2025-03-14 21:32:25','2025-03-14 21:32:25'),(2,4,2,13,1,'2025-03-14 21:32:25','2025-03-14 21:32:25'),(3,5,3,8,1,'2025-03-14 21:32:26','2025-03-14 21:32:26'),(4,6,4,11,1,'2025-03-14 21:32:26','2025-03-14 21:32:26'),(5,7,5,11,1,'2025-03-14 21:32:26','2025-03-14 21:32:26'),(6,8,6,12,1,'2025-03-14 21:32:27','2025-03-14 21:32:27'),(7,9,7,6,1,'2025-03-14 21:32:27','2025-03-14 21:32:27'),(8,10,8,13,1,'2025-03-14 21:32:27','2025-03-14 21:32:27'),(9,11,9,8,1,'2025-03-14 21:32:28','2025-03-14 21:32:28'),(10,12,10,6,1,'2025-03-14 21:32:28','2025-03-14 21:32:28'),(11,13,11,5,1,'2025-03-14 21:32:28','2025-03-14 21:32:28'),(12,14,12,5,1,'2025-03-14 21:32:28','2025-03-14 21:32:28'),(13,15,13,3,1,'2025-03-14 21:32:29','2025-03-14 21:32:29'),(14,16,14,9,1,'2025-03-14 21:32:29','2025-03-14 21:32:29'),(15,17,15,2,1,'2025-03-14 21:32:29','2025-03-14 21:32:29'),(16,18,16,10,1,'2025-03-14 21:32:30','2025-03-14 21:32:30'),(17,19,17,3,1,'2025-03-14 21:32:30','2025-03-14 21:32:30'),(18,20,18,13,1,'2025-03-14 21:32:30','2025-03-14 21:32:30'),(19,21,19,10,1,'2025-03-14 21:32:31','2025-03-14 21:32:31'),(20,22,20,5,1,'2025-03-14 21:32:31','2025-03-14 21:32:31'),(21,23,21,8,1,'2025-03-14 21:32:31','2025-03-14 21:32:31'),(22,24,22,6,1,'2025-03-14 21:32:31','2025-03-14 21:32:31'),(23,25,23,1,1,'2025-03-14 21:32:32','2025-03-14 21:32:32'),(24,26,24,12,1,'2025-03-14 21:32:32','2025-03-14 21:32:32'),(25,27,25,6,1,'2025-03-14 21:32:32','2025-03-14 21:32:32'),(26,28,26,1,1,'2025-03-14 21:32:33','2025-03-14 21:32:33'),(27,29,27,10,1,'2025-03-14 21:32:33','2025-03-14 21:32:33');
/*!40000 ALTER TABLE `practitioners` ENABLE KEYS */;
UNLOCK TABLES;

--
-- Table structure for table `question_reference`
--

DROP TABLE IF EXISTS `question_reference`;
/*!40101 SET @saved_cs_client     = @@character_set_client */;
/*!50503 SET character_set_client = utf8mb4 */;
CREATE TABLE `question_reference` (
  `id` bigint unsigned NOT NULL AUTO_INCREMENT,
  `question_id` bigint unsigned NOT NULL,
  `reference_id` bigint unsigned NOT NULL,
  `created_at` timestamp NULL DEFAULT NULL,
  `updated_at` timestamp NULL DEFAULT NULL,
  PRIMARY KEY (`id`),
  KEY `question_reference_question_id_foreign` (`question_id`),
  KEY `question_reference_reference_id_foreign` (`reference_id`),
  CONSTRAINT `question_reference_question_id_foreign` FOREIGN KEY (`question_id`) REFERENCES `questions` (`id`) ON DELETE CASCADE,
  CONSTRAINT `question_reference_reference_id_foreign` FOREIGN KEY (`reference_id`) REFERENCES `references` (`id`) ON DELETE CASCADE
) ENGINE=InnoDB AUTO_INCREMENT=1833 DEFAULT CHARSET=utf8mb4 COLLATE=utf8mb4_unicode_ci;
/*!40101 SET character_set_client = @saved_cs_client */;

--
-- Dumping data for table `question_reference`
--

LOCK TABLES `question_reference` WRITE;
/*!40000 ALTER TABLE `question_reference` DISABLE KEYS */;
INSERT INTO `question_reference` VALUES (1,17,73,NULL,NULL),(2,17,74,NULL,NULL),(3,17,75,NULL,NULL),(4,17,76,NULL,NULL),(5,17,77,NULL,NULL),(6,17,78,NULL,NULL),(7,17,79,NULL,NULL),(8,18,73,NULL,NULL),(9,18,74,NULL,NULL),(10,18,75,NULL,NULL),(11,18,76,NULL,NULL),(12,18,77,NULL,NULL),(13,18,78,NULL,NULL),(14,18,79,NULL,NULL),(15,19,73,NULL,NULL),(16,19,74,NULL,NULL),(17,19,75,NULL,NULL),(18,19,76,NULL,NULL),(19,19,77,NULL,NULL),(20,19,78,NULL,NULL),(21,19,79,NULL,NULL),(22,20,73,NULL,NULL),(23,20,74,NULL,NULL),(24,20,75,NULL,NULL),(25,20,76,NULL,NULL),(26,20,77,NULL,NULL),(27,20,78,NULL,NULL),(28,20,79,NULL,NULL),(29,21,73,NULL,NULL),(30,21,74,NULL,NULL),(31,21,75,NULL,NULL),(32,21,76,NULL,NULL),(33,21,77,NULL,NULL),(34,21,78,NULL,NULL),(35,21,79,NULL,NULL),(36,22,73,NULL,NULL),(37,22,74,NULL,NULL),(38,22,75,NULL,NULL),(39,22,76,NULL,NULL),(40,22,77,NULL,NULL),(41,22,78,NULL,NULL),(42,22,79,NULL,NULL),(43,23,73,NULL,NULL),(44,23,74,NULL,NULL),(45,23,75,NULL,NULL),(46,23,76,NULL,NULL),(47,23,77,NULL,NULL),(48,23,78,NULL,NULL),(49,23,79,NULL,NULL),(50,24,73,NULL,NULL),(51,24,74,NULL,NULL),(52,24,75,NULL,NULL),(53,24,76,NULL,NULL),(54,24,77,NULL,NULL),(55,24,78,NULL,NULL),(56,24,79,NULL,NULL),(57,25,73,NULL,NULL),(58,25,74,NULL,NULL),(59,25,75,NULL,NULL),(60,25,76,NULL,NULL),(61,25,77,NULL,NULL),(62,25,78,NULL,NULL),(63,25,79,NULL,NULL),(64,26,73,NULL,NULL),(65,26,74,NULL,NULL),(66,26,75,NULL,NULL),(67,26,76,NULL,NULL),(68,26,77,NULL,NULL),(69,26,78,NULL,NULL),(70,26,79,NULL,NULL),(71,27,73,NULL,NULL),(72,27,74,NULL,NULL),(73,27,75,NULL,NULL),(74,27,76,NULL,NULL),(75,27,77,NULL,NULL),(76,27,78,NULL,NULL),(77,27,79,NULL,NULL),(78,28,73,NULL,NULL),(79,28,74,NULL,NULL),(80,28,75,NULL,NULL),(81,28,76,NULL,NULL),(82,28,77,NULL,NULL),(83,28,78,NULL,NULL),(84,28,79,NULL,NULL),(85,29,73,NULL,NULL),(86,29,74,NULL,NULL),(87,29,75,NULL,NULL),(88,29,76,NULL,NULL),(89,29,77,NULL,NULL),(90,29,78,NULL,NULL),(91,29,79,NULL,NULL),(92,30,73,NULL,NULL),(93,30,74,NULL,NULL),(94,30,75,NULL,NULL),(95,30,76,NULL,NULL),(96,30,77,NULL,NULL),(97,30,78,NULL,NULL),(98,30,79,NULL,NULL),(99,31,73,NULL,NULL),(100,31,74,NULL,NULL),(101,31,75,NULL,NULL),(102,31,76,NULL,NULL),(103,31,77,NULL,NULL),(104,31,78,NULL,NULL),(105,31,79,NULL,NULL),(106,32,73,NULL,NULL),(107,32,74,NULL,NULL),(108,32,75,NULL,NULL),(109,32,76,NULL,NULL),(110,32,77,NULL,NULL),(111,32,78,NULL,NULL),(112,32,79,NULL,NULL),(113,33,73,NULL,NULL),(114,33,74,NULL,NULL),(115,33,75,NULL,NULL),(116,33,76,NULL,NULL),(117,33,77,NULL,NULL),(118,33,78,NULL,NULL),(119,33,79,NULL,NULL),(120,38,1,NULL,NULL),(121,38,2,NULL,NULL),(122,38,3,NULL,NULL),(123,38,4,NULL,NULL),(124,38,5,NULL,NULL),(125,38,6,NULL,NULL),(126,38,7,NULL,NULL),(127,38,8,NULL,NULL),(128,39,1,NULL,NULL),(129,39,2,NULL,NULL),(130,39,3,NULL,NULL),(131,39,4,NULL,NULL),(132,39,5,NULL,NULL),(133,39,6,NULL,NULL),(134,39,7,NULL,NULL),(135,39,8,NULL,NULL),(136,40,9,NULL,NULL),(137,40,10,NULL,NULL),(138,40,11,NULL,NULL),(139,40,12,NULL,NULL),(140,40,13,NULL,NULL),(141,41,9,NULL,NULL),(142,41,10,NULL,NULL),(143,41,11,NULL,NULL),(144,41,12,NULL,NULL),(145,41,13,NULL,NULL),(146,42,9,NULL,NULL),(147,42,10,NULL,NULL),(148,42,11,NULL,NULL),(149,42,12,NULL,NULL),(150,42,13,NULL,NULL),(151,43,9,NULL,NULL),(152,43,10,NULL,NULL),(153,43,11,NULL,NULL),(154,43,12,NULL,NULL),(155,43,13,NULL,NULL),(156,44,9,NULL,NULL),(157,44,10,NULL,NULL),(158,44,11,NULL,NULL),(159,44,12,NULL,NULL),(160,44,13,NULL,NULL),(161,45,9,NULL,NULL),(162,45,10,NULL,NULL),(163,45,11,NULL,NULL),(164,45,12,NULL,NULL),(165,45,13,NULL,NULL),(166,46,9,NULL,NULL),(167,46,10,NULL,NULL),(168,46,11,NULL,NULL),(169,46,12,NULL,NULL),(170,46,13,NULL,NULL),(171,47,9,NULL,NULL),(172,47,10,NULL,NULL),(173,47,11,NULL,NULL),(174,47,12,NULL,NULL),(175,47,13,NULL,NULL),(176,48,9,NULL,NULL),(177,48,10,NULL,NULL),(178,48,11,NULL,NULL),(179,48,12,NULL,NULL),(180,48,13,NULL,NULL),(181,49,9,NULL,NULL),(182,49,10,NULL,NULL),(183,49,11,NULL,NULL),(184,49,12,NULL,NULL),(185,49,13,NULL,NULL),(186,50,9,NULL,NULL),(187,50,10,NULL,NULL),(188,50,11,NULL,NULL),(189,50,12,NULL,NULL),(190,50,13,NULL,NULL),(191,51,9,NULL,NULL),(192,51,10,NULL,NULL),(193,51,11,NULL,NULL),(194,51,12,NULL,NULL),(195,51,13,NULL,NULL),(196,52,9,NULL,NULL),(197,52,10,NULL,NULL),(198,52,11,NULL,NULL),(199,52,12,NULL,NULL),(200,52,13,NULL,NULL),(201,53,9,NULL,NULL),(202,53,10,NULL,NULL),(203,53,11,NULL,NULL),(204,53,12,NULL,NULL),(205,53,13,NULL,NULL),(206,54,9,NULL,NULL),(207,54,10,NULL,NULL),(208,54,11,NULL,NULL),(209,54,12,NULL,NULL),(210,54,13,NULL,NULL),(211,55,9,NULL,NULL),(212,55,10,NULL,NULL),(213,55,11,NULL,NULL),(214,55,12,NULL,NULL),(215,55,13,NULL,NULL),(216,56,9,NULL,NULL),(217,56,10,NULL,NULL),(218,56,11,NULL,NULL),(219,56,12,NULL,NULL),(220,56,13,NULL,NULL),(221,57,9,NULL,NULL),(222,57,10,NULL,NULL),(223,57,11,NULL,NULL),(224,57,12,NULL,NULL),(225,57,13,NULL,NULL),(226,58,9,NULL,NULL),(227,58,10,NULL,NULL),(228,58,11,NULL,NULL),(229,58,12,NULL,NULL),(230,58,13,NULL,NULL),(231,59,9,NULL,NULL),(232,59,10,NULL,NULL),(233,59,11,NULL,NULL),(234,59,12,NULL,NULL),(235,59,13,NULL,NULL),(236,60,14,NULL,NULL),(237,60,15,NULL,NULL),(238,60,16,NULL,NULL),(239,60,17,NULL,NULL),(240,60,18,NULL,NULL),(241,60,19,NULL,NULL),(242,60,20,NULL,NULL),(243,60,21,NULL,NULL),(244,61,14,NULL,NULL),(245,61,15,NULL,NULL),(246,61,16,NULL,NULL),(247,61,17,NULL,NULL),(248,61,18,NULL,NULL),(249,61,19,NULL,NULL),(250,61,20,NULL,NULL),(251,61,21,NULL,NULL),(252,62,14,NULL,NULL),(253,62,15,NULL,NULL),(254,62,16,NULL,NULL),(255,62,17,NULL,NULL),(256,62,18,NULL,NULL),(257,62,19,NULL,NULL),(258,62,20,NULL,NULL),(259,62,21,NULL,NULL),(260,63,14,NULL,NULL),(261,63,15,NULL,NULL),(262,63,16,NULL,NULL),(263,63,17,NULL,NULL),(264,63,18,NULL,NULL),(265,63,19,NULL,NULL),(266,63,20,NULL,NULL),(267,63,21,NULL,NULL),(268,64,14,NULL,NULL),(269,64,15,NULL,NULL),(270,64,16,NULL,NULL),(271,64,17,NULL,NULL),(272,64,18,NULL,NULL),(273,64,19,NULL,NULL),(274,64,20,NULL,NULL),(275,64,21,NULL,NULL),(276,65,14,NULL,NULL),(277,65,15,NULL,NULL),(278,65,16,NULL,NULL),(279,65,17,NULL,NULL),(280,65,18,NULL,NULL),(281,65,19,NULL,NULL),(282,65,20,NULL,NULL),(283,65,21,NULL,NULL),(284,66,14,NULL,NULL),(285,66,15,NULL,NULL),(286,66,16,NULL,NULL),(287,66,17,NULL,NULL),(288,66,18,NULL,NULL),(289,66,19,NULL,NULL),(290,66,20,NULL,NULL),(291,66,21,NULL,NULL),(292,67,14,NULL,NULL),(293,67,15,NULL,NULL),(294,67,16,NULL,NULL),(295,67,17,NULL,NULL),(296,67,18,NULL,NULL),(297,67,19,NULL,NULL),(298,67,20,NULL,NULL),(299,67,21,NULL,NULL),(300,68,14,NULL,NULL),(301,68,15,NULL,NULL),(302,68,16,NULL,NULL),(303,68,17,NULL,NULL),(304,68,18,NULL,NULL),(305,68,19,NULL,NULL),(306,68,20,NULL,NULL),(307,68,21,NULL,NULL),(308,69,14,NULL,NULL),(309,69,15,NULL,NULL),(310,69,16,NULL,NULL),(311,69,17,NULL,NULL),(312,69,18,NULL,NULL),(313,69,19,NULL,NULL),(314,69,20,NULL,NULL),(315,69,21,NULL,NULL),(316,70,14,NULL,NULL),(317,70,15,NULL,NULL),(318,70,16,NULL,NULL),(319,70,17,NULL,NULL),(320,70,18,NULL,NULL),(321,70,19,NULL,NULL),(322,70,20,NULL,NULL),(323,70,21,NULL,NULL),(324,71,14,NULL,NULL),(325,71,15,NULL,NULL),(326,71,16,NULL,NULL),(327,71,17,NULL,NULL),(328,71,18,NULL,NULL),(329,71,19,NULL,NULL),(330,71,20,NULL,NULL),(331,71,21,NULL,NULL),(332,72,14,NULL,NULL),(333,72,15,NULL,NULL),(334,72,16,NULL,NULL),(335,72,17,NULL,NULL),(336,72,18,NULL,NULL),(337,72,19,NULL,NULL),(338,72,20,NULL,NULL),(339,72,21,NULL,NULL),(340,73,14,NULL,NULL),(341,73,15,NULL,NULL),(342,73,16,NULL,NULL),(343,73,17,NULL,NULL),(344,73,18,NULL,NULL),(345,73,19,NULL,NULL),(346,73,20,NULL,NULL),(347,73,21,NULL,NULL),(348,74,14,NULL,NULL),(349,74,15,NULL,NULL),(350,74,16,NULL,NULL),(351,74,17,NULL,NULL),(352,74,18,NULL,NULL),(353,74,19,NULL,NULL),(354,74,20,NULL,NULL),(355,74,21,NULL,NULL),(356,75,14,NULL,NULL),(357,75,15,NULL,NULL),(358,75,16,NULL,NULL),(359,75,17,NULL,NULL),(360,75,18,NULL,NULL),(361,75,19,NULL,NULL),(362,75,20,NULL,NULL),(363,75,21,NULL,NULL),(364,76,14,NULL,NULL),(365,76,15,NULL,NULL),(366,76,16,NULL,NULL),(367,76,17,NULL,NULL),(368,76,18,NULL,NULL),(369,76,19,NULL,NULL),(370,76,20,NULL,NULL),(371,76,21,NULL,NULL),(372,77,14,NULL,NULL),(373,77,15,NULL,NULL),(374,77,16,NULL,NULL),(375,77,17,NULL,NULL),(376,77,18,NULL,NULL),(377,77,19,NULL,NULL),(378,77,20,NULL,NULL),(379,77,21,NULL,NULL),(380,78,14,NULL,NULL),(381,78,15,NULL,NULL),(382,78,16,NULL,NULL),(383,78,17,NULL,NULL),(384,78,18,NULL,NULL),(385,78,19,NULL,NULL),(386,78,20,NULL,NULL),(387,78,21,NULL,NULL),(388,79,14,NULL,NULL),(389,79,15,NULL,NULL),(390,79,16,NULL,NULL),(391,79,17,NULL,NULL),(392,79,18,NULL,NULL),(393,79,19,NULL,NULL),(394,79,20,NULL,NULL),(395,79,21,NULL,NULL),(396,80,14,NULL,NULL),(397,80,15,NULL,NULL),(398,80,16,NULL,NULL),(399,80,17,NULL,NULL),(400,80,18,NULL,NULL),(401,80,19,NULL,NULL),(402,80,20,NULL,NULL),(403,80,21,NULL,NULL),(404,81,14,NULL,NULL),(405,81,15,NULL,NULL),(406,81,16,NULL,NULL),(407,81,17,NULL,NULL),(408,81,18,NULL,NULL),(409,81,19,NULL,NULL),(410,81,20,NULL,NULL),(411,81,21,NULL,NULL),(412,82,14,NULL,NULL),(413,82,15,NULL,NULL),(414,82,16,NULL,NULL),(415,82,17,NULL,NULL),(416,82,18,NULL,NULL),(417,82,19,NULL,NULL),(418,82,20,NULL,NULL),(419,82,21,NULL,NULL),(420,83,14,NULL,NULL),(421,83,15,NULL,NULL),(422,83,16,NULL,NULL),(423,83,17,NULL,NULL),(424,83,18,NULL,NULL),(425,83,19,NULL,NULL),(426,83,20,NULL,NULL),(427,83,21,NULL,NULL),(428,84,14,NULL,NULL),(429,84,15,NULL,NULL),(430,84,16,NULL,NULL),(431,84,17,NULL,NULL),(432,84,18,NULL,NULL),(433,84,19,NULL,NULL),(434,84,20,NULL,NULL),(435,84,21,NULL,NULL),(436,85,14,NULL,NULL),(437,85,15,NULL,NULL),(438,85,16,NULL,NULL),(439,85,17,NULL,NULL),(440,85,18,NULL,NULL),(441,85,19,NULL,NULL),(442,85,20,NULL,NULL),(443,85,21,NULL,NULL),(444,86,14,NULL,NULL),(445,86,15,NULL,NULL),(446,86,16,NULL,NULL),(447,86,17,NULL,NULL),(448,86,18,NULL,NULL),(449,86,19,NULL,NULL),(450,86,20,NULL,NULL),(451,86,21,NULL,NULL),(452,87,14,NULL,NULL),(453,87,15,NULL,NULL),(454,87,16,NULL,NULL),(455,87,17,NULL,NULL),(456,87,18,NULL,NULL),(457,87,19,NULL,NULL),(458,87,20,NULL,NULL),(459,87,21,NULL,NULL),(460,88,14,NULL,NULL),(461,88,15,NULL,NULL),(462,88,16,NULL,NULL),(463,88,17,NULL,NULL),(464,88,18,NULL,NULL),(465,88,19,NULL,NULL),(466,88,20,NULL,NULL),(467,88,21,NULL,NULL),(468,89,14,NULL,NULL),(469,89,15,NULL,NULL),(470,89,16,NULL,NULL),(471,89,17,NULL,NULL),(472,89,18,NULL,NULL),(473,89,19,NULL,NULL),(474,89,20,NULL,NULL),(475,89,21,NULL,NULL),(476,90,1,NULL,NULL),(477,90,2,NULL,NULL),(478,90,3,NULL,NULL),(479,90,4,NULL,NULL),(480,90,5,NULL,NULL),(481,90,6,NULL,NULL),(482,90,7,NULL,NULL),(483,90,8,NULL,NULL),(484,91,1,NULL,NULL),(485,91,2,NULL,NULL),(486,91,3,NULL,NULL),(487,91,4,NULL,NULL),(488,91,5,NULL,NULL),(489,91,6,NULL,NULL),(490,91,7,NULL,NULL),(491,91,8,NULL,NULL),(492,92,1,NULL,NULL),(493,92,2,NULL,NULL),(494,92,3,NULL,NULL),(495,92,4,NULL,NULL),(496,92,5,NULL,NULL),(497,92,6,NULL,NULL),(498,92,7,NULL,NULL),(499,92,8,NULL,NULL),(500,93,1,NULL,NULL),(501,93,2,NULL,NULL),(502,93,3,NULL,NULL),(503,93,4,NULL,NULL),(504,93,5,NULL,NULL),(505,93,6,NULL,NULL),(506,93,7,NULL,NULL),(507,93,8,NULL,NULL),(508,94,1,NULL,NULL),(509,94,2,NULL,NULL),(510,94,3,NULL,NULL),(511,94,4,NULL,NULL),(512,94,5,NULL,NULL),(513,94,6,NULL,NULL),(514,94,7,NULL,NULL),(515,94,8,NULL,NULL),(516,95,1,NULL,NULL),(517,95,2,NULL,NULL),(518,95,3,NULL,NULL),(519,95,4,NULL,NULL),(520,95,5,NULL,NULL),(521,95,6,NULL,NULL),(522,95,7,NULL,NULL),(523,95,8,NULL,NULL),(524,96,1,NULL,NULL),(525,96,2,NULL,NULL),(526,96,3,NULL,NULL),(527,96,4,NULL,NULL),(528,96,5,NULL,NULL),(529,96,6,NULL,NULL),(530,96,7,NULL,NULL),(531,96,8,NULL,NULL),(532,97,1,NULL,NULL),(533,97,2,NULL,NULL),(534,97,3,NULL,NULL),(535,97,4,NULL,NULL),(536,97,5,NULL,NULL),(537,97,6,NULL,NULL),(538,97,7,NULL,NULL),(539,97,8,NULL,NULL),(540,98,1,NULL,NULL),(541,98,2,NULL,NULL),(542,98,3,NULL,NULL),(543,98,4,NULL,NULL),(544,98,5,NULL,NULL),(545,98,6,NULL,NULL),(546,98,7,NULL,NULL),(547,98,8,NULL,NULL),(548,99,1,NULL,NULL),(549,99,2,NULL,NULL),(550,99,3,NULL,NULL),(551,99,4,NULL,NULL),(552,99,5,NULL,NULL),(553,99,6,NULL,NULL),(554,99,7,NULL,NULL),(555,99,8,NULL,NULL),(556,100,1,NULL,NULL),(557,100,2,NULL,NULL),(558,100,3,NULL,NULL),(559,100,4,NULL,NULL),(560,100,5,NULL,NULL),(561,100,6,NULL,NULL),(562,100,7,NULL,NULL),(563,100,8,NULL,NULL),(564,101,1,NULL,NULL),(565,101,2,NULL,NULL),(566,101,3,NULL,NULL),(567,101,4,NULL,NULL),(568,101,5,NULL,NULL),(569,101,6,NULL,NULL),(570,101,7,NULL,NULL),(571,101,8,NULL,NULL),(572,102,1,NULL,NULL),(573,102,2,NULL,NULL),(574,102,3,NULL,NULL),(575,102,4,NULL,NULL),(576,102,5,NULL,NULL),(577,102,6,NULL,NULL),(578,102,7,NULL,NULL),(579,102,8,NULL,NULL),(580,103,1,NULL,NULL),(581,103,2,NULL,NULL),(582,103,3,NULL,NULL),(583,103,4,NULL,NULL),(584,103,5,NULL,NULL),(585,103,6,NULL,NULL),(586,103,7,NULL,NULL),(587,103,8,NULL,NULL),(588,104,1,NULL,NULL),(589,104,2,NULL,NULL),(590,104,3,NULL,NULL),(591,104,4,NULL,NULL),(592,104,5,NULL,NULL),(593,104,6,NULL,NULL),(594,104,7,NULL,NULL),(595,104,8,NULL,NULL),(596,105,1,NULL,NULL),(597,105,2,NULL,NULL),(598,105,3,NULL,NULL),(599,105,4,NULL,NULL),(600,105,5,NULL,NULL),(601,105,6,NULL,NULL),(602,105,7,NULL,NULL),(603,105,8,NULL,NULL),(604,106,1,NULL,NULL),(605,106,2,NULL,NULL),(606,106,3,NULL,NULL),(607,106,4,NULL,NULL),(608,106,5,NULL,NULL),(609,106,6,NULL,NULL),(610,106,7,NULL,NULL),(611,106,8,NULL,NULL),(612,107,1,NULL,NULL),(613,107,2,NULL,NULL),(614,107,3,NULL,NULL),(615,107,4,NULL,NULL),(616,107,5,NULL,NULL),(617,107,6,NULL,NULL),(618,107,7,NULL,NULL),(619,107,8,NULL,NULL),(620,111,22,NULL,NULL),(621,111,23,NULL,NULL),(622,111,24,NULL,NULL),(623,111,25,NULL,NULL),(624,111,26,NULL,NULL),(625,111,27,NULL,NULL),(626,111,28,NULL,NULL),(627,112,22,NULL,NULL),(628,112,23,NULL,NULL),(629,112,24,NULL,NULL),(630,112,25,NULL,NULL),(631,112,26,NULL,NULL),(632,112,27,NULL,NULL),(633,112,28,NULL,NULL),(634,113,22,NULL,NULL),(635,113,23,NULL,NULL),(636,113,24,NULL,NULL),(637,113,25,NULL,NULL),(638,113,26,NULL,NULL),(639,113,27,NULL,NULL),(640,113,28,NULL,NULL),(641,114,22,NULL,NULL),(642,114,23,NULL,NULL),(643,114,24,NULL,NULL),(644,114,25,NULL,NULL),(645,114,26,NULL,NULL),(646,114,27,NULL,NULL),(647,114,28,NULL,NULL),(648,115,22,NULL,NULL),(649,115,23,NULL,NULL),(650,115,24,NULL,NULL),(651,115,25,NULL,NULL),(652,115,26,NULL,NULL),(653,115,27,NULL,NULL),(654,115,28,NULL,NULL),(655,116,22,NULL,NULL),(656,116,23,NULL,NULL),(657,116,24,NULL,NULL),(658,116,25,NULL,NULL),(659,116,26,NULL,NULL),(660,116,27,NULL,NULL),(661,116,28,NULL,NULL),(662,117,22,NULL,NULL),(663,117,23,NULL,NULL),(664,117,24,NULL,NULL),(665,117,25,NULL,NULL),(666,117,26,NULL,NULL),(667,117,27,NULL,NULL),(668,117,28,NULL,NULL),(669,118,22,NULL,NULL),(670,118,23,NULL,NULL),(671,118,24,NULL,NULL),(672,118,25,NULL,NULL),(673,118,26,NULL,NULL),(674,118,27,NULL,NULL),(675,118,28,NULL,NULL),(676,119,22,NULL,NULL),(677,119,23,NULL,NULL),(678,119,24,NULL,NULL),(679,119,25,NULL,NULL),(680,119,26,NULL,NULL),(681,119,27,NULL,NULL),(682,119,28,NULL,NULL),(683,120,22,NULL,NULL),(684,120,23,NULL,NULL),(685,120,24,NULL,NULL),(686,120,25,NULL,NULL),(687,120,26,NULL,NULL),(688,120,27,NULL,NULL),(689,120,28,NULL,NULL),(690,121,22,NULL,NULL),(691,121,23,NULL,NULL),(692,121,24,NULL,NULL),(693,121,25,NULL,NULL),(694,121,26,NULL,NULL),(695,121,27,NULL,NULL),(696,121,28,NULL,NULL),(697,122,22,NULL,NULL),(698,122,23,NULL,NULL),(699,122,24,NULL,NULL),(700,122,25,NULL,NULL),(701,122,26,NULL,NULL),(702,122,27,NULL,NULL),(703,122,28,NULL,NULL),(704,123,22,NULL,NULL),(705,123,23,NULL,NULL),(706,123,24,NULL,NULL),(707,123,25,NULL,NULL),(708,123,26,NULL,NULL),(709,123,27,NULL,NULL),(710,123,28,NULL,NULL),(711,124,22,NULL,NULL),(712,124,23,NULL,NULL),(713,124,24,NULL,NULL),(714,124,25,NULL,NULL),(715,124,26,NULL,NULL),(716,124,27,NULL,NULL),(717,124,28,NULL,NULL),(718,125,22,NULL,NULL),(719,125,23,NULL,NULL),(720,125,24,NULL,NULL),(721,125,25,NULL,NULL),(722,125,26,NULL,NULL),(723,125,27,NULL,NULL),(724,125,28,NULL,NULL),(725,126,22,NULL,NULL),(726,126,23,NULL,NULL),(727,126,24,NULL,NULL),(728,126,25,NULL,NULL),(729,126,26,NULL,NULL),(730,126,27,NULL,NULL),(731,126,28,NULL,NULL),(732,127,22,NULL,NULL),(733,127,23,NULL,NULL),(734,127,24,NULL,NULL),(735,127,25,NULL,NULL),(736,127,26,NULL,NULL),(737,127,27,NULL,NULL),(738,127,28,NULL,NULL),(739,128,22,NULL,NULL),(740,128,23,NULL,NULL),(741,128,24,NULL,NULL),(742,128,25,NULL,NULL),(743,128,26,NULL,NULL),(744,128,27,NULL,NULL),(745,128,28,NULL,NULL),(746,129,22,NULL,NULL),(747,129,23,NULL,NULL),(748,129,24,NULL,NULL),(749,129,25,NULL,NULL),(750,129,26,NULL,NULL),(751,129,27,NULL,NULL),(752,129,28,NULL,NULL),(753,130,22,NULL,NULL),(754,130,23,NULL,NULL),(755,130,24,NULL,NULL),(756,130,25,NULL,NULL),(757,130,26,NULL,NULL),(758,130,27,NULL,NULL),(759,130,28,NULL,NULL),(760,131,22,NULL,NULL),(761,131,23,NULL,NULL),(762,131,24,NULL,NULL),(763,131,25,NULL,NULL),(764,131,26,NULL,NULL),(765,131,27,NULL,NULL),(766,131,28,NULL,NULL),(767,132,22,NULL,NULL),(768,132,23,NULL,NULL),(769,132,24,NULL,NULL),(770,132,25,NULL,NULL),(771,132,26,NULL,NULL),(772,132,27,NULL,NULL),(773,132,28,NULL,NULL),(774,133,22,NULL,NULL),(775,133,23,NULL,NULL),(776,133,24,NULL,NULL),(777,133,25,NULL,NULL),(778,133,26,NULL,NULL),(779,133,27,NULL,NULL),(780,133,28,NULL,NULL),(781,134,22,NULL,NULL),(782,134,23,NULL,NULL),(783,134,24,NULL,NULL),(784,134,25,NULL,NULL),(785,134,26,NULL,NULL),(786,134,27,NULL,NULL),(787,134,28,NULL,NULL),(788,135,29,NULL,NULL),(789,135,30,NULL,NULL),(790,135,31,NULL,NULL),(791,135,32,NULL,NULL),(792,135,33,NULL,NULL),(793,135,34,NULL,NULL),(794,135,35,NULL,NULL),(795,135,36,NULL,NULL),(796,135,37,NULL,NULL),(797,135,38,NULL,NULL),(798,136,29,NULL,NULL),(799,136,30,NULL,NULL),(800,136,31,NULL,NULL),(801,136,32,NULL,NULL),(802,136,33,NULL,NULL),(803,136,34,NULL,NULL),(804,136,35,NULL,NULL),(805,136,36,NULL,NULL),(806,136,37,NULL,NULL),(807,136,38,NULL,NULL),(808,137,29,NULL,NULL),(809,137,30,NULL,NULL),(810,137,31,NULL,NULL),(811,137,32,NULL,NULL),(812,137,33,NULL,NULL),(813,137,34,NULL,NULL),(814,137,35,NULL,NULL),(815,137,36,NULL,NULL),(816,137,37,NULL,NULL),(817,137,38,NULL,NULL),(818,138,29,NULL,NULL),(819,138,30,NULL,NULL),(820,138,31,NULL,NULL),(821,138,32,NULL,NULL),(822,138,33,NULL,NULL),(823,138,34,NULL,NULL),(824,138,35,NULL,NULL),(825,138,36,NULL,NULL),(826,138,37,NULL,NULL),(827,138,38,NULL,NULL),(828,139,29,NULL,NULL),(829,139,30,NULL,NULL),(830,139,31,NULL,NULL),(831,139,32,NULL,NULL),(832,139,33,NULL,NULL),(833,139,34,NULL,NULL),(834,139,35,NULL,NULL),(835,139,36,NULL,NULL),(836,139,37,NULL,NULL),(837,139,38,NULL,NULL),(838,140,29,NULL,NULL),(839,140,30,NULL,NULL),(840,140,31,NULL,NULL),(841,140,32,NULL,NULL),(842,140,33,NULL,NULL),(843,140,34,NULL,NULL),(844,140,35,NULL,NULL),(845,140,36,NULL,NULL),(846,140,37,NULL,NULL),(847,140,38,NULL,NULL),(848,141,29,NULL,NULL),(849,141,30,NULL,NULL),(850,141,31,NULL,NULL),(851,141,32,NULL,NULL),(852,141,33,NULL,NULL),(853,141,34,NULL,NULL),(854,141,35,NULL,NULL),(855,141,36,NULL,NULL),(856,141,37,NULL,NULL),(857,141,38,NULL,NULL),(858,142,29,NULL,NULL),(859,142,30,NULL,NULL),(860,142,31,NULL,NULL),(861,142,32,NULL,NULL),(862,142,33,NULL,NULL),(863,142,34,NULL,NULL),(864,142,35,NULL,NULL),(865,142,36,NULL,NULL),(866,142,37,NULL,NULL),(867,142,38,NULL,NULL),(868,143,29,NULL,NULL),(869,143,30,NULL,NULL),(870,143,31,NULL,NULL),(871,143,32,NULL,NULL),(872,143,33,NULL,NULL),(873,143,34,NULL,NULL),(874,143,35,NULL,NULL),(875,143,36,NULL,NULL),(876,143,37,NULL,NULL),(877,143,38,NULL,NULL),(878,144,29,NULL,NULL),(879,144,30,NULL,NULL),(880,144,31,NULL,NULL),(881,144,32,NULL,NULL),(882,144,33,NULL,NULL),(883,144,34,NULL,NULL),(884,144,35,NULL,NULL),(885,144,36,NULL,NULL),(886,144,37,NULL,NULL),(887,144,38,NULL,NULL),(888,145,29,NULL,NULL),(889,145,30,NULL,NULL),(890,145,31,NULL,NULL),(891,145,32,NULL,NULL),(892,145,33,NULL,NULL),(893,145,34,NULL,NULL),(894,145,35,NULL,NULL),(895,145,36,NULL,NULL),(896,145,37,NULL,NULL),(897,145,38,NULL,NULL),(898,146,29,NULL,NULL),(899,146,30,NULL,NULL),(900,146,31,NULL,NULL),(901,146,32,NULL,NULL),(902,146,33,NULL,NULL),(903,146,34,NULL,NULL),(904,146,35,NULL,NULL),(905,146,36,NULL,NULL),(906,146,37,NULL,NULL),(907,146,38,NULL,NULL),(908,147,29,NULL,NULL),(909,147,30,NULL,NULL),(910,147,31,NULL,NULL),(911,147,32,NULL,NULL),(912,147,33,NULL,NULL),(913,147,34,NULL,NULL),(914,147,35,NULL,NULL),(915,147,36,NULL,NULL),(916,147,37,NULL,NULL),(917,147,38,NULL,NULL),(918,148,29,NULL,NULL),(919,148,30,NULL,NULL),(920,148,31,NULL,NULL),(921,148,32,NULL,NULL),(922,148,33,NULL,NULL),(923,148,34,NULL,NULL),(924,148,35,NULL,NULL),(925,148,36,NULL,NULL),(926,148,37,NULL,NULL),(927,148,38,NULL,NULL),(928,149,29,NULL,NULL),(929,149,30,NULL,NULL),(930,149,31,NULL,NULL),(931,149,32,NULL,NULL),(932,149,33,NULL,NULL),(933,149,34,NULL,NULL),(934,149,35,NULL,NULL),(935,149,36,NULL,NULL),(936,149,37,NULL,NULL),(937,149,38,NULL,NULL),(938,150,29,NULL,NULL),(939,150,30,NULL,NULL),(940,150,31,NULL,NULL),(941,150,32,NULL,NULL),(942,150,33,NULL,NULL),(943,150,34,NULL,NULL),(944,150,35,NULL,NULL),(945,150,36,NULL,NULL),(946,150,37,NULL,NULL),(947,150,38,NULL,NULL),(948,151,29,NULL,NULL),(949,151,30,NULL,NULL),(950,151,31,NULL,NULL),(951,151,32,NULL,NULL),(952,151,33,NULL,NULL),(953,151,34,NULL,NULL),(954,151,35,NULL,NULL),(955,151,36,NULL,NULL),(956,151,37,NULL,NULL),(957,151,38,NULL,NULL),(958,152,29,NULL,NULL),(959,152,30,NULL,NULL),(960,152,31,NULL,NULL),(961,152,32,NULL,NULL),(962,152,33,NULL,NULL),(963,152,34,NULL,NULL),(964,152,35,NULL,NULL),(965,152,36,NULL,NULL),(966,152,37,NULL,NULL),(967,152,38,NULL,NULL),(968,153,29,NULL,NULL),(969,153,30,NULL,NULL),(970,153,31,NULL,NULL),(971,153,32,NULL,NULL),(972,153,33,NULL,NULL),(973,153,34,NULL,NULL),(974,153,35,NULL,NULL),(975,153,36,NULL,NULL),(976,153,37,NULL,NULL),(977,153,38,NULL,NULL),(978,154,29,NULL,NULL),(979,154,30,NULL,NULL),(980,154,31,NULL,NULL),(981,154,32,NULL,NULL),(982,154,33,NULL,NULL),(983,154,34,NULL,NULL),(984,154,35,NULL,NULL),(985,154,36,NULL,NULL),(986,154,37,NULL,NULL),(987,154,38,NULL,NULL),(988,155,29,NULL,NULL),(989,155,30,NULL,NULL),(990,155,31,NULL,NULL),(991,155,32,NULL,NULL),(992,155,33,NULL,NULL),(993,155,34,NULL,NULL),(994,155,35,NULL,NULL),(995,155,36,NULL,NULL),(996,155,37,NULL,NULL),(997,155,38,NULL,NULL),(998,156,29,NULL,NULL),(999,156,30,NULL,NULL),(1000,156,31,NULL,NULL),(1001,156,32,NULL,NULL),(1002,156,33,NULL,NULL),(1003,156,34,NULL,NULL),(1004,156,35,NULL,NULL),(1005,156,36,NULL,NULL),(1006,156,37,NULL,NULL),(1007,156,38,NULL,NULL),(1008,157,29,NULL,NULL),(1009,157,30,NULL,NULL),(1010,157,31,NULL,NULL),(1011,157,32,NULL,NULL),(1012,157,33,NULL,NULL),(1013,157,34,NULL,NULL),(1014,157,35,NULL,NULL),(1015,157,36,NULL,NULL),(1016,157,37,NULL,NULL),(1017,157,38,NULL,NULL),(1018,158,29,NULL,NULL),(1019,158,30,NULL,NULL),(1020,158,31,NULL,NULL),(1021,158,32,NULL,NULL),(1022,158,33,NULL,NULL),(1023,158,34,NULL,NULL),(1024,158,35,NULL,NULL),(1025,158,36,NULL,NULL),(1026,158,37,NULL,NULL),(1027,158,38,NULL,NULL),(1028,159,39,NULL,NULL),(1029,159,40,NULL,NULL),(1030,159,41,NULL,NULL),(1031,159,42,NULL,NULL),(1032,159,43,NULL,NULL),(1033,160,39,NULL,NULL),(1034,160,40,NULL,NULL),(1035,160,41,NULL,NULL),(1036,160,42,NULL,NULL),(1037,160,43,NULL,NULL),(1038,161,39,NULL,NULL),(1039,161,40,NULL,NULL),(1040,161,41,NULL,NULL),(1041,161,42,NULL,NULL),(1042,161,43,NULL,NULL),(1043,162,39,NULL,NULL),(1044,162,40,NULL,NULL),(1045,162,41,NULL,NULL),(1046,162,42,NULL,NULL),(1047,162,43,NULL,NULL),(1048,163,39,NULL,NULL),(1049,163,40,NULL,NULL),(1050,163,41,NULL,NULL),(1051,163,42,NULL,NULL),(1052,163,43,NULL,NULL),(1053,164,39,NULL,NULL),(1054,164,40,NULL,NULL),(1055,164,41,NULL,NULL),(1056,164,42,NULL,NULL),(1057,164,43,NULL,NULL),(1058,165,39,NULL,NULL),(1059,165,40,NULL,NULL),(1060,165,41,NULL,NULL),(1061,165,42,NULL,NULL),(1062,165,43,NULL,NULL),(1063,166,39,NULL,NULL),(1064,166,40,NULL,NULL),(1065,166,41,NULL,NULL),(1066,166,42,NULL,NULL),(1067,166,43,NULL,NULL),(1068,167,39,NULL,NULL),(1069,167,40,NULL,NULL),(1070,167,41,NULL,NULL),(1071,167,42,NULL,NULL),(1072,167,43,NULL,NULL),(1073,168,39,NULL,NULL),(1074,168,40,NULL,NULL),(1075,168,41,NULL,NULL),(1076,168,42,NULL,NULL),(1077,168,43,NULL,NULL),(1078,169,39,NULL,NULL),(1079,169,40,NULL,NULL),(1080,169,41,NULL,NULL),(1081,169,42,NULL,NULL),(1082,169,43,NULL,NULL),(1083,170,39,NULL,NULL),(1084,170,40,NULL,NULL),(1085,170,41,NULL,NULL),(1086,170,42,NULL,NULL),(1087,170,43,NULL,NULL),(1088,171,39,NULL,NULL),(1089,171,40,NULL,NULL),(1090,171,41,NULL,NULL),(1091,171,42,NULL,NULL),(1092,171,43,NULL,NULL),(1093,172,39,NULL,NULL),(1094,172,40,NULL,NULL),(1095,172,41,NULL,NULL),(1096,172,42,NULL,NULL),(1097,172,43,NULL,NULL),(1098,173,39,NULL,NULL),(1099,173,40,NULL,NULL),(1100,173,41,NULL,NULL),(1101,173,42,NULL,NULL),(1102,173,43,NULL,NULL),(1103,174,39,NULL,NULL),(1104,174,40,NULL,NULL),(1105,174,41,NULL,NULL),(1106,174,42,NULL,NULL),(1107,174,43,NULL,NULL),(1108,175,39,NULL,NULL),(1109,175,40,NULL,NULL),(1110,175,41,NULL,NULL),(1111,175,42,NULL,NULL),(1112,175,43,NULL,NULL),(1113,176,39,NULL,NULL),(1114,176,40,NULL,NULL),(1115,176,41,NULL,NULL),(1116,176,42,NULL,NULL),(1117,176,43,NULL,NULL),(1118,177,39,NULL,NULL),(1119,177,40,NULL,NULL),(1120,177,41,NULL,NULL),(1121,177,42,NULL,NULL),(1122,177,43,NULL,NULL),(1123,178,39,NULL,NULL),(1124,178,40,NULL,NULL),(1125,178,41,NULL,NULL),(1126,178,42,NULL,NULL),(1127,178,43,NULL,NULL),(1128,179,39,NULL,NULL),(1129,179,40,NULL,NULL),(1130,179,41,NULL,NULL),(1131,179,42,NULL,NULL),(1132,179,43,NULL,NULL),(1133,180,39,NULL,NULL),(1134,180,40,NULL,NULL),(1135,180,41,NULL,NULL),(1136,180,42,NULL,NULL),(1137,180,43,NULL,NULL),(1138,181,39,NULL,NULL),(1139,181,40,NULL,NULL),(1140,181,41,NULL,NULL),(1141,181,42,NULL,NULL),(1142,181,43,NULL,NULL),(1143,182,39,NULL,NULL),(1144,182,40,NULL,NULL),(1145,182,41,NULL,NULL),(1146,182,42,NULL,NULL),(1147,182,43,NULL,NULL),(1148,183,39,NULL,NULL),(1149,183,40,NULL,NULL),(1150,183,41,NULL,NULL),(1151,183,42,NULL,NULL),(1152,183,43,NULL,NULL),(1153,184,39,NULL,NULL),(1154,184,40,NULL,NULL),(1155,184,41,NULL,NULL),(1156,184,42,NULL,NULL),(1157,184,43,NULL,NULL),(1158,185,39,NULL,NULL),(1159,185,40,NULL,NULL),(1160,185,41,NULL,NULL),(1161,185,42,NULL,NULL),(1162,185,43,NULL,NULL),(1163,186,39,NULL,NULL),(1164,186,40,NULL,NULL),(1165,186,41,NULL,NULL),(1166,186,42,NULL,NULL),(1167,186,43,NULL,NULL),(1168,187,44,NULL,NULL),(1169,187,45,NULL,NULL),(1170,187,46,NULL,NULL),(1171,187,47,NULL,NULL),(1172,187,48,NULL,NULL),(1173,187,49,NULL,NULL),(1174,187,50,NULL,NULL),(1175,187,51,NULL,NULL),(1176,187,52,NULL,NULL),(1177,188,44,NULL,NULL),(1178,188,45,NULL,NULL),(1179,188,46,NULL,NULL),(1180,188,47,NULL,NULL),(1181,188,48,NULL,NULL),(1182,188,49,NULL,NULL),(1183,188,50,NULL,NULL),(1184,188,51,NULL,NULL),(1185,188,52,NULL,NULL),(1186,189,44,NULL,NULL),(1187,189,45,NULL,NULL),(1188,189,46,NULL,NULL),(1189,189,47,NULL,NULL),(1190,189,48,NULL,NULL),(1191,189,49,NULL,NULL),(1192,189,50,NULL,NULL),(1193,189,51,NULL,NULL),(1194,189,52,NULL,NULL),(1195,190,44,NULL,NULL),(1196,190,45,NULL,NULL),(1197,190,46,NULL,NULL),(1198,190,47,NULL,NULL),(1199,190,48,NULL,NULL),(1200,190,49,NULL,NULL),(1201,190,50,NULL,NULL),(1202,190,51,NULL,NULL),(1203,190,52,NULL,NULL),(1204,191,44,NULL,NULL),(1205,191,45,NULL,NULL),(1206,191,46,NULL,NULL),(1207,191,47,NULL,NULL),(1208,191,48,NULL,NULL),(1209,191,49,NULL,NULL),(1210,191,50,NULL,NULL),(1211,191,51,NULL,NULL),(1212,191,52,NULL,NULL),(1213,192,44,NULL,NULL),(1214,192,45,NULL,NULL),(1215,192,46,NULL,NULL),(1216,192,47,NULL,NULL),(1217,192,48,NULL,NULL),(1218,192,49,NULL,NULL),(1219,192,50,NULL,NULL),(1220,192,51,NULL,NULL),(1221,192,52,NULL,NULL),(1222,193,44,NULL,NULL),(1223,193,45,NULL,NULL),(1224,193,46,NULL,NULL),(1225,193,47,NULL,NULL),(1226,193,48,NULL,NULL),(1227,193,49,NULL,NULL),(1228,193,50,NULL,NULL),(1229,193,51,NULL,NULL),(1230,193,52,NULL,NULL),(1231,194,44,NULL,NULL),(1232,194,45,NULL,NULL),(1233,194,46,NULL,NULL),(1234,194,47,NULL,NULL),(1235,194,48,NULL,NULL),(1236,194,49,NULL,NULL),(1237,194,50,NULL,NULL),(1238,194,51,NULL,NULL),(1239,194,52,NULL,NULL),(1240,195,44,NULL,NULL),(1241,195,45,NULL,NULL),(1242,195,46,NULL,NULL),(1243,195,47,NULL,NULL),(1244,195,48,NULL,NULL),(1245,195,49,NULL,NULL),(1246,195,50,NULL,NULL),(1247,195,51,NULL,NULL),(1248,195,52,NULL,NULL),(1249,196,44,NULL,NULL),(1250,196,45,NULL,NULL),(1251,196,46,NULL,NULL),(1252,196,47,NULL,NULL),(1253,196,48,NULL,NULL),(1254,196,49,NULL,NULL),(1255,196,50,NULL,NULL),(1256,196,51,NULL,NULL),(1257,196,52,NULL,NULL),(1258,197,44,NULL,NULL),(1259,197,45,NULL,NULL),(1260,197,46,NULL,NULL),(1261,197,47,NULL,NULL),(1262,197,48,NULL,NULL),(1263,197,49,NULL,NULL),(1264,197,50,NULL,NULL),(1265,197,51,NULL,NULL),(1266,197,52,NULL,NULL),(1267,198,44,NULL,NULL),(1268,198,45,NULL,NULL),(1269,198,46,NULL,NULL),(1270,198,47,NULL,NULL),(1271,198,48,NULL,NULL),(1272,198,49,NULL,NULL),(1273,198,50,NULL,NULL),(1274,198,51,NULL,NULL),(1275,198,52,NULL,NULL),(1276,199,44,NULL,NULL),(1277,199,45,NULL,NULL),(1278,199,46,NULL,NULL),(1279,199,47,NULL,NULL),(1280,199,48,NULL,NULL),(1281,199,49,NULL,NULL),(1282,199,50,NULL,NULL),(1283,199,51,NULL,NULL),(1284,199,52,NULL,NULL),(1285,200,44,NULL,NULL),(1286,200,45,NULL,NULL),(1287,200,46,NULL,NULL),(1288,200,47,NULL,NULL),(1289,200,48,NULL,NULL),(1290,200,49,NULL,NULL),(1291,200,50,NULL,NULL),(1292,200,51,NULL,NULL),(1293,200,52,NULL,NULL),(1294,201,44,NULL,NULL),(1295,201,45,NULL,NULL),(1296,201,46,NULL,NULL),(1297,201,47,NULL,NULL),(1298,201,48,NULL,NULL),(1299,201,49,NULL,NULL),(1300,201,50,NULL,NULL),(1301,201,51,NULL,NULL),(1302,201,52,NULL,NULL),(1303,202,44,NULL,NULL),(1304,202,45,NULL,NULL),(1305,202,46,NULL,NULL),(1306,202,47,NULL,NULL),(1307,202,48,NULL,NULL),(1308,202,49,NULL,NULL),(1309,202,50,NULL,NULL),(1310,202,51,NULL,NULL),(1311,202,52,NULL,NULL),(1312,203,44,NULL,NULL),(1313,203,45,NULL,NULL),(1314,203,46,NULL,NULL),(1315,203,47,NULL,NULL),(1316,203,48,NULL,NULL),(1317,203,49,NULL,NULL),(1318,203,50,NULL,NULL),(1319,203,51,NULL,NULL),(1320,203,52,NULL,NULL),(1321,204,44,NULL,NULL),(1322,204,45,NULL,NULL),(1323,204,46,NULL,NULL),(1324,204,47,NULL,NULL),(1325,204,48,NULL,NULL),(1326,204,49,NULL,NULL),(1327,204,50,NULL,NULL),(1328,204,51,NULL,NULL),(1329,204,52,NULL,NULL),(1330,205,44,NULL,NULL),(1331,205,45,NULL,NULL),(1332,205,46,NULL,NULL),(1333,205,47,NULL,NULL),(1334,205,48,NULL,NULL),(1335,205,49,NULL,NULL),(1336,205,50,NULL,NULL),(1337,205,51,NULL,NULL),(1338,205,52,NULL,NULL),(1339,206,44,NULL,NULL),(1340,206,45,NULL,NULL),(1341,206,46,NULL,NULL),(1342,206,47,NULL,NULL),(1343,206,48,NULL,NULL),(1344,206,49,NULL,NULL),(1345,206,50,NULL,NULL),(1346,206,51,NULL,NULL),(1347,206,52,NULL,NULL),(1348,207,44,NULL,NULL),(1349,207,45,NULL,NULL),(1350,207,46,NULL,NULL),(1351,207,47,NULL,NULL),(1352,207,48,NULL,NULL),(1353,207,49,NULL,NULL),(1354,207,50,NULL,NULL),(1355,207,51,NULL,NULL),(1356,207,52,NULL,NULL),(1357,208,44,NULL,NULL),(1358,208,45,NULL,NULL),(1359,208,46,NULL,NULL),(1360,208,47,NULL,NULL),(1361,208,48,NULL,NULL),(1362,208,49,NULL,NULL),(1363,208,50,NULL,NULL),(1364,208,51,NULL,NULL),(1365,208,52,NULL,NULL),(1366,209,44,NULL,NULL),(1367,209,45,NULL,NULL),(1368,209,46,NULL,NULL),(1369,209,47,NULL,NULL),(1370,209,48,NULL,NULL),(1371,209,49,NULL,NULL),(1372,209,50,NULL,NULL),(1373,209,51,NULL,NULL),(1374,209,52,NULL,NULL),(1375,210,44,NULL,NULL),(1376,210,45,NULL,NULL),(1377,210,46,NULL,NULL),(1378,210,47,NULL,NULL),(1379,210,48,NULL,NULL),(1380,210,49,NULL,NULL),(1381,210,50,NULL,NULL),(1382,210,51,NULL,NULL),(1383,210,52,NULL,NULL),(1384,211,44,NULL,NULL),(1385,211,45,NULL,NULL),(1386,211,46,NULL,NULL),(1387,211,47,NULL,NULL),(1388,211,48,NULL,NULL),(1389,211,49,NULL,NULL),(1390,211,50,NULL,NULL),(1391,211,51,NULL,NULL),(1392,211,52,NULL,NULL),(1393,212,53,NULL,NULL),(1394,212,54,NULL,NULL),(1395,212,55,NULL,NULL),(1396,212,56,NULL,NULL),(1397,213,53,NULL,NULL),(1398,213,54,NULL,NULL),(1399,213,55,NULL,NULL),(1400,213,56,NULL,NULL),(1401,214,53,NULL,NULL),(1402,214,54,NULL,NULL),(1403,214,55,NULL,NULL),(1404,214,56,NULL,NULL),(1405,215,53,NULL,NULL),(1406,215,54,NULL,NULL),(1407,215,55,NULL,NULL),(1408,215,56,NULL,NULL),(1409,216,53,NULL,NULL),(1410,216,54,NULL,NULL),(1411,216,55,NULL,NULL),(1412,216,56,NULL,NULL),(1413,217,53,NULL,NULL),(1414,217,54,NULL,NULL),(1415,217,55,NULL,NULL),(1416,217,56,NULL,NULL),(1417,218,53,NULL,NULL),(1418,218,54,NULL,NULL),(1419,218,55,NULL,NULL),(1420,218,56,NULL,NULL),(1421,219,53,NULL,NULL),(1422,219,54,NULL,NULL),(1423,219,55,NULL,NULL),(1424,219,56,NULL,NULL),(1425,220,53,NULL,NULL),(1426,220,54,NULL,NULL),(1427,220,55,NULL,NULL),(1428,220,56,NULL,NULL),(1429,221,53,NULL,NULL),(1430,221,54,NULL,NULL),(1431,221,55,NULL,NULL),(1432,221,56,NULL,NULL),(1433,222,53,NULL,NULL),(1434,222,54,NULL,NULL),(1435,222,55,NULL,NULL),(1436,222,56,NULL,NULL),(1437,223,53,NULL,NULL),(1438,223,54,NULL,NULL),(1439,223,55,NULL,NULL),(1440,223,56,NULL,NULL),(1441,224,53,NULL,NULL),(1442,224,54,NULL,NULL),(1443,224,55,NULL,NULL),(1444,224,56,NULL,NULL),(1445,225,53,NULL,NULL),(1446,225,54,NULL,NULL),(1447,225,55,NULL,NULL),(1448,225,56,NULL,NULL),(1449,226,53,NULL,NULL),(1450,226,54,NULL,NULL),(1451,226,55,NULL,NULL),(1452,226,56,NULL,NULL),(1453,227,53,NULL,NULL),(1454,227,54,NULL,NULL),(1455,227,55,NULL,NULL),(1456,227,56,NULL,NULL),(1457,228,53,NULL,NULL),(1458,228,54,NULL,NULL),(1459,228,55,NULL,NULL),(1460,228,56,NULL,NULL),(1461,229,53,NULL,NULL),(1462,229,54,NULL,NULL),(1463,229,55,NULL,NULL),(1464,229,56,NULL,NULL),(1465,230,53,NULL,NULL),(1466,230,54,NULL,NULL),(1467,230,55,NULL,NULL),(1468,230,56,NULL,NULL),(1469,231,53,NULL,NULL),(1470,231,54,NULL,NULL),(1471,231,55,NULL,NULL),(1472,231,56,NULL,NULL),(1473,232,53,NULL,NULL),(1474,232,54,NULL,NULL),(1475,232,55,NULL,NULL),(1476,232,56,NULL,NULL),(1477,233,53,NULL,NULL),(1478,233,54,NULL,NULL),(1479,233,55,NULL,NULL),(1480,233,56,NULL,NULL),(1481,234,53,NULL,NULL),(1482,234,54,NULL,NULL),(1483,234,55,NULL,NULL),(1484,234,56,NULL,NULL),(1485,235,53,NULL,NULL),(1486,235,54,NULL,NULL),(1487,235,55,NULL,NULL),(1488,235,56,NULL,NULL),(1489,236,57,NULL,NULL),(1490,236,58,NULL,NULL),(1491,236,59,NULL,NULL),(1492,236,60,NULL,NULL),(1493,236,61,NULL,NULL),(1494,236,62,NULL,NULL),(1495,237,57,NULL,NULL),(1496,237,58,NULL,NULL),(1497,237,59,NULL,NULL),(1498,237,60,NULL,NULL),(1499,237,61,NULL,NULL),(1500,237,62,NULL,NULL),(1501,238,57,NULL,NULL),(1502,238,58,NULL,NULL),(1503,238,59,NULL,NULL),(1504,238,60,NULL,NULL),(1505,238,61,NULL,NULL),(1506,238,62,NULL,NULL),(1507,239,57,NULL,NULL),(1508,239,58,NULL,NULL),(1509,239,59,NULL,NULL),(1510,239,60,NULL,NULL),(1511,239,61,NULL,NULL),(1512,239,62,NULL,NULL),(1513,240,57,NULL,NULL),(1514,240,58,NULL,NULL),(1515,240,59,NULL,NULL),(1516,240,60,NULL,NULL),(1517,240,61,NULL,NULL),(1518,240,62,NULL,NULL),(1519,241,57,NULL,NULL),(1520,241,58,NULL,NULL),(1521,241,59,NULL,NULL),(1522,241,60,NULL,NULL),(1523,241,61,NULL,NULL),(1524,241,62,NULL,NULL),(1525,242,57,NULL,NULL),(1526,242,58,NULL,NULL),(1527,242,59,NULL,NULL),(1528,242,60,NULL,NULL),(1529,242,61,NULL,NULL),(1530,242,62,NULL,NULL),(1531,243,57,NULL,NULL),(1532,243,58,NULL,NULL),(1533,243,59,NULL,NULL),(1534,243,60,NULL,NULL),(1535,243,61,NULL,NULL),(1536,243,62,NULL,NULL),(1537,244,57,NULL,NULL),(1538,244,58,NULL,NULL),(1539,244,59,NULL,NULL),(1540,244,60,NULL,NULL),(1541,244,61,NULL,NULL),(1542,244,62,NULL,NULL),(1543,245,57,NULL,NULL),(1544,245,58,NULL,NULL),(1545,245,59,NULL,NULL),(1546,245,60,NULL,NULL),(1547,245,61,NULL,NULL),(1548,245,62,NULL,NULL),(1549,246,57,NULL,NULL),(1550,246,58,NULL,NULL),(1551,246,59,NULL,NULL),(1552,246,60,NULL,NULL),(1553,246,61,NULL,NULL),(1554,246,62,NULL,NULL),(1555,247,57,NULL,NULL),(1556,247,58,NULL,NULL),(1557,247,59,NULL,NULL),(1558,247,60,NULL,NULL),(1559,247,61,NULL,NULL),(1560,247,62,NULL,NULL),(1561,248,57,NULL,NULL),(1562,248,58,NULL,NULL),(1563,248,59,NULL,NULL),(1564,248,60,NULL,NULL),(1565,248,61,NULL,NULL),(1566,248,62,NULL,NULL),(1567,249,57,NULL,NULL),(1568,249,58,NULL,NULL),(1569,249,59,NULL,NULL),(1570,249,60,NULL,NULL),(1571,249,61,NULL,NULL),(1572,249,62,NULL,NULL),(1573,250,57,NULL,NULL),(1574,250,58,NULL,NULL),(1575,250,59,NULL,NULL),(1576,250,60,NULL,NULL),(1577,250,61,NULL,NULL),(1578,250,62,NULL,NULL),(1579,251,57,NULL,NULL),(1580,251,58,NULL,NULL),(1581,251,59,NULL,NULL),(1582,251,60,NULL,NULL),(1583,251,61,NULL,NULL),(1584,251,62,NULL,NULL),(1585,252,57,NULL,NULL),(1586,252,58,NULL,NULL),(1587,252,59,NULL,NULL),(1588,252,60,NULL,NULL),(1589,252,61,NULL,NULL),(1590,252,62,NULL,NULL),(1591,253,57,NULL,NULL),(1592,253,58,NULL,NULL),(1593,253,59,NULL,NULL),(1594,253,60,NULL,NULL),(1595,253,61,NULL,NULL),(1596,253,62,NULL,NULL),(1597,254,57,NULL,NULL),(1598,254,58,NULL,NULL),(1599,254,59,NULL,NULL),(1600,254,60,NULL,NULL),(1601,254,61,NULL,NULL),(1602,254,62,NULL,NULL),(1603,255,57,NULL,NULL),(1604,255,58,NULL,NULL),(1605,255,59,NULL,NULL),(1606,255,60,NULL,NULL),(1607,255,61,NULL,NULL),(1608,255,62,NULL,NULL),(1609,256,57,NULL,NULL),(1610,256,58,NULL,NULL),(1611,256,59,NULL,NULL),(1612,256,60,NULL,NULL),(1613,256,61,NULL,NULL),(1614,256,62,NULL,NULL),(1615,257,57,NULL,NULL),(1616,257,58,NULL,NULL),(1617,257,59,NULL,NULL),(1618,257,60,NULL,NULL),(1619,257,61,NULL,NULL),(1620,257,62,NULL,NULL),(1621,258,57,NULL,NULL),(1622,258,58,NULL,NULL),(1623,258,59,NULL,NULL),(1624,258,60,NULL,NULL),(1625,258,61,NULL,NULL),(1626,258,62,NULL,NULL),(1627,259,57,NULL,NULL),(1628,259,58,NULL,NULL),(1629,259,59,NULL,NULL),(1630,259,60,NULL,NULL),(1631,259,61,NULL,NULL),(1632,259,62,NULL,NULL),(1633,260,63,NULL,NULL),(1634,260,64,NULL,NULL),(1635,260,65,NULL,NULL),(1636,260,66,NULL,NULL),(1637,260,67,NULL,NULL),(1638,261,63,NULL,NULL),(1639,261,64,NULL,NULL),(1640,261,65,NULL,NULL),(1641,261,66,NULL,NULL),(1642,261,67,NULL,NULL),(1643,262,63,NULL,NULL),(1644,262,64,NULL,NULL),(1645,262,65,NULL,NULL),(1646,262,66,NULL,NULL),(1647,262,67,NULL,NULL),(1648,263,63,NULL,NULL),(1649,263,64,NULL,NULL),(1650,263,65,NULL,NULL),(1651,263,66,NULL,NULL),(1652,263,67,NULL,NULL),(1653,264,63,NULL,NULL),(1654,264,64,NULL,NULL),(1655,264,65,NULL,NULL),(1656,264,66,NULL,NULL),(1657,264,67,NULL,NULL),(1658,265,63,NULL,NULL),(1659,265,64,NULL,NULL),(1660,265,65,NULL,NULL),(1661,265,66,NULL,NULL),(1662,265,67,NULL,NULL),(1663,266,63,NULL,NULL),(1664,266,64,NULL,NULL),(1665,266,65,NULL,NULL),(1666,266,66,NULL,NULL),(1667,266,67,NULL,NULL),(1668,267,63,NULL,NULL),(1669,267,64,NULL,NULL),(1670,267,65,NULL,NULL),(1671,267,66,NULL,NULL),(1672,267,67,NULL,NULL),(1673,268,63,NULL,NULL),(1674,268,64,NULL,NULL),(1675,268,65,NULL,NULL),(1676,268,66,NULL,NULL),(1677,268,67,NULL,NULL),(1678,269,63,NULL,NULL),(1679,269,64,NULL,NULL),(1680,269,65,NULL,NULL),(1681,269,66,NULL,NULL),(1682,269,67,NULL,NULL),(1683,270,63,NULL,NULL),(1684,270,64,NULL,NULL),(1685,270,65,NULL,NULL),(1686,270,66,NULL,NULL),(1687,270,67,NULL,NULL),(1688,271,63,NULL,NULL),(1689,271,64,NULL,NULL),(1690,271,65,NULL,NULL),(1691,271,66,NULL,NULL),(1692,271,67,NULL,NULL),(1693,272,63,NULL,NULL),(1694,272,64,NULL,NULL),(1695,272,65,NULL,NULL),(1696,272,66,NULL,NULL),(1697,272,67,NULL,NULL),(1698,273,63,NULL,NULL),(1699,273,64,NULL,NULL),(1700,273,65,NULL,NULL),(1701,273,66,NULL,NULL),(1702,273,67,NULL,NULL),(1703,274,63,NULL,NULL),(1704,274,64,NULL,NULL),(1705,274,65,NULL,NULL),(1706,274,66,NULL,NULL),(1707,274,67,NULL,NULL),(1708,275,63,NULL,NULL),(1709,275,64,NULL,NULL),(1710,275,65,NULL,NULL),(1711,275,66,NULL,NULL),(1712,275,67,NULL,NULL),(1713,276,63,NULL,NULL),(1714,276,64,NULL,NULL),(1715,276,65,NULL,NULL),(1716,276,66,NULL,NULL),(1717,276,67,NULL,NULL),(1718,277,63,NULL,NULL),(1719,277,64,NULL,NULL),(1720,277,65,NULL,NULL),(1721,277,66,NULL,NULL),(1722,277,67,NULL,NULL),(1723,278,63,NULL,NULL),(1724,278,64,NULL,NULL),(1725,278,65,NULL,NULL),(1726,278,66,NULL,NULL),(1727,278,67,NULL,NULL),(1728,279,63,NULL,NULL),(1729,279,64,NULL,NULL),(1730,279,65,NULL,NULL),(1731,279,66,NULL,NULL),(1732,279,67,NULL,NULL),(1733,280,68,NULL,NULL),(1734,280,69,NULL,NULL),(1735,280,70,NULL,NULL),(1736,280,71,NULL,NULL),(1737,280,72,NULL,NULL),(1738,281,68,NULL,NULL),(1739,281,69,NULL,NULL),(1740,281,70,NULL,NULL),(1741,281,71,NULL,NULL),(1742,281,72,NULL,NULL),(1743,282,68,NULL,NULL),(1744,282,69,NULL,NULL),(1745,282,70,NULL,NULL),(1746,282,71,NULL,NULL),(1747,282,72,NULL,NULL),(1748,283,68,NULL,NULL),(1749,283,69,NULL,NULL),(1750,283,70,NULL,NULL),(1751,283,71,NULL,NULL),(1752,283,72,NULL,NULL),(1753,284,68,NULL,NULL),(1754,284,69,NULL,NULL),(1755,284,70,NULL,NULL),(1756,284,71,NULL,NULL),(1757,284,72,NULL,NULL),(1758,285,68,NULL,NULL),(1759,285,69,NULL,NULL),(1760,285,70,NULL,NULL),(1761,285,71,NULL,NULL),(1762,285,72,NULL,NULL),(1763,286,68,NULL,NULL),(1764,286,69,NULL,NULL),(1765,286,70,NULL,NULL),(1766,286,71,NULL,NULL),(1767,286,72,NULL,NULL),(1768,287,68,NULL,NULL),(1769,287,69,NULL,NULL),(1770,287,70,NULL,NULL),(1771,287,71,NULL,NULL),(1772,287,72,NULL,NULL),(1773,288,68,NULL,NULL),(1774,288,69,NULL,NULL),(1775,288,70,NULL,NULL),(1776,288,71,NULL,NULL),(1777,288,72,NULL,NULL),(1778,289,68,NULL,NULL),(1779,289,69,NULL,NULL),(1780,289,70,NULL,NULL),(1781,289,71,NULL,NULL),(1782,289,72,NULL,NULL),(1783,290,68,NULL,NULL),(1784,290,69,NULL,NULL),(1785,290,70,NULL,NULL),(1786,290,71,NULL,NULL),(1787,290,72,NULL,NULL),(1788,291,68,NULL,NULL),(1789,291,69,NULL,NULL),(1790,291,70,NULL,NULL),(1791,291,71,NULL,NULL),(1792,291,72,NULL,NULL),(1793,292,68,NULL,NULL),(1794,292,69,NULL,NULL),(1795,292,70,NULL,NULL),(1796,292,71,NULL,NULL),(1797,292,72,NULL,NULL),(1798,293,68,NULL,NULL),(1799,293,69,NULL,NULL),(1800,293,70,NULL,NULL),(1801,293,71,NULL,NULL),(1802,293,72,NULL,NULL),(1803,294,68,NULL,NULL),(1804,294,69,NULL,NULL),(1805,294,70,NULL,NULL),(1806,294,71,NULL,NULL),(1807,294,72,NULL,NULL),(1808,295,68,NULL,NULL),(1809,295,69,NULL,NULL),(1810,295,70,NULL,NULL),(1811,295,71,NULL,NULL),(1812,295,72,NULL,NULL),(1813,296,68,NULL,NULL),(1814,296,69,NULL,NULL),(1815,296,70,NULL,NULL),(1816,296,71,NULL,NULL),(1817,296,72,NULL,NULL),(1818,297,68,NULL,NULL),(1819,297,69,NULL,NULL),(1820,297,70,NULL,NULL),(1821,297,71,NULL,NULL),(1822,297,72,NULL,NULL),(1823,298,68,NULL,NULL),(1824,298,69,NULL,NULL),(1825,298,70,NULL,NULL),(1826,298,71,NULL,NULL),(1827,298,72,NULL,NULL),(1828,299,68,NULL,NULL),(1829,299,69,NULL,NULL),(1830,299,70,NULL,NULL),(1831,299,71,NULL,NULL),(1832,299,72,NULL,NULL);
/*!40000 ALTER TABLE `question_reference` ENABLE KEYS */;
UNLOCK TABLES;

--
-- Table structure for table `question_required_response`
--

DROP TABLE IF EXISTS `question_required_response`;
/*!40101 SET @saved_cs_client     = @@character_set_client */;
/*!50503 SET character_set_client = utf8mb4 */;
CREATE TABLE `question_required_response` (
  `id` bigint unsigned NOT NULL AUTO_INCREMENT,
  `question_id` bigint unsigned NOT NULL,
  `question_response_id` bigint unsigned NOT NULL,
  `created_at` timestamp NULL DEFAULT NULL,
  `updated_at` timestamp NULL DEFAULT NULL,
  PRIMARY KEY (`id`),
  KEY `question_required_response_question_id_foreign` (`question_id`),
  KEY `question_required_response_question_response_id_foreign` (`question_response_id`),
  CONSTRAINT `question_required_response_question_id_foreign` FOREIGN KEY (`question_id`) REFERENCES `questions` (`id`) ON DELETE CASCADE,
  CONSTRAINT `question_required_response_question_response_id_foreign` FOREIGN KEY (`question_response_id`) REFERENCES `question_response` (`id`) ON DELETE CASCADE
) ENGINE=InnoDB AUTO_INCREMENT=19 DEFAULT CHARSET=utf8mb4 COLLATE=utf8mb4_unicode_ci;
/*!40101 SET character_set_client = @saved_cs_client */;

--
-- Dumping data for table `question_required_response`
--

LOCK TABLES `question_required_response` WRITE;
/*!40000 ALTER TABLE `question_required_response` DISABLE KEYS */;
INSERT INTO `question_required_response` VALUES (1,7,46,NULL,NULL),(2,7,47,NULL,NULL),(3,8,46,NULL,NULL),(4,8,47,NULL,NULL),(5,11,47,NULL,NULL),(6,13,253,NULL,NULL),(7,36,333,NULL,NULL),(8,37,333,NULL,NULL),(9,109,754,NULL,NULL),(10,109,755,NULL,NULL),(11,109,756,NULL,NULL),(12,109,757,NULL,NULL),(13,110,754,NULL,NULL),(14,110,755,NULL,NULL),(15,110,756,NULL,NULL),(16,110,757,NULL,NULL),(17,301,1760,NULL,NULL),(18,303,1762,NULL,NULL);
/*!40000 ALTER TABLE `question_required_response` ENABLE KEYS */;
UNLOCK TABLES;

--
-- Table structure for table `question_response`
--

DROP TABLE IF EXISTS `question_response`;
/*!40101 SET @saved_cs_client     = @@character_set_client */;
/*!50503 SET character_set_client = utf8mb4 */;
CREATE TABLE `question_response` (
  `id` bigint unsigned NOT NULL AUTO_INCREMENT,
  `question_id` bigint unsigned NOT NULL,
  `response_id` bigint unsigned NOT NULL,
  `score` varchar(255) COLLATE utf8mb4_unicode_ci DEFAULT NULL,
  `created_at` timestamp NULL DEFAULT NULL,
  `updated_at` timestamp NULL DEFAULT NULL,
  PRIMARY KEY (`id`),
  KEY `question_response_question_id_foreign` (`question_id`),
  KEY `question_response_response_id_foreign` (`response_id`),
  CONSTRAINT `question_response_question_id_foreign` FOREIGN KEY (`question_id`) REFERENCES `questions` (`id`) ON DELETE CASCADE,
  CONSTRAINT `question_response_response_id_foreign` FOREIGN KEY (`response_id`) REFERENCES `responses` (`id`) ON DELETE CASCADE
) ENGINE=InnoDB AUTO_INCREMENT=1778 DEFAULT CHARSET=utf8mb4 COLLATE=utf8mb4_unicode_ci;
/*!40101 SET character_set_client = @saved_cs_client */;

--
-- Dumping data for table `question_response`
--

LOCK TABLES `question_response` WRITE;
/*!40000 ALTER TABLE `question_response` DISABLE KEYS */;
INSERT INTO `question_response` VALUES (1,1,1,NULL,NULL,NULL),(2,1,2,NULL,NULL,NULL),(3,2,3,NULL,NULL,NULL),(4,2,4,NULL,NULL,NULL),(5,2,5,NULL,NULL,NULL),(6,2,6,NULL,NULL,NULL),(7,2,7,NULL,NULL,NULL),(8,2,8,NULL,NULL,NULL),(9,3,9,NULL,NULL,NULL),(10,3,10,NULL,NULL,NULL),(11,3,11,NULL,NULL,NULL),(12,3,12,NULL,NULL,NULL),(13,3,13,NULL,NULL,NULL),(14,3,14,NULL,NULL,NULL),(15,3,15,NULL,NULL,NULL),(16,4,16,NULL,NULL,NULL),(17,4,17,NULL,NULL,NULL),(18,4,18,NULL,NULL,NULL),(19,4,19,NULL,NULL,NULL),(20,4,20,NULL,NULL,NULL),(21,5,21,NULL,NULL,NULL),(22,5,22,NULL,NULL,NULL),(23,5,23,NULL,NULL,NULL),(24,5,24,NULL,NULL,NULL),(25,5,25,NULL,NULL,NULL),(26,5,26,NULL,NULL,NULL),(27,5,27,NULL,NULL,NULL),(28,5,28,NULL,NULL,NULL),(29,5,29,NULL,NULL,NULL),(30,5,30,NULL,NULL,NULL),(31,5,31,NULL,NULL,NULL),(32,5,32,NULL,NULL,NULL),(33,5,33,NULL,NULL,NULL),(34,5,34,NULL,NULL,NULL),(35,5,35,NULL,NULL,NULL),(36,5,36,NULL,NULL,NULL),(37,5,37,NULL,NULL,NULL),(38,5,38,NULL,NULL,NULL),(39,5,39,NULL,NULL,NULL),(40,5,40,NULL,NULL,NULL),(41,5,41,NULL,NULL,NULL),(42,5,42,NULL,NULL,NULL),(43,5,43,NULL,NULL,NULL),(44,6,44,NULL,NULL,NULL),(45,6,45,NULL,NULL,NULL),(46,6,46,NULL,NULL,NULL),(47,6,47,NULL,NULL,NULL),(48,7,48,NULL,NULL,NULL),(49,7,49,NULL,NULL,NULL),(50,7,50,NULL,NULL,NULL),(51,7,51,NULL,NULL,NULL),(52,7,52,NULL,NULL,NULL),(53,7,53,NULL,NULL,NULL),(54,8,54,NULL,NULL,NULL),(55,8,55,NULL,NULL,NULL),(56,8,56,NULL,NULL,NULL),(57,8,57,NULL,NULL,NULL),(58,8,58,NULL,NULL,NULL),(59,11,59,NULL,NULL,NULL),(60,11,60,NULL,NULL,NULL),(61,11,61,NULL,NULL,NULL),(62,11,62,NULL,NULL,NULL),(63,11,63,NULL,NULL,NULL),(64,11,64,NULL,NULL,NULL),(65,11,65,NULL,NULL,NULL),(66,11,66,NULL,NULL,NULL),(67,11,67,NULL,NULL,NULL),(68,11,68,NULL,NULL,NULL),(69,11,69,NULL,NULL,NULL),(70,11,70,NULL,NULL,NULL),(71,11,71,NULL,NULL,NULL),(72,11,72,NULL,NULL,NULL),(73,11,73,NULL,NULL,NULL),(74,11,74,NULL,NULL,NULL),(75,11,75,NULL,NULL,NULL),(76,11,76,NULL,NULL,NULL),(77,11,77,NULL,NULL,NULL),(78,11,78,NULL,NULL,NULL),(79,11,79,NULL,NULL,NULL),(80,11,80,NULL,NULL,NULL),(81,11,81,NULL,NULL,NULL),(82,11,82,NULL,NULL,NULL),(83,11,83,NULL,NULL,NULL),(84,11,84,NULL,NULL,NULL),(85,11,85,NULL,NULL,NULL),(86,11,86,NULL,NULL,NULL),(87,11,87,NULL,NULL,NULL),(88,11,88,NULL,NULL,NULL),(89,11,89,NULL,NULL,NULL),(90,11,90,NULL,NULL,NULL),(91,11,91,NULL,NULL,NULL),(92,11,92,NULL,NULL,NULL),(93,11,93,NULL,NULL,NULL),(94,11,94,NULL,NULL,NULL),(95,11,95,NULL,NULL,NULL),(96,11,96,NULL,NULL,NULL),(97,11,97,NULL,NULL,NULL),(98,11,98,NULL,NULL,NULL),(99,11,99,NULL,NULL,NULL),(100,11,100,NULL,NULL,NULL),(101,11,101,NULL,NULL,NULL),(102,11,102,NULL,NULL,NULL),(103,11,103,NULL,NULL,NULL),(104,11,104,NULL,NULL,NULL),(105,11,105,NULL,NULL,NULL),(106,11,106,NULL,NULL,NULL),(107,11,107,NULL,NULL,NULL),(108,11,108,NULL,NULL,NULL),(109,11,109,NULL,NULL,NULL),(110,11,110,NULL,NULL,NULL),(111,11,111,NULL,NULL,NULL),(112,11,112,NULL,NULL,NULL),(113,11,113,NULL,NULL,NULL),(114,11,114,NULL,NULL,NULL),(115,11,115,NULL,NULL,NULL),(116,11,116,NULL,NULL,NULL),(117,11,117,NULL,NULL,NULL),(118,11,118,NULL,NULL,NULL),(119,11,119,NULL,NULL,NULL),(120,11,120,NULL,NULL,NULL),(121,11,121,NULL,NULL,NULL),(122,11,122,NULL,NULL,NULL),(123,11,123,NULL,NULL,NULL),(124,11,124,NULL,NULL,NULL),(125,11,125,NULL,NULL,NULL),(126,11,126,NULL,NULL,NULL),(127,11,127,NULL,NULL,NULL),(128,11,128,NULL,NULL,NULL),(129,11,129,NULL,NULL,NULL),(130,11,130,NULL,NULL,NULL),(131,11,131,NULL,NULL,NULL),(132,11,132,NULL,NULL,NULL),(133,11,133,NULL,NULL,NULL),(134,11,134,NULL,NULL,NULL),(135,11,135,NULL,NULL,NULL),(136,11,136,NULL,NULL,NULL),(137,11,137,NULL,NULL,NULL),(138,11,138,NULL,NULL,NULL),(139,11,139,NULL,NULL,NULL),(140,11,140,NULL,NULL,NULL),(141,11,141,NULL,NULL,NULL),(142,11,142,NULL,NULL,NULL),(143,11,143,NULL,NULL,NULL),(144,11,144,NULL,NULL,NULL),(145,11,145,NULL,NULL,NULL),(146,11,146,NULL,NULL,NULL),(147,11,147,NULL,NULL,NULL),(148,11,148,NULL,NULL,NULL),(149,11,149,NULL,NULL,NULL),(150,11,150,NULL,NULL,NULL),(151,11,151,NULL,NULL,NULL),(152,11,152,NULL,NULL,NULL),(153,11,153,NULL,NULL,NULL),(154,11,154,NULL,NULL,NULL),(155,11,155,NULL,NULL,NULL),(156,11,156,NULL,NULL,NULL),(157,11,157,NULL,NULL,NULL),(158,11,158,NULL,NULL,NULL),(159,11,159,NULL,NULL,NULL),(160,11,160,NULL,NULL,NULL),(161,11,161,NULL,NULL,NULL),(162,11,162,NULL,NULL,NULL),(163,11,163,NULL,NULL,NULL),(164,11,164,NULL,NULL,NULL),(165,11,165,NULL,NULL,NULL),(166,11,166,NULL,NULL,NULL),(167,11,167,NULL,NULL,NULL),(168,11,168,NULL,NULL,NULL),(169,11,169,NULL,NULL,NULL),(170,11,170,NULL,NULL,NULL),(171,11,171,NULL,NULL,NULL),(172,11,172,NULL,NULL,NULL),(173,11,173,NULL,NULL,NULL),(174,11,174,NULL,NULL,NULL),(175,11,175,NULL,NULL,NULL),(176,11,176,NULL,NULL,NULL),(177,11,177,NULL,NULL,NULL),(178,11,178,NULL,NULL,NULL),(179,11,179,NULL,NULL,NULL),(180,11,180,NULL,NULL,NULL),(181,11,181,NULL,NULL,NULL),(182,11,182,NULL,NULL,NULL),(183,11,183,NULL,NULL,NULL),(184,11,184,NULL,NULL,NULL),(185,11,185,NULL,NULL,NULL),(186,11,186,NULL,NULL,NULL),(187,11,187,NULL,NULL,NULL),(188,11,188,NULL,NULL,NULL),(189,11,189,NULL,NULL,NULL),(190,11,190,NULL,NULL,NULL),(191,11,191,NULL,NULL,NULL),(192,11,192,NULL,NULL,NULL),(193,11,193,NULL,NULL,NULL),(194,11,194,NULL,NULL,NULL),(195,11,195,NULL,NULL,NULL),(196,11,196,NULL,NULL,NULL),(197,11,197,NULL,NULL,NULL),(198,11,198,NULL,NULL,NULL),(199,11,199,NULL,NULL,NULL),(200,11,200,NULL,NULL,NULL),(201,11,201,NULL,NULL,NULL),(202,11,202,NULL,NULL,NULL),(203,11,203,NULL,NULL,NULL),(204,11,204,NULL,NULL,NULL),(205,11,205,NULL,NULL,NULL),(206,11,206,NULL,NULL,NULL),(207,11,207,NULL,NULL,NULL),(208,11,208,NULL,NULL,NULL),(209,11,209,NULL,NULL,NULL),(210,11,210,NULL,NULL,NULL),(211,11,211,NULL,NULL,NULL),(212,11,212,NULL,NULL,NULL),(213,11,213,NULL,NULL,NULL),(214,11,214,NULL,NULL,NULL),(215,11,215,NULL,NULL,NULL),(216,11,216,NULL,NULL,NULL),(217,11,217,NULL,NULL,NULL),(218,11,218,NULL,NULL,NULL),(219,11,219,NULL,NULL,NULL),(220,11,220,NULL,NULL,NULL),(221,11,221,NULL,NULL,NULL),(222,11,222,NULL,NULL,NULL),(223,11,223,NULL,NULL,NULL),(224,11,224,NULL,NULL,NULL),(225,11,225,NULL,NULL,NULL),(226,11,226,NULL,NULL,NULL),(227,11,227,NULL,NULL,NULL),(228,11,228,NULL,NULL,NULL),(229,11,229,NULL,NULL,NULL),(230,11,230,NULL,NULL,NULL),(231,11,231,NULL,NULL,NULL),(232,11,232,NULL,NULL,NULL),(233,11,233,NULL,NULL,NULL),(234,11,234,NULL,NULL,NULL),(235,11,235,NULL,NULL,NULL),(236,11,236,NULL,NULL,NULL),(237,11,237,NULL,NULL,NULL),(238,11,238,NULL,NULL,NULL),(239,11,239,NULL,NULL,NULL),(240,11,240,NULL,NULL,NULL),(241,11,241,NULL,NULL,NULL),(242,11,242,NULL,NULL,NULL),(243,11,243,NULL,NULL,NULL),(244,11,244,NULL,NULL,NULL),(245,11,245,NULL,NULL,NULL),(246,11,246,NULL,NULL,NULL),(247,11,247,NULL,NULL,NULL),(248,11,248,NULL,NULL,NULL),(249,11,249,NULL,NULL,NULL),(250,11,250,NULL,NULL,NULL),(251,11,251,NULL,NULL,NULL),(252,11,252,NULL,NULL,NULL),(253,12,253,NULL,NULL,NULL),(254,12,254,NULL,NULL,NULL),(255,13,255,NULL,NULL,NULL),(256,13,256,NULL,NULL,NULL),(257,13,257,NULL,NULL,NULL),(258,13,258,NULL,NULL,NULL),(259,13,259,NULL,NULL,NULL),(260,13,260,NULL,NULL,NULL),(261,13,261,NULL,NULL,NULL),(262,13,262,NULL,NULL,NULL),(263,13,263,NULL,NULL,NULL),(264,13,264,NULL,NULL,NULL),(265,13,265,NULL,NULL,NULL),(266,13,266,NULL,NULL,NULL),(267,13,267,NULL,NULL,NULL),(268,13,268,NULL,NULL,NULL),(269,13,269,NULL,NULL,NULL),(270,13,270,NULL,NULL,NULL),(271,13,271,NULL,NULL,NULL),(272,13,272,NULL,NULL,NULL),(273,13,273,NULL,NULL,NULL),(274,14,253,NULL,NULL,NULL),(275,14,254,NULL,NULL,NULL),(276,15,253,NULL,NULL,NULL),(277,15,254,NULL,NULL,NULL),(278,16,253,NULL,NULL,NULL),(279,16,254,NULL,NULL,NULL),(280,17,274,'0',NULL,'2025-03-14 21:35:25'),(281,17,275,'1',NULL,'2025-03-14 21:35:25'),(282,17,276,'2',NULL,'2025-03-14 21:35:25'),(283,18,274,'0',NULL,'2025-03-14 21:35:25'),(284,18,275,'1',NULL,'2025-03-14 21:35:25'),(285,18,276,'2',NULL,'2025-03-14 21:35:25'),(286,19,274,'0',NULL,'2025-03-14 21:35:26'),(287,19,275,'1',NULL,'2025-03-14 21:35:26'),(288,19,276,'2',NULL,'2025-03-14 21:35:26'),(289,20,274,'0',NULL,'2025-03-14 21:35:26'),(290,20,275,'1',NULL,'2025-03-14 21:35:26'),(291,20,276,'2',NULL,'2025-03-14 21:35:26'),(292,21,274,'0',NULL,'2025-03-14 21:35:26'),(293,21,275,'1',NULL,'2025-03-14 21:35:26'),(294,21,276,'2',NULL,'2025-03-14 21:35:26'),(295,22,274,'0',NULL,'2025-03-14 21:35:26'),(296,22,275,'1',NULL,'2025-03-14 21:35:26'),(297,22,276,'2',NULL,'2025-03-14 21:35:26'),(298,23,274,'0',NULL,'2025-03-14 21:35:26'),(299,23,275,'1',NULL,'2025-03-14 21:35:26'),(300,23,276,'2',NULL,'2025-03-14 21:35:26'),(301,24,274,'0',NULL,'2025-03-14 21:35:26'),(302,24,275,'1',NULL,'2025-03-14 21:35:26'),(303,24,276,'2',NULL,'2025-03-14 21:35:26'),(304,25,274,'0',NULL,'2025-03-14 21:35:26'),(305,25,275,'1',NULL,'2025-03-14 21:35:26'),(306,25,276,'2',NULL,'2025-03-14 21:35:26'),(307,26,274,'0',NULL,'2025-03-14 21:35:26'),(308,26,275,'1',NULL,'2025-03-14 21:35:26'),(309,26,276,'2',NULL,'2025-03-14 21:35:26'),(310,27,274,'0',NULL,'2025-03-14 21:35:26'),(311,27,275,'1',NULL,'2025-03-14 21:35:26'),(312,27,276,'2',NULL,'2025-03-14 21:35:26'),(313,28,274,'0',NULL,'2025-03-14 21:35:26'),(314,28,275,'1',NULL,'2025-03-14 21:35:26'),(315,28,276,'2',NULL,'2025-03-14 21:35:26'),(316,29,274,'0',NULL,'2025-03-14 21:35:26'),(317,29,275,'1',NULL,'2025-03-14 21:35:26'),(318,29,276,'2',NULL,'2025-03-14 21:35:26'),(319,30,274,'0',NULL,'2025-03-14 21:35:26'),(320,30,275,'1',NULL,'2025-03-14 21:35:26'),(321,30,276,'2',NULL,'2025-03-14 21:35:26'),(322,31,274,'0',NULL,'2025-03-14 21:35:26'),(323,31,275,'1',NULL,'2025-03-14 21:35:26'),(324,31,276,'2',NULL,'2025-03-14 21:35:26'),(325,32,274,'0',NULL,'2025-03-14 21:35:26'),(326,32,275,'1',NULL,'2025-03-14 21:35:26'),(327,32,276,'2',NULL,'2025-03-14 21:35:26'),(328,33,274,'0',NULL,'2025-03-14 21:35:26'),(329,33,275,'1',NULL,'2025-03-14 21:35:26'),(330,33,276,'2',NULL,'2025-03-14 21:35:26'),(331,34,253,NULL,NULL,NULL),(332,34,254,NULL,NULL,NULL),(333,35,253,NULL,NULL,NULL),(334,35,254,NULL,NULL,NULL),(335,36,277,NULL,NULL,NULL),(336,36,278,NULL,NULL,NULL),(337,36,279,NULL,NULL,NULL),(338,37,280,NULL,NULL,NULL),(339,37,281,NULL,NULL,NULL),(340,37,282,NULL,NULL,NULL),(341,37,283,NULL,NULL,NULL),(342,37,45,NULL,NULL,NULL),(343,37,8,NULL,NULL,NULL),(344,38,284,'0',NULL,'2025-03-14 21:35:26'),(345,38,275,'1',NULL,'2025-03-14 21:35:26'),(346,38,276,'2',NULL,'2025-03-14 21:35:26'),(347,38,285,'3',NULL,'2025-03-14 21:35:26'),(348,38,286,'4',NULL,'2025-03-14 21:35:26'),(349,39,284,'0',NULL,'2025-03-14 21:35:26'),(350,39,275,'1',NULL,'2025-03-14 21:35:26'),(351,39,276,'2',NULL,'2025-03-14 21:35:26'),(352,39,285,'3',NULL,'2025-03-14 21:35:26'),(353,39,286,'4',NULL,'2025-03-14 21:35:26'),(354,40,284,'0',NULL,'2025-03-14 21:35:26'),(355,40,275,'1',NULL,'2025-03-14 21:35:26'),(356,40,276,'2',NULL,'2025-03-14 21:35:26'),(357,40,285,'3',NULL,'2025-03-14 21:35:26'),(358,40,286,'4',NULL,'2025-03-14 21:35:26'),(359,41,284,'0',NULL,'2025-03-14 21:35:26'),(360,41,275,'1',NULL,'2025-03-14 21:35:26'),(361,41,276,'2',NULL,'2025-03-14 21:35:26'),(362,41,285,'3',NULL,'2025-03-14 21:35:26'),(363,41,286,'4',NULL,'2025-03-14 21:35:26'),(364,42,284,'0',NULL,'2025-03-14 21:35:26'),(365,42,275,'1',NULL,'2025-03-14 21:35:26'),(366,42,276,'2',NULL,'2025-03-14 21:35:26'),(367,42,285,'3',NULL,'2025-03-14 21:35:26'),(368,42,286,'4',NULL,'2025-03-14 21:35:26'),(369,43,284,'0',NULL,'2025-03-14 21:35:26'),(370,43,275,'1',NULL,'2025-03-14 21:35:26'),(371,43,276,'2',NULL,'2025-03-14 21:35:26'),(372,43,285,'3',NULL,'2025-03-14 21:35:26'),(373,43,286,'4',NULL,'2025-03-14 21:35:26'),(374,44,284,'0',NULL,'2025-03-14 21:35:26'),(375,44,275,'1',NULL,'2025-03-14 21:35:26'),(376,44,276,'2',NULL,'2025-03-14 21:35:26'),(377,44,285,'3',NULL,'2025-03-14 21:35:26'),(378,44,286,'4',NULL,'2025-03-14 21:35:26'),(379,45,284,'0',NULL,'2025-03-14 21:35:26'),(380,45,275,'1',NULL,'2025-03-14 21:35:26'),(381,45,276,'2',NULL,'2025-03-14 21:35:26'),(382,45,285,'3',NULL,'2025-03-14 21:35:26'),(383,45,286,'4',NULL,'2025-03-14 21:35:26'),(384,46,284,'0',NULL,'2025-03-14 21:35:26'),(385,46,275,'1',NULL,'2025-03-14 21:35:26'),(386,46,276,'2',NULL,'2025-03-14 21:35:26'),(387,46,285,'3',NULL,'2025-03-14 21:35:26'),(388,46,286,'4',NULL,'2025-03-14 21:35:26'),(389,47,284,'0',NULL,'2025-03-14 21:35:26'),(390,47,275,'1',NULL,'2025-03-14 21:35:26'),(391,47,276,'2',NULL,'2025-03-14 21:35:26'),(392,47,285,'3',NULL,'2025-03-14 21:35:26'),(393,47,286,'4',NULL,'2025-03-14 21:35:26'),(394,48,284,'0',NULL,'2025-03-14 21:35:26'),(395,48,275,'1',NULL,'2025-03-14 21:35:26'),(396,48,276,'2',NULL,'2025-03-14 21:35:26'),(397,48,285,'3',NULL,'2025-03-14 21:35:26'),(398,48,286,'4',NULL,'2025-03-14 21:35:26'),(399,49,284,'0',NULL,'2025-03-14 21:35:26'),(400,49,275,'1',NULL,'2025-03-14 21:35:26'),(401,49,276,'2',NULL,'2025-03-14 21:35:26'),(402,49,285,'3',NULL,'2025-03-14 21:35:26'),(403,49,286,'4',NULL,'2025-03-14 21:35:26'),(404,50,284,'0',NULL,'2025-03-14 21:35:26'),(405,50,275,'1',NULL,'2025-03-14 21:35:26'),(406,50,276,'2',NULL,'2025-03-14 21:35:26'),(407,50,285,'3',NULL,'2025-03-14 21:35:26'),(408,50,286,'4',NULL,'2025-03-14 21:35:26'),(409,51,284,'0',NULL,'2025-03-14 21:35:26'),(410,51,275,'1',NULL,'2025-03-14 21:35:26'),(411,51,276,'2',NULL,'2025-03-14 21:35:26'),(412,51,285,'3',NULL,'2025-03-14 21:35:26'),(413,51,286,'4',NULL,'2025-03-14 21:35:26'),(414,52,284,'0',NULL,'2025-03-14 21:35:26'),(415,52,275,'1',NULL,'2025-03-14 21:35:26'),(416,52,276,'2',NULL,'2025-03-14 21:35:26'),(417,52,285,'3',NULL,'2025-03-14 21:35:26'),(418,52,286,'4',NULL,'2025-03-14 21:35:26'),(419,53,284,'0',NULL,'2025-03-14 21:35:26'),(420,53,275,'1',NULL,'2025-03-14 21:35:26'),(421,53,276,'2',NULL,'2025-03-14 21:35:26'),(422,53,285,'3',NULL,'2025-03-14 21:35:26'),(423,53,286,'4',NULL,'2025-03-14 21:35:26'),(424,54,284,'0',NULL,'2025-03-14 21:35:26'),(425,54,275,'1',NULL,'2025-03-14 21:35:26'),(426,54,276,'2',NULL,'2025-03-14 21:35:26'),(427,54,285,'3',NULL,'2025-03-14 21:35:26'),(428,54,286,'4',NULL,'2025-03-14 21:35:26'),(429,55,284,'0',NULL,'2025-03-14 21:35:26'),(430,55,275,'1',NULL,'2025-03-14 21:35:26'),(431,55,276,'2',NULL,'2025-03-14 21:35:26'),(432,55,285,'3',NULL,'2025-03-14 21:35:26'),(433,55,286,'4',NULL,'2025-03-14 21:35:26'),(434,56,284,'0',NULL,'2025-03-14 21:35:26'),(435,56,275,'1',NULL,'2025-03-14 21:35:26'),(436,56,276,'2',NULL,'2025-03-14 21:35:26'),(437,56,285,'3',NULL,'2025-03-14 21:35:26'),(438,56,286,'4',NULL,'2025-03-14 21:35:26'),(439,57,284,'0',NULL,'2025-03-14 21:35:26'),(440,57,275,'1',NULL,'2025-03-14 21:35:26'),(441,57,276,'2',NULL,'2025-03-14 21:35:26'),(442,57,285,'3',NULL,'2025-03-14 21:35:26'),(443,57,286,'4',NULL,'2025-03-14 21:35:26'),(444,58,284,'0',NULL,'2025-03-14 21:35:26'),(445,58,275,'1',NULL,'2025-03-14 21:35:26'),(446,58,276,'2',NULL,'2025-03-14 21:35:26'),(447,58,285,'3',NULL,'2025-03-14 21:35:26'),(448,58,286,'4',NULL,'2025-03-14 21:35:26'),(449,59,284,'0',NULL,'2025-03-14 21:35:26'),(450,59,275,'1',NULL,'2025-03-14 21:35:26'),(451,59,276,'2',NULL,'2025-03-14 21:35:26'),(452,59,285,'3',NULL,'2025-03-14 21:35:26'),(453,59,286,'4',NULL,'2025-03-14 21:35:26'),(454,60,287,'7',NULL,'2025-03-14 21:35:26'),(455,60,288,'6',NULL,'2025-03-14 21:35:26'),(456,60,289,'5',NULL,'2025-03-14 21:35:26'),(457,60,290,'4',NULL,'2025-03-14 21:35:26'),(458,60,291,'3',NULL,'2025-03-14 21:35:26'),(459,60,292,'2',NULL,'2025-03-14 21:35:26'),(460,60,293,'1',NULL,'2025-03-14 21:35:26'),(461,61,287,'7',NULL,'2025-03-14 21:35:26'),(462,61,288,'6',NULL,'2025-03-14 21:35:26'),(463,61,289,'5',NULL,'2025-03-14 21:35:26'),(464,61,290,'4',NULL,'2025-03-14 21:35:26'),(465,61,291,'3',NULL,'2025-03-14 21:35:26'),(466,61,292,'2',NULL,'2025-03-14 21:35:26'),(467,61,293,'1',NULL,'2025-03-14 21:35:26'),(468,62,287,'7',NULL,'2025-03-14 21:35:26'),(469,62,288,'6',NULL,'2025-03-14 21:35:26'),(470,62,289,'5',NULL,'2025-03-14 21:35:26'),(471,62,290,'4',NULL,'2025-03-14 21:35:26'),(472,62,291,'3',NULL,'2025-03-14 21:35:26'),(473,62,292,'2',NULL,'2025-03-14 21:35:26'),(474,62,293,'1',NULL,'2025-03-14 21:35:26'),(475,63,287,'7',NULL,'2025-03-14 21:35:26'),(476,63,288,'6',NULL,'2025-03-14 21:35:26'),(477,63,289,'5',NULL,'2025-03-14 21:35:26'),(478,63,290,'4',NULL,'2025-03-14 21:35:26'),(479,63,291,'3',NULL,'2025-03-14 21:35:26'),(480,63,292,'2',NULL,'2025-03-14 21:35:26'),(481,63,293,'1',NULL,'2025-03-14 21:35:26'),(482,64,287,'7',NULL,'2025-03-14 21:35:26'),(483,64,288,'6',NULL,'2025-03-14 21:35:26'),(484,64,289,'5',NULL,'2025-03-14 21:35:26'),(485,64,290,'4',NULL,'2025-03-14 21:35:26'),(486,64,291,'3',NULL,'2025-03-14 21:35:26'),(487,64,292,'2',NULL,'2025-03-14 21:35:26'),(488,64,293,'1',NULL,'2025-03-14 21:35:26'),(489,65,287,'7',NULL,'2025-03-14 21:35:26'),(490,65,288,'6',NULL,'2025-03-14 21:35:26'),(491,65,289,'5',NULL,'2025-03-14 21:35:26'),(492,65,290,'4',NULL,'2025-03-14 21:35:26'),(493,65,291,'3',NULL,'2025-03-14 21:35:26'),(494,65,292,'2',NULL,'2025-03-14 21:35:26'),(495,65,293,'1',NULL,'2025-03-14 21:35:26'),(496,66,287,'7',NULL,'2025-03-14 21:35:27'),(497,66,288,'6',NULL,'2025-03-14 21:35:27'),(498,66,289,'5',NULL,'2025-03-14 21:35:27'),(499,66,290,'4',NULL,'2025-03-14 21:35:27'),(500,66,291,'3',NULL,'2025-03-14 21:35:27'),(501,66,292,'2',NULL,'2025-03-14 21:35:27'),(502,66,293,'1',NULL,'2025-03-14 21:35:27'),(503,67,287,'7',NULL,'2025-03-14 21:35:27'),(504,67,288,'6',NULL,'2025-03-14 21:35:27'),(505,67,289,'5',NULL,'2025-03-14 21:35:27'),(506,67,290,'4',NULL,'2025-03-14 21:35:27'),(507,67,291,'3',NULL,'2025-03-14 21:35:27'),(508,67,292,'2',NULL,'2025-03-14 21:35:27'),(509,67,293,'1',NULL,'2025-03-14 21:35:27'),(510,68,287,'7',NULL,'2025-03-14 21:35:27'),(511,68,288,'6',NULL,'2025-03-14 21:35:27'),(512,68,289,'5',NULL,'2025-03-14 21:35:27'),(513,68,290,'4',NULL,'2025-03-14 21:35:27'),(514,68,291,'3',NULL,'2025-03-14 21:35:27'),(515,68,292,'2',NULL,'2025-03-14 21:35:27'),(516,68,293,'1',NULL,'2025-03-14 21:35:27'),(517,69,287,'7',NULL,'2025-03-14 21:35:27'),(518,69,288,'6',NULL,'2025-03-14 21:35:27'),(519,69,289,'5',NULL,'2025-03-14 21:35:27'),(520,69,290,'4',NULL,'2025-03-14 21:35:27'),(521,69,291,'3',NULL,'2025-03-14 21:35:27'),(522,69,292,'2',NULL,'2025-03-14 21:35:27'),(523,69,293,'1',NULL,'2025-03-14 21:35:27'),(524,70,287,'7',NULL,'2025-03-14 21:35:27'),(525,70,288,'6',NULL,'2025-03-14 21:35:27'),(526,70,289,'5',NULL,'2025-03-14 21:35:27'),(527,70,290,'4',NULL,'2025-03-14 21:35:27'),(528,70,291,'3',NULL,'2025-03-14 21:35:27'),(529,70,292,'2',NULL,'2025-03-14 21:35:27'),(530,70,293,'1',NULL,'2025-03-14 21:35:27'),(531,71,287,'7',NULL,'2025-03-14 21:35:27'),(532,71,288,'6',NULL,'2025-03-14 21:35:27'),(533,71,289,'5',NULL,'2025-03-14 21:35:27'),(534,71,290,'4',NULL,'2025-03-14 21:35:27'),(535,71,291,'3',NULL,'2025-03-14 21:35:27'),(536,71,292,'2',NULL,'2025-03-14 21:35:27'),(537,71,293,'1',NULL,'2025-03-14 21:35:27'),(538,72,287,'7',NULL,'2025-03-14 21:35:27'),(539,72,288,'6',NULL,'2025-03-14 21:35:27'),(540,72,289,'5',NULL,'2025-03-14 21:35:27'),(541,72,290,'4',NULL,'2025-03-14 21:35:27'),(542,72,291,'3',NULL,'2025-03-14 21:35:27'),(543,72,292,'2',NULL,'2025-03-14 21:35:27'),(544,72,293,'1',NULL,'2025-03-14 21:35:27'),(545,73,287,'7',NULL,'2025-03-14 21:35:27'),(546,73,288,'6',NULL,'2025-03-14 21:35:27'),(547,73,289,'5',NULL,'2025-03-14 21:35:27'),(548,73,290,'4',NULL,'2025-03-14 21:35:27'),(549,73,291,'3',NULL,'2025-03-14 21:35:27'),(550,73,292,'2',NULL,'2025-03-14 21:35:27'),(551,73,293,'1',NULL,'2025-03-14 21:35:27'),(552,74,287,'7',NULL,'2025-03-14 21:35:27'),(553,74,288,'6',NULL,'2025-03-14 21:35:27'),(554,74,289,'5',NULL,'2025-03-14 21:35:27'),(555,74,290,'4',NULL,'2025-03-14 21:35:27'),(556,74,291,'3',NULL,'2025-03-14 21:35:27'),(557,74,292,'2',NULL,'2025-03-14 21:35:27'),(558,74,293,'1',NULL,'2025-03-14 21:35:27'),(559,75,287,'7',NULL,'2025-03-14 21:35:27'),(560,75,288,'6',NULL,'2025-03-14 21:35:27'),(561,75,289,'5',NULL,'2025-03-14 21:35:27'),(562,75,290,'4',NULL,'2025-03-14 21:35:27'),(563,75,291,'3',NULL,'2025-03-14 21:35:27'),(564,75,292,'2',NULL,'2025-03-14 21:35:27'),(565,75,293,'1',NULL,'2025-03-14 21:35:27'),(566,76,287,'7',NULL,'2025-03-14 21:35:27'),(567,76,288,'6',NULL,'2025-03-14 21:35:27'),(568,76,289,'5',NULL,'2025-03-14 21:35:27'),(569,76,290,'4',NULL,'2025-03-14 21:35:27'),(570,76,291,'3',NULL,'2025-03-14 21:35:27'),(571,76,292,'2',NULL,'2025-03-14 21:35:27'),(572,76,293,'1',NULL,'2025-03-14 21:35:27'),(573,77,287,'7',NULL,'2025-03-14 21:35:27'),(574,77,288,'6',NULL,'2025-03-14 21:35:27'),(575,77,289,'5',NULL,'2025-03-14 21:35:27'),(576,77,290,'4',NULL,'2025-03-14 21:35:27'),(577,77,291,'3',NULL,'2025-03-14 21:35:27'),(578,77,292,'2',NULL,'2025-03-14 21:35:27'),(579,77,293,'1',NULL,'2025-03-14 21:35:27'),(580,78,287,'7',NULL,'2025-03-14 21:35:27'),(581,78,288,'6',NULL,'2025-03-14 21:35:27'),(582,78,289,'5',NULL,'2025-03-14 21:35:27'),(583,78,290,'4',NULL,'2025-03-14 21:35:27'),(584,78,291,'3',NULL,'2025-03-14 21:35:27'),(585,78,292,'2',NULL,'2025-03-14 21:35:27'),(586,78,293,'1',NULL,'2025-03-14 21:35:27'),(587,79,287,'7',NULL,'2025-03-14 21:35:27'),(588,79,288,'6',NULL,'2025-03-14 21:35:27'),(589,79,289,'5',NULL,'2025-03-14 21:35:27'),(590,79,290,'4',NULL,'2025-03-14 21:35:27'),(591,79,291,'3',NULL,'2025-03-14 21:35:27'),(592,79,292,'2',NULL,'2025-03-14 21:35:27'),(593,79,293,'1',NULL,'2025-03-14 21:35:27'),(594,80,287,'7',NULL,'2025-03-14 21:35:27'),(595,80,288,'6',NULL,'2025-03-14 21:35:27'),(596,80,289,'5',NULL,'2025-03-14 21:35:27'),(597,80,290,'4',NULL,'2025-03-14 21:35:27'),(598,80,291,'3',NULL,'2025-03-14 21:35:27'),(599,80,292,'2',NULL,'2025-03-14 21:35:27'),(600,80,293,'1',NULL,'2025-03-14 21:35:27'),(601,81,287,'7',NULL,'2025-03-14 21:35:27'),(602,81,288,'6',NULL,'2025-03-14 21:35:27'),(603,81,289,'5',NULL,'2025-03-14 21:35:27'),(604,81,290,'4',NULL,'2025-03-14 21:35:27'),(605,81,291,'3',NULL,'2025-03-14 21:35:27'),(606,81,292,'2',NULL,'2025-03-14 21:35:27'),(607,81,293,'1',NULL,'2025-03-14 21:35:27'),(608,82,287,'7',NULL,'2025-03-14 21:35:27'),(609,82,288,'6',NULL,'2025-03-14 21:35:27'),(610,82,289,'5',NULL,'2025-03-14 21:35:27'),(611,82,290,'4',NULL,'2025-03-14 21:35:27'),(612,82,291,'3',NULL,'2025-03-14 21:35:27'),(613,82,292,'2',NULL,'2025-03-14 21:35:27'),(614,82,293,'1',NULL,'2025-03-14 21:35:27'),(615,83,287,'7',NULL,'2025-03-14 21:35:27'),(616,83,288,'6',NULL,'2025-03-14 21:35:27'),(617,83,289,'5',NULL,'2025-03-14 21:35:27'),(618,83,290,'4',NULL,'2025-03-14 21:35:27'),(619,83,291,'3',NULL,'2025-03-14 21:35:27'),(620,83,292,'2',NULL,'2025-03-14 21:35:27'),(621,83,293,'1',NULL,'2025-03-14 21:35:27'),(622,84,287,'7',NULL,'2025-03-14 21:35:27'),(623,84,288,'6',NULL,'2025-03-14 21:35:27'),(624,84,289,'5',NULL,'2025-03-14 21:35:27'),(625,84,290,'4',NULL,'2025-03-14 21:35:27'),(626,84,291,'3',NULL,'2025-03-14 21:35:27'),(627,84,292,'2',NULL,'2025-03-14 21:35:27'),(628,84,293,'1',NULL,'2025-03-14 21:35:27'),(629,85,287,'7',NULL,'2025-03-14 21:35:27'),(630,85,288,'6',NULL,'2025-03-14 21:35:27'),(631,85,289,'5',NULL,'2025-03-14 21:35:27'),(632,85,290,'4',NULL,'2025-03-14 21:35:27'),(633,85,291,'3',NULL,'2025-03-14 21:35:27'),(634,85,292,'2',NULL,'2025-03-14 21:35:27'),(635,85,293,'1',NULL,'2025-03-14 21:35:27'),(636,86,287,'7',NULL,'2025-03-14 21:35:27'),(637,86,288,'6',NULL,'2025-03-14 21:35:27'),(638,86,289,'5',NULL,'2025-03-14 21:35:27'),(639,86,290,'4',NULL,'2025-03-14 21:35:27'),(640,86,291,'3',NULL,'2025-03-14 21:35:27'),(641,86,292,'2',NULL,'2025-03-14 21:35:27'),(642,86,293,'1',NULL,'2025-03-14 21:35:27'),(643,87,287,'7',NULL,'2025-03-14 21:35:27'),(644,87,288,'6',NULL,'2025-03-14 21:35:27'),(645,87,289,'5',NULL,'2025-03-14 21:35:27'),(646,87,290,'4',NULL,'2025-03-14 21:35:27'),(647,87,291,'3',NULL,'2025-03-14 21:35:27'),(648,87,292,'2',NULL,'2025-03-14 21:35:27'),(649,87,293,'1',NULL,'2025-03-14 21:35:27'),(650,88,287,'7',NULL,'2025-03-14 21:35:27'),(651,88,288,'6',NULL,'2025-03-14 21:35:27'),(652,88,289,'5',NULL,'2025-03-14 21:35:27'),(653,88,290,'4',NULL,'2025-03-14 21:35:27'),(654,88,291,'3',NULL,'2025-03-14 21:35:27'),(655,88,292,'2',NULL,'2025-03-14 21:35:27'),(656,88,293,'1',NULL,'2025-03-14 21:35:27'),(657,89,287,'7',NULL,'2025-03-14 21:35:27'),(658,89,288,'6',NULL,'2025-03-14 21:35:27'),(659,89,289,'5',NULL,'2025-03-14 21:35:27'),(660,89,290,'4',NULL,'2025-03-14 21:35:27'),(661,89,291,'3',NULL,'2025-03-14 21:35:27'),(662,89,292,'2',NULL,'2025-03-14 21:35:27'),(663,89,293,'1',NULL,'2025-03-14 21:35:27'),(664,90,294,'0',NULL,'2025-03-14 21:35:27'),(665,90,274,'1',NULL,'2025-03-14 21:35:27'),(666,90,275,'2',NULL,'2025-03-14 21:35:27'),(667,90,276,'3',NULL,'2025-03-14 21:35:27'),(668,90,295,'4',NULL,'2025-03-14 21:35:27'),(669,91,294,'0',NULL,'2025-03-14 21:35:27'),(670,91,274,'1',NULL,'2025-03-14 21:35:27'),(671,91,275,'2',NULL,'2025-03-14 21:35:27'),(672,91,276,'3',NULL,'2025-03-14 21:35:27'),(673,91,295,'4',NULL,'2025-03-14 21:35:27'),(674,92,294,'0',NULL,'2025-03-14 21:35:27'),(675,92,274,'1',NULL,'2025-03-14 21:35:27'),(676,92,275,'2',NULL,'2025-03-14 21:35:27'),(677,92,276,'3',NULL,'2025-03-14 21:35:27'),(678,92,295,'4',NULL,'2025-03-14 21:35:27'),(679,93,294,'0',NULL,'2025-03-14 21:35:27'),(680,93,274,'1',NULL,'2025-03-14 21:35:27'),(681,93,275,'2',NULL,'2025-03-14 21:35:27'),(682,93,276,'3',NULL,'2025-03-14 21:35:27'),(683,93,295,'4',NULL,'2025-03-14 21:35:27'),(684,94,294,'0',NULL,'2025-03-14 21:35:27'),(685,94,274,'1',NULL,'2025-03-14 21:35:27'),(686,94,275,'2',NULL,'2025-03-14 21:35:27'),(687,94,276,'3',NULL,'2025-03-14 21:35:27'),(688,94,295,'4',NULL,'2025-03-14 21:35:27'),(689,95,294,'0',NULL,'2025-03-14 21:35:27'),(690,95,274,'1',NULL,'2025-03-14 21:35:27'),(691,95,275,'2',NULL,'2025-03-14 21:35:27'),(692,95,276,'3',NULL,'2025-03-14 21:35:27'),(693,95,295,'4',NULL,'2025-03-14 21:35:27'),(694,96,294,'0',NULL,'2025-03-14 21:35:27'),(695,96,274,'1',NULL,'2025-03-14 21:35:27'),(696,96,275,'2',NULL,'2025-03-14 21:35:27'),(697,96,276,'3',NULL,'2025-03-14 21:35:27'),(698,96,295,'4',NULL,'2025-03-14 21:35:27'),(699,97,294,'0',NULL,'2025-03-14 21:35:27'),(700,97,274,'1',NULL,'2025-03-14 21:35:27'),(701,97,275,'2',NULL,'2025-03-14 21:35:27'),(702,97,276,'3',NULL,'2025-03-14 21:35:27'),(703,97,295,'4',NULL,'2025-03-14 21:35:27'),(704,98,294,'0',NULL,'2025-03-14 21:35:27'),(705,98,274,'1',NULL,'2025-03-14 21:35:27'),(706,98,275,'2',NULL,'2025-03-14 21:35:27'),(707,98,276,'3',NULL,'2025-03-14 21:35:27'),(708,98,295,'4',NULL,'2025-03-14 21:35:27'),(709,99,294,'0',NULL,'2025-03-14 21:35:27'),(710,99,274,'1',NULL,'2025-03-14 21:35:27'),(711,99,275,'2',NULL,'2025-03-14 21:35:27'),(712,99,276,'3',NULL,'2025-03-14 21:35:27'),(713,99,295,'4',NULL,'2025-03-14 21:35:27'),(714,100,294,'0',NULL,'2025-03-14 21:35:27'),(715,100,274,'1',NULL,'2025-03-14 21:35:27'),(716,100,275,'2',NULL,'2025-03-14 21:35:27'),(717,100,276,'3',NULL,'2025-03-14 21:35:27'),(718,100,295,'4',NULL,'2025-03-14 21:35:27'),(719,101,294,'0',NULL,'2025-03-14 21:35:27'),(720,101,274,'1',NULL,'2025-03-14 21:35:27'),(721,101,275,'2',NULL,'2025-03-14 21:35:27'),(722,101,276,'3',NULL,'2025-03-14 21:35:27'),(723,101,295,'4',NULL,'2025-03-14 21:35:27'),(724,102,294,'0',NULL,'2025-03-14 21:35:27'),(725,102,274,'1',NULL,'2025-03-14 21:35:27'),(726,102,275,'2',NULL,'2025-03-14 21:35:27'),(727,102,276,'3',NULL,'2025-03-14 21:35:27'),(728,102,295,'4',NULL,'2025-03-14 21:35:27'),(729,103,294,'0',NULL,'2025-03-14 21:35:27'),(730,103,274,'1',NULL,'2025-03-14 21:35:28'),(731,103,275,'2',NULL,'2025-03-14 21:35:28'),(732,103,276,'3',NULL,'2025-03-14 21:35:28'),(733,103,295,'4',NULL,'2025-03-14 21:35:28'),(734,104,294,'0',NULL,'2025-03-14 21:35:28'),(735,104,274,'1',NULL,'2025-03-14 21:35:28'),(736,104,275,'2',NULL,'2025-03-14 21:35:28'),(737,104,276,'3',NULL,'2025-03-14 21:35:28'),(738,104,295,'4',NULL,'2025-03-14 21:35:28'),(739,105,294,'0',NULL,'2025-03-14 21:35:28'),(740,105,274,'1',NULL,'2025-03-14 21:35:28'),(741,105,275,'2',NULL,'2025-03-14 21:35:28'),(742,105,276,'3',NULL,'2025-03-14 21:35:28'),(743,105,295,'4',NULL,'2025-03-14 21:35:28'),(744,106,294,'0',NULL,'2025-03-14 21:35:28'),(745,106,274,'1',NULL,'2025-03-14 21:35:28'),(746,106,275,'2',NULL,'2025-03-14 21:35:28'),(747,106,276,'3',NULL,'2025-03-14 21:35:28'),(748,106,295,'4',NULL,'2025-03-14 21:35:28'),(749,107,294,'0',NULL,'2025-03-14 21:35:28'),(750,107,274,'1',NULL,'2025-03-14 21:35:28'),(751,107,275,'2',NULL,'2025-03-14 21:35:28'),(752,107,276,'3',NULL,'2025-03-14 21:35:28'),(753,107,295,'4',NULL,'2025-03-14 21:35:28'),(754,108,296,NULL,NULL,NULL),(755,108,297,NULL,NULL,NULL),(756,108,298,NULL,NULL,NULL),(757,108,8,NULL,NULL,NULL),(758,108,294,NULL,NULL,NULL),(759,109,299,NULL,NULL,NULL),(760,109,300,NULL,NULL,NULL),(761,109,301,NULL,NULL,NULL),(762,109,294,NULL,NULL,NULL),(763,110,302,NULL,NULL,NULL),(764,110,303,NULL,NULL,NULL),(765,110,282,NULL,NULL,NULL),(766,110,304,NULL,NULL,NULL),(767,111,284,'0',NULL,'2025-03-14 21:35:28'),(768,111,275,'1',NULL,'2025-03-14 21:35:28'),(769,111,276,'2',NULL,'2025-03-14 21:35:28'),(770,111,285,'3',NULL,'2025-03-14 21:35:28'),(771,111,286,'4',NULL,'2025-03-14 21:35:28'),(772,112,284,'0',NULL,'2025-03-14 21:35:28'),(773,112,275,'1',NULL,'2025-03-14 21:35:28'),(774,112,276,'2',NULL,'2025-03-14 21:35:28'),(775,112,285,'3',NULL,'2025-03-14 21:35:28'),(776,112,286,'4',NULL,'2025-03-14 21:35:28'),(777,113,284,'0',NULL,'2025-03-14 21:35:28'),(778,113,275,'1',NULL,'2025-03-14 21:35:28'),(779,113,276,'2',NULL,'2025-03-14 21:35:28'),(780,113,285,'3',NULL,'2025-03-14 21:35:28'),(781,113,286,'4',NULL,'2025-03-14 21:35:28'),(782,114,284,'0',NULL,'2025-03-14 21:35:28'),(783,114,275,'1',NULL,'2025-03-14 21:35:28'),(784,114,276,'2',NULL,'2025-03-14 21:35:28'),(785,114,285,'3',NULL,'2025-03-14 21:35:28'),(786,114,286,'4',NULL,'2025-03-14 21:35:28'),(787,115,284,'0',NULL,'2025-03-14 21:35:28'),(788,115,275,'1',NULL,'2025-03-14 21:35:28'),(789,115,276,'2',NULL,'2025-03-14 21:35:28'),(790,115,285,'3',NULL,'2025-03-14 21:35:28'),(791,115,286,'4',NULL,'2025-03-14 21:35:28'),(792,116,284,'0',NULL,'2025-03-14 21:35:28'),(793,116,275,'1',NULL,'2025-03-14 21:35:28'),(794,116,276,'2',NULL,'2025-03-14 21:35:28'),(795,116,285,'3',NULL,'2025-03-14 21:35:28'),(796,116,286,'4',NULL,'2025-03-14 21:35:28'),(797,117,284,'0',NULL,'2025-03-14 21:35:28'),(798,117,275,'1',NULL,'2025-03-14 21:35:28'),(799,117,276,'2',NULL,'2025-03-14 21:35:28'),(800,117,285,'3',NULL,'2025-03-14 21:35:28'),(801,117,286,'4',NULL,'2025-03-14 21:35:28'),(802,118,284,'0',NULL,'2025-03-14 21:35:28'),(803,118,275,'1',NULL,'2025-03-14 21:35:28'),(804,118,276,'2',NULL,'2025-03-14 21:35:28'),(805,118,285,'3',NULL,'2025-03-14 21:35:28'),(806,118,286,'4',NULL,'2025-03-14 21:35:28'),(807,119,284,'0',NULL,'2025-03-14 21:35:28'),(808,119,275,'1',NULL,'2025-03-14 21:35:28'),(809,119,276,'2',NULL,'2025-03-14 21:35:28'),(810,119,285,'3',NULL,'2025-03-14 21:35:28'),(811,119,286,'4',NULL,'2025-03-14 21:35:28'),(812,120,284,'0',NULL,'2025-03-14 21:35:28'),(813,120,275,'1',NULL,'2025-03-14 21:35:28'),(814,120,276,'2',NULL,'2025-03-14 21:35:28'),(815,120,285,'3',NULL,'2025-03-14 21:35:28'),(816,120,286,'4',NULL,'2025-03-14 21:35:28'),(817,121,284,'0',NULL,'2025-03-14 21:35:28'),(818,121,275,'1',NULL,'2025-03-14 21:35:28'),(819,121,276,'2',NULL,'2025-03-14 21:35:28'),(820,121,285,'3',NULL,'2025-03-14 21:35:28'),(821,121,286,'4',NULL,'2025-03-14 21:35:28'),(822,122,284,'0',NULL,'2025-03-14 21:35:28'),(823,122,275,'1',NULL,'2025-03-14 21:35:28'),(824,122,276,'2',NULL,'2025-03-14 21:35:28'),(825,122,285,'3',NULL,'2025-03-14 21:35:28'),(826,122,286,'4',NULL,'2025-03-14 21:35:28'),(827,123,284,'0',NULL,'2025-03-14 21:35:28'),(828,123,275,'1',NULL,'2025-03-14 21:35:28'),(829,123,276,'2',NULL,'2025-03-14 21:35:28'),(830,123,285,'3',NULL,'2025-03-14 21:35:28'),(831,123,286,'4',NULL,'2025-03-14 21:35:28'),(832,124,284,'0',NULL,'2025-03-14 21:35:28'),(833,124,275,'1',NULL,'2025-03-14 21:35:28'),(834,124,276,'2',NULL,'2025-03-14 21:35:28'),(835,124,285,'3',NULL,'2025-03-14 21:35:28'),(836,124,286,'4',NULL,'2025-03-14 21:35:28'),(837,125,284,'0',NULL,'2025-03-14 21:35:28'),(838,125,275,'1',NULL,'2025-03-14 21:35:28'),(839,125,276,'2',NULL,'2025-03-14 21:35:28'),(840,125,285,'3',NULL,'2025-03-14 21:35:28'),(841,125,286,'4',NULL,'2025-03-14 21:35:28'),(842,126,284,'0',NULL,'2025-03-14 21:35:28'),(843,126,275,'1',NULL,'2025-03-14 21:35:28'),(844,126,276,'2',NULL,'2025-03-14 21:35:28'),(845,126,285,'3',NULL,'2025-03-14 21:35:28'),(846,126,286,'4',NULL,'2025-03-14 21:35:28'),(847,127,284,'0',NULL,'2025-03-14 21:35:28'),(848,127,275,'1',NULL,'2025-03-14 21:35:28'),(849,127,276,'2',NULL,'2025-03-14 21:35:28'),(850,127,285,'3',NULL,'2025-03-14 21:35:28'),(851,127,286,'4',NULL,'2025-03-14 21:35:28'),(852,128,284,'0',NULL,'2025-03-14 21:35:28'),(853,128,275,'1',NULL,'2025-03-14 21:35:28'),(854,128,276,'2',NULL,'2025-03-14 21:35:28'),(855,128,285,'3',NULL,'2025-03-14 21:35:28'),(856,128,286,'4',NULL,'2025-03-14 21:35:28'),(857,129,284,'0',NULL,'2025-03-14 21:35:28'),(858,129,275,'1',NULL,'2025-03-14 21:35:28'),(859,129,276,'2',NULL,'2025-03-14 21:35:28'),(860,129,285,'3',NULL,'2025-03-14 21:35:28'),(861,129,286,'4',NULL,'2025-03-14 21:35:28'),(862,130,284,'0',NULL,'2025-03-14 21:35:28'),(863,130,275,'1',NULL,'2025-03-14 21:35:28'),(864,130,276,'2',NULL,'2025-03-14 21:35:28'),(865,130,285,'3',NULL,'2025-03-14 21:35:28'),(866,130,286,'4',NULL,'2025-03-14 21:35:28'),(867,131,284,'0',NULL,'2025-03-14 21:35:28'),(868,131,275,'1',NULL,'2025-03-14 21:35:28'),(869,131,276,'2',NULL,'2025-03-14 21:35:28'),(870,131,285,'3',NULL,'2025-03-14 21:35:28'),(871,131,286,'4',NULL,'2025-03-14 21:35:28'),(872,132,284,'0',NULL,'2025-03-14 21:35:28'),(873,132,275,'1',NULL,'2025-03-14 21:35:28'),(874,132,276,'2',NULL,'2025-03-14 21:35:28'),(875,132,285,'3',NULL,'2025-03-14 21:35:28'),(876,132,286,'4',NULL,'2025-03-14 21:35:28'),(877,133,284,'0',NULL,'2025-03-14 21:35:28'),(878,133,275,'1',NULL,'2025-03-14 21:35:28'),(879,133,276,'2',NULL,'2025-03-14 21:35:28'),(880,133,285,'3',NULL,'2025-03-14 21:35:28'),(881,133,286,'4',NULL,'2025-03-14 21:35:28'),(882,134,284,'0',NULL,'2025-03-14 21:35:28'),(883,134,275,'1',NULL,'2025-03-14 21:35:28'),(884,134,276,'2',NULL,'2025-03-14 21:35:28'),(885,134,285,'3',NULL,'2025-03-14 21:35:28'),(886,134,286,'4',NULL,'2025-03-14 21:35:28'),(887,135,287,'7',NULL,'2025-03-14 21:35:28'),(888,135,288,'6',NULL,'2025-03-14 21:35:28'),(889,135,289,'5',NULL,'2025-03-14 21:35:28'),(890,135,290,'4',NULL,'2025-03-14 21:35:28'),(891,135,291,'3',NULL,'2025-03-14 21:35:28'),(892,135,292,'2',NULL,'2025-03-14 21:35:28'),(893,135,293,'1',NULL,'2025-03-14 21:35:28'),(894,136,287,'7',NULL,'2025-03-14 21:35:28'),(895,136,288,'6',NULL,'2025-03-14 21:35:28'),(896,136,289,'5',NULL,'2025-03-14 21:35:28'),(897,136,290,'4',NULL,'2025-03-14 21:35:28'),(898,136,291,'3',NULL,'2025-03-14 21:35:28'),(899,136,292,'2',NULL,'2025-03-14 21:35:28'),(900,136,293,'1',NULL,'2025-03-14 21:35:28'),(901,137,287,'7',NULL,'2025-03-14 21:35:28'),(902,137,288,'6',NULL,'2025-03-14 21:35:28'),(903,137,289,'5',NULL,'2025-03-14 21:35:28'),(904,137,290,'4',NULL,'2025-03-14 21:35:28'),(905,137,291,'3',NULL,'2025-03-14 21:35:28'),(906,137,292,'2',NULL,'2025-03-14 21:35:28'),(907,137,293,'1',NULL,'2025-03-14 21:35:28'),(908,138,287,'7',NULL,'2025-03-14 21:35:28'),(909,138,288,'6',NULL,'2025-03-14 21:35:28'),(910,138,289,'5',NULL,'2025-03-14 21:35:28'),(911,138,290,'4',NULL,'2025-03-14 21:35:28'),(912,138,291,'3',NULL,'2025-03-14 21:35:28'),(913,138,292,'2',NULL,'2025-03-14 21:35:28'),(914,138,293,'1',NULL,'2025-03-14 21:35:28'),(915,139,287,'7',NULL,'2025-03-14 21:35:28'),(916,139,288,'6',NULL,'2025-03-14 21:35:28'),(917,139,289,'5',NULL,'2025-03-14 21:35:28'),(918,139,290,'4',NULL,'2025-03-14 21:35:28'),(919,139,291,'3',NULL,'2025-03-14 21:35:28'),(920,139,292,'2',NULL,'2025-03-14 21:35:28'),(921,139,293,'1',NULL,'2025-03-14 21:35:28'),(922,140,287,'7',NULL,'2025-03-14 21:35:28'),(923,140,288,'6',NULL,'2025-03-14 21:35:28'),(924,140,289,'5',NULL,'2025-03-14 21:35:28'),(925,140,290,'4',NULL,'2025-03-14 21:35:28'),(926,140,291,'3',NULL,'2025-03-14 21:35:28'),(927,140,292,'2',NULL,'2025-03-14 21:35:28'),(928,140,293,'1',NULL,'2025-03-14 21:35:28'),(929,141,287,'7',NULL,'2025-03-14 21:35:28'),(930,141,288,'6',NULL,'2025-03-14 21:35:28'),(931,141,289,'5',NULL,'2025-03-14 21:35:28'),(932,141,290,'4',NULL,'2025-03-14 21:35:28'),(933,141,291,'3',NULL,'2025-03-14 21:35:28'),(934,141,292,'2',NULL,'2025-03-14 21:35:28'),(935,141,293,'1',NULL,'2025-03-14 21:35:28'),(936,142,287,'7',NULL,'2025-03-14 21:35:28'),(937,142,288,'6',NULL,'2025-03-14 21:35:28'),(938,142,289,'5',NULL,'2025-03-14 21:35:28'),(939,142,290,'4',NULL,'2025-03-14 21:35:28'),(940,142,291,'3',NULL,'2025-03-14 21:35:28'),(941,142,292,'2',NULL,'2025-03-14 21:35:28'),(942,142,293,'1',NULL,'2025-03-14 21:35:29'),(943,143,287,'7',NULL,'2025-03-14 21:35:29'),(944,143,288,'6',NULL,'2025-03-14 21:35:29'),(945,143,289,'5',NULL,'2025-03-14 21:35:29'),(946,143,290,'4',NULL,'2025-03-14 21:35:29'),(947,143,291,'3',NULL,'2025-03-14 21:35:29'),(948,143,292,'2',NULL,'2025-03-14 21:35:29'),(949,143,293,'1',NULL,'2025-03-14 21:35:29'),(950,144,287,'7',NULL,'2025-03-14 21:35:29'),(951,144,288,'6',NULL,'2025-03-14 21:35:29'),(952,144,289,'5',NULL,'2025-03-14 21:35:29'),(953,144,290,'4',NULL,'2025-03-14 21:35:29'),(954,144,291,'3',NULL,'2025-03-14 21:35:29'),(955,144,292,'2',NULL,'2025-03-14 21:35:29'),(956,144,293,'1',NULL,'2025-03-14 21:35:29'),(957,145,287,'7',NULL,'2025-03-14 21:35:29'),(958,145,288,'6',NULL,'2025-03-14 21:35:29'),(959,145,289,'5',NULL,'2025-03-14 21:35:29'),(960,145,290,'4',NULL,'2025-03-14 21:35:29'),(961,145,291,'3',NULL,'2025-03-14 21:35:29'),(962,145,292,'2',NULL,'2025-03-14 21:35:29'),(963,145,293,'1',NULL,'2025-03-14 21:35:29'),(964,146,287,'7',NULL,'2025-03-14 21:35:29'),(965,146,288,'6',NULL,'2025-03-14 21:35:29'),(966,146,289,'5',NULL,'2025-03-14 21:35:29'),(967,146,290,'4',NULL,'2025-03-14 21:35:29'),(968,146,291,'3',NULL,'2025-03-14 21:35:29'),(969,146,292,'2',NULL,'2025-03-14 21:35:29'),(970,146,293,'1',NULL,'2025-03-14 21:35:29'),(971,147,287,'7',NULL,'2025-03-14 21:35:29'),(972,147,288,'6',NULL,'2025-03-14 21:35:29'),(973,147,289,'5',NULL,'2025-03-14 21:35:29'),(974,147,290,'4',NULL,'2025-03-14 21:35:29'),(975,147,291,'3',NULL,'2025-03-14 21:35:29'),(976,147,292,'2',NULL,'2025-03-14 21:35:29'),(977,147,293,'1',NULL,'2025-03-14 21:35:29'),(978,148,287,'7',NULL,'2025-03-14 21:35:29'),(979,148,288,'6',NULL,'2025-03-14 21:35:29'),(980,148,289,'5',NULL,'2025-03-14 21:35:29'),(981,148,290,'4',NULL,'2025-03-14 21:35:29'),(982,148,291,'3',NULL,'2025-03-14 21:35:29'),(983,148,292,'2',NULL,'2025-03-14 21:35:29'),(984,148,293,'1',NULL,'2025-03-14 21:35:29'),(985,149,287,'7',NULL,'2025-03-14 21:35:29'),(986,149,288,'6',NULL,'2025-03-14 21:35:29'),(987,149,289,'5',NULL,'2025-03-14 21:35:29'),(988,149,290,'4',NULL,'2025-03-14 21:35:29'),(989,149,291,'3',NULL,'2025-03-14 21:35:29'),(990,149,292,'2',NULL,'2025-03-14 21:35:29'),(991,149,293,'1',NULL,'2025-03-14 21:35:29'),(992,150,287,'7',NULL,'2025-03-14 21:35:29'),(993,150,288,'6',NULL,'2025-03-14 21:35:29'),(994,150,289,'5',NULL,'2025-03-14 21:35:29'),(995,150,290,'4',NULL,'2025-03-14 21:35:29'),(996,150,291,'3',NULL,'2025-03-14 21:35:29'),(997,150,292,'2',NULL,'2025-03-14 21:35:29'),(998,150,293,'1',NULL,'2025-03-14 21:35:29'),(999,151,287,'7',NULL,'2025-03-14 21:35:29'),(1000,151,288,'6',NULL,'2025-03-14 21:35:29'),(1001,151,289,'5',NULL,'2025-03-14 21:35:29'),(1002,151,290,'4',NULL,'2025-03-14 21:35:29'),(1003,151,291,'3',NULL,'2025-03-14 21:35:29'),(1004,151,292,'2',NULL,'2025-03-14 21:35:29'),(1005,151,293,'1',NULL,'2025-03-14 21:35:29'),(1006,152,287,'7',NULL,'2025-03-14 21:35:29'),(1007,152,288,'6',NULL,'2025-03-14 21:35:29'),(1008,152,289,'5',NULL,'2025-03-14 21:35:29'),(1009,152,290,'4',NULL,'2025-03-14 21:35:29'),(1010,152,291,'3',NULL,'2025-03-14 21:35:29'),(1011,152,292,'2',NULL,'2025-03-14 21:35:29'),(1012,152,293,'1',NULL,'2025-03-14 21:35:29'),(1013,153,287,'7',NULL,'2025-03-14 21:35:29'),(1014,153,288,'6',NULL,'2025-03-14 21:35:29'),(1015,153,289,'5',NULL,'2025-03-14 21:35:29'),(1016,153,290,'4',NULL,'2025-03-14 21:35:29'),(1017,153,291,'3',NULL,'2025-03-14 21:35:29'),(1018,153,292,'2',NULL,'2025-03-14 21:35:29'),(1019,153,293,'1',NULL,'2025-03-14 21:35:29'),(1020,154,287,'7',NULL,'2025-03-14 21:35:29'),(1021,154,288,'6',NULL,'2025-03-14 21:35:29'),(1022,154,289,'5',NULL,'2025-03-14 21:35:29'),(1023,154,290,'4',NULL,'2025-03-14 21:35:29'),(1024,154,291,'3',NULL,'2025-03-14 21:35:29'),(1025,154,292,'2',NULL,'2025-03-14 21:35:29'),(1026,154,293,'1',NULL,'2025-03-14 21:35:29'),(1027,155,287,'7',NULL,'2025-03-14 21:35:29'),(1028,155,288,'6',NULL,'2025-03-14 21:35:29'),(1029,155,289,'5',NULL,'2025-03-14 21:35:29'),(1030,155,290,'4',NULL,'2025-03-14 21:35:29'),(1031,155,291,'3',NULL,'2025-03-14 21:35:29'),(1032,155,292,'2',NULL,'2025-03-14 21:35:29'),(1033,155,293,'1',NULL,'2025-03-14 21:35:29'),(1034,156,287,'7',NULL,'2025-03-14 21:35:29'),(1035,156,288,'6',NULL,'2025-03-14 21:35:29'),(1036,156,289,'5',NULL,'2025-03-14 21:35:29'),(1037,156,290,'4',NULL,'2025-03-14 21:35:29'),(1038,156,291,'3',NULL,'2025-03-14 21:35:29'),(1039,156,292,'2',NULL,'2025-03-14 21:35:29'),(1040,156,293,'1',NULL,'2025-03-14 21:35:29'),(1041,157,287,'7',NULL,'2025-03-14 21:35:29'),(1042,157,288,'6',NULL,'2025-03-14 21:35:29'),(1043,157,289,'5',NULL,'2025-03-14 21:35:29'),(1044,157,290,'4',NULL,'2025-03-14 21:35:29'),(1045,157,291,'3',NULL,'2025-03-14 21:35:29'),(1046,157,292,'2',NULL,'2025-03-14 21:35:29'),(1047,157,293,'1',NULL,'2025-03-14 21:35:29'),(1048,158,287,'7',NULL,'2025-03-14 21:35:29'),(1049,158,288,'6',NULL,'2025-03-14 21:35:29'),(1050,158,289,'5',NULL,'2025-03-14 21:35:29'),(1051,158,290,'4',NULL,'2025-03-14 21:35:29'),(1052,158,291,'3',NULL,'2025-03-14 21:35:29'),(1053,158,292,'2',NULL,'2025-03-14 21:35:29'),(1054,158,293,'1',NULL,'2025-03-14 21:35:29'),(1055,159,284,'0',NULL,'2025-03-14 21:35:29'),(1056,159,275,'1',NULL,'2025-03-14 21:35:29'),(1057,159,276,'2',NULL,'2025-03-14 21:35:29'),(1058,159,285,'3',NULL,'2025-03-14 21:35:29'),(1059,159,286,'4',NULL,'2025-03-14 21:35:29'),(1060,160,284,'0',NULL,'2025-03-14 21:35:29'),(1061,160,275,'1',NULL,'2025-03-14 21:35:29'),(1062,160,276,'2',NULL,'2025-03-14 21:35:29'),(1063,160,285,'3',NULL,'2025-03-14 21:35:29'),(1064,160,286,'4',NULL,'2025-03-14 21:35:29'),(1065,161,284,'0',NULL,'2025-03-14 21:35:29'),(1066,161,275,'1',NULL,'2025-03-14 21:35:29'),(1067,161,276,'2',NULL,'2025-03-14 21:35:29'),(1068,161,285,'3',NULL,'2025-03-14 21:35:29'),(1069,161,286,'4',NULL,'2025-03-14 21:35:29'),(1070,162,284,'0',NULL,'2025-03-14 21:35:29'),(1071,162,275,'1',NULL,'2025-03-14 21:35:29'),(1072,162,276,'2',NULL,'2025-03-14 21:35:29'),(1073,162,285,'3',NULL,'2025-03-14 21:35:29'),(1074,162,286,'4',NULL,'2025-03-14 21:35:29'),(1075,163,284,'0',NULL,'2025-03-14 21:35:29'),(1076,163,275,'1',NULL,'2025-03-14 21:35:29'),(1077,163,276,'2',NULL,'2025-03-14 21:35:29'),(1078,163,285,'3',NULL,'2025-03-14 21:35:29'),(1079,163,286,'4',NULL,'2025-03-14 21:35:29'),(1080,164,284,'0',NULL,'2025-03-14 21:35:29'),(1081,164,275,'1',NULL,'2025-03-14 21:35:29'),(1082,164,276,'2',NULL,'2025-03-14 21:35:29'),(1083,164,285,'3',NULL,'2025-03-14 21:35:29'),(1084,164,286,'4',NULL,'2025-03-14 21:35:29'),(1085,165,284,'0',NULL,'2025-03-14 21:35:29'),(1086,165,275,'1',NULL,'2025-03-14 21:35:29'),(1087,165,276,'2',NULL,'2025-03-14 21:35:29'),(1088,165,285,'3',NULL,'2025-03-14 21:35:29'),(1089,165,286,'4',NULL,'2025-03-14 21:35:29'),(1090,166,284,'0',NULL,'2025-03-14 21:35:29'),(1091,166,275,'1',NULL,'2025-03-14 21:35:29'),(1092,166,276,'2',NULL,'2025-03-14 21:35:29'),(1093,166,285,'3',NULL,'2025-03-14 21:35:29'),(1094,166,286,'4',NULL,'2025-03-14 21:35:29'),(1095,167,284,'0',NULL,'2025-03-14 21:35:29'),(1096,167,275,'1',NULL,'2025-03-14 21:35:29'),(1097,167,276,'2',NULL,'2025-03-14 21:35:29'),(1098,167,285,'3',NULL,'2025-03-14 21:35:29'),(1099,167,286,'4',NULL,'2025-03-14 21:35:29'),(1100,168,284,'0',NULL,'2025-03-14 21:35:29'),(1101,168,275,'1',NULL,'2025-03-14 21:35:29'),(1102,168,276,'2',NULL,'2025-03-14 21:35:29'),(1103,168,285,'3',NULL,'2025-03-14 21:35:29'),(1104,168,286,'4',NULL,'2025-03-14 21:35:29'),(1105,169,284,'0',NULL,'2025-03-14 21:35:29'),(1106,169,275,'1',NULL,'2025-03-14 21:35:29'),(1107,169,276,'2',NULL,'2025-03-14 21:35:29'),(1108,169,285,'3',NULL,'2025-03-14 21:35:29'),(1109,169,286,'4',NULL,'2025-03-14 21:35:29'),(1110,170,284,'0',NULL,'2025-03-14 21:35:29'),(1111,170,275,'1',NULL,'2025-03-14 21:35:29'),(1112,170,276,'2',NULL,'2025-03-14 21:35:29'),(1113,170,285,'3',NULL,'2025-03-14 21:35:29'),(1114,170,286,'4',NULL,'2025-03-14 21:35:29'),(1115,171,284,'0',NULL,'2025-03-14 21:35:29'),(1116,171,275,'1',NULL,'2025-03-14 21:35:29'),(1117,171,276,'2',NULL,'2025-03-14 21:35:29'),(1118,171,285,'3',NULL,'2025-03-14 21:35:29'),(1119,171,286,'4',NULL,'2025-03-14 21:35:29'),(1120,172,284,'0',NULL,'2025-03-14 21:35:29'),(1121,172,275,'1',NULL,'2025-03-14 21:35:29'),(1122,172,276,'2',NULL,'2025-03-14 21:35:29'),(1123,172,285,'3',NULL,'2025-03-14 21:35:30'),(1124,172,286,'4',NULL,'2025-03-14 21:35:30'),(1125,173,284,'0',NULL,'2025-03-14 21:35:30'),(1126,173,275,'1',NULL,'2025-03-14 21:35:30'),(1127,173,276,'2',NULL,'2025-03-14 21:35:30'),(1128,173,285,'3',NULL,'2025-03-14 21:35:30'),(1129,173,286,'4',NULL,'2025-03-14 21:35:30'),(1130,174,284,'0',NULL,'2025-03-14 21:35:30'),(1131,174,275,'1',NULL,'2025-03-14 21:35:30'),(1132,174,276,'2',NULL,'2025-03-14 21:35:30'),(1133,174,285,'3',NULL,'2025-03-14 21:35:30'),(1134,174,286,'4',NULL,'2025-03-14 21:35:30'),(1135,175,284,'0',NULL,'2025-03-14 21:35:30'),(1136,175,275,'1',NULL,'2025-03-14 21:35:30'),(1137,175,276,'2',NULL,'2025-03-14 21:35:30'),(1138,175,285,'3',NULL,'2025-03-14 21:35:30'),(1139,175,286,'4',NULL,'2025-03-14 21:35:30'),(1140,176,284,'0',NULL,'2025-03-14 21:35:30'),(1141,176,275,'1',NULL,'2025-03-14 21:35:30'),(1142,176,276,'2',NULL,'2025-03-14 21:35:30'),(1143,176,285,'3',NULL,'2025-03-14 21:35:30'),(1144,176,286,'4',NULL,'2025-03-14 21:35:30'),(1145,177,284,'0',NULL,'2025-03-14 21:35:30'),(1146,177,275,'1',NULL,'2025-03-14 21:35:30'),(1147,177,276,'2',NULL,'2025-03-14 21:35:30'),(1148,177,285,'3',NULL,'2025-03-14 21:35:30'),(1149,177,286,'4',NULL,'2025-03-14 21:35:30'),(1150,178,284,'0',NULL,'2025-03-14 21:35:30'),(1151,178,275,'1',NULL,'2025-03-14 21:35:30'),(1152,178,276,'2',NULL,'2025-03-14 21:35:30'),(1153,178,285,'3',NULL,'2025-03-14 21:35:30'),(1154,178,286,'4',NULL,'2025-03-14 21:35:30'),(1155,179,284,'0',NULL,'2025-03-14 21:35:30'),(1156,179,275,'1',NULL,'2025-03-14 21:35:30'),(1157,179,276,'2',NULL,'2025-03-14 21:35:30'),(1158,179,285,'3',NULL,'2025-03-14 21:35:30'),(1159,179,286,'4',NULL,'2025-03-14 21:35:30'),(1160,180,284,'0',NULL,'2025-03-14 21:35:30'),(1161,180,275,'1',NULL,'2025-03-14 21:35:30'),(1162,180,276,'2',NULL,'2025-03-14 21:35:30'),(1163,180,285,'3',NULL,'2025-03-14 21:35:30'),(1164,180,286,'4',NULL,'2025-03-14 21:35:30'),(1165,181,284,'0',NULL,'2025-03-14 21:35:30'),(1166,181,275,'1',NULL,'2025-03-14 21:35:30'),(1167,181,276,'2',NULL,'2025-03-14 21:35:30'),(1168,181,285,'3',NULL,'2025-03-14 21:35:30'),(1169,181,286,'4',NULL,'2025-03-14 21:35:30'),(1170,182,284,'0',NULL,'2025-03-14 21:35:30'),(1171,182,275,'1',NULL,'2025-03-14 21:35:30'),(1172,182,276,'2',NULL,'2025-03-14 21:35:30'),(1173,182,285,'3',NULL,'2025-03-14 21:35:30'),(1174,182,286,'4',NULL,'2025-03-14 21:35:30'),(1175,183,284,'0',NULL,'2025-03-14 21:35:30'),(1176,183,275,'1',NULL,'2025-03-14 21:35:30'),(1177,183,276,'2',NULL,'2025-03-14 21:35:30'),(1178,183,285,'3',NULL,'2025-03-14 21:35:30'),(1179,183,286,'4',NULL,'2025-03-14 21:35:30'),(1180,184,284,'0',NULL,'2025-03-14 21:35:30'),(1181,184,275,'1',NULL,'2025-03-14 21:35:30'),(1182,184,276,'2',NULL,'2025-03-14 21:35:30'),(1183,184,285,'3',NULL,'2025-03-14 21:35:30'),(1184,184,286,'4',NULL,'2025-03-14 21:35:30'),(1185,185,284,'0',NULL,'2025-03-14 21:35:30'),(1186,185,275,'1',NULL,'2025-03-14 21:35:30'),(1187,185,276,'2',NULL,'2025-03-14 21:35:30'),(1188,185,285,'3',NULL,'2025-03-14 21:35:30'),(1189,185,286,'4',NULL,'2025-03-14 21:35:30'),(1190,186,284,'0',NULL,'2025-03-14 21:35:30'),(1191,186,275,'1',NULL,'2025-03-14 21:35:30'),(1192,186,276,'2',NULL,'2025-03-14 21:35:30'),(1193,186,285,'3',NULL,'2025-03-14 21:35:30'),(1194,186,286,'4',NULL,'2025-03-14 21:35:30'),(1195,187,293,'1',NULL,'2025-03-14 21:35:30'),(1196,187,305,'2',NULL,'2025-03-14 21:35:30'),(1197,187,290,'3',NULL,'2025-03-14 21:35:30'),(1198,187,306,'4',NULL,'2025-03-14 21:35:30'),(1199,187,287,'5',NULL,'2025-03-14 21:35:30'),(1200,188,293,'1',NULL,'2025-03-14 21:35:30'),(1201,188,305,'2',NULL,'2025-03-14 21:35:30'),(1202,188,290,'3',NULL,'2025-03-14 21:35:30'),(1203,188,306,'4',NULL,'2025-03-14 21:35:30'),(1204,188,287,'5',NULL,'2025-03-14 21:35:30'),(1205,189,293,'1',NULL,'2025-03-14 21:35:30'),(1206,189,305,'2',NULL,'2025-03-14 21:35:30'),(1207,189,290,'3',NULL,'2025-03-14 21:35:30'),(1208,189,306,'4',NULL,'2025-03-14 21:35:30'),(1209,189,287,'5',NULL,'2025-03-14 21:35:30'),(1210,190,293,'1',NULL,'2025-03-14 21:35:30'),(1211,190,305,'2',NULL,'2025-03-14 21:35:30'),(1212,190,290,'3',NULL,'2025-03-14 21:35:30'),(1213,190,306,'4',NULL,'2025-03-14 21:35:30'),(1214,190,287,'5',NULL,'2025-03-14 21:35:30'),(1215,191,293,'1',NULL,'2025-03-14 21:35:30'),(1216,191,305,'2',NULL,'2025-03-14 21:35:30'),(1217,191,290,'3',NULL,'2025-03-14 21:35:30'),(1218,191,306,'4',NULL,'2025-03-14 21:35:30'),(1219,191,287,'5',NULL,'2025-03-14 21:35:30'),(1220,192,293,'1',NULL,'2025-03-14 21:35:30'),(1221,192,305,'2',NULL,'2025-03-14 21:35:30'),(1222,192,290,'3',NULL,'2025-03-14 21:35:30'),(1223,192,306,'4',NULL,'2025-03-14 21:35:30'),(1224,192,287,'5',NULL,'2025-03-14 21:35:30'),(1225,193,293,'1',NULL,'2025-03-14 21:35:30'),(1226,193,305,'2',NULL,'2025-03-14 21:35:30'),(1227,193,290,'3',NULL,'2025-03-14 21:35:30'),(1228,193,306,'4',NULL,'2025-03-14 21:35:30'),(1229,193,287,'5',NULL,'2025-03-14 21:35:30'),(1230,194,293,'1',NULL,'2025-03-14 21:35:30'),(1231,194,305,'2',NULL,'2025-03-14 21:35:30'),(1232,194,290,'3',NULL,'2025-03-14 21:35:30'),(1233,194,306,'4',NULL,'2025-03-14 21:35:30'),(1234,194,287,'5',NULL,'2025-03-14 21:35:30'),(1235,195,293,'1',NULL,'2025-03-14 21:35:30'),(1236,195,305,'2',NULL,'2025-03-14 21:35:30'),(1237,195,290,'3',NULL,'2025-03-14 21:35:30'),(1238,195,306,'4',NULL,'2025-03-14 21:35:30'),(1239,195,287,'5',NULL,'2025-03-14 21:35:30'),(1240,196,293,'1',NULL,'2025-03-14 21:35:30'),(1241,196,305,'2',NULL,'2025-03-14 21:35:30'),(1242,196,290,'3',NULL,'2025-03-14 21:35:30'),(1243,196,306,'4',NULL,'2025-03-14 21:35:30'),(1244,196,287,'5',NULL,'2025-03-14 21:35:30'),(1245,197,293,'1',NULL,'2025-03-14 21:35:30'),(1246,197,305,'2',NULL,'2025-03-14 21:35:30'),(1247,197,290,'3',NULL,'2025-03-14 21:35:30'),(1248,197,306,'4',NULL,'2025-03-14 21:35:30'),(1249,197,287,'5',NULL,'2025-03-14 21:35:30'),(1250,198,293,'1',NULL,'2025-03-14 21:35:30'),(1251,198,305,'2',NULL,'2025-03-14 21:35:30'),(1252,198,290,'3',NULL,'2025-03-14 21:35:30'),(1253,198,306,'4',NULL,'2025-03-14 21:35:30'),(1254,198,287,'5',NULL,'2025-03-14 21:35:30'),(1255,199,293,'1',NULL,'2025-03-14 21:35:30'),(1256,199,305,'2',NULL,'2025-03-14 21:35:30'),(1257,199,290,'3',NULL,'2025-03-14 21:35:30'),(1258,199,306,'4',NULL,'2025-03-14 21:35:30'),(1259,199,287,'5',NULL,'2025-03-14 21:35:30'),(1260,200,293,'1',NULL,'2025-03-14 21:35:30'),(1261,200,305,'2',NULL,'2025-03-14 21:35:30'),(1262,200,290,'3',NULL,'2025-03-14 21:35:30'),(1263,200,306,'4',NULL,'2025-03-14 21:35:30'),(1264,200,287,'5',NULL,'2025-03-14 21:35:30'),(1265,201,293,'1',NULL,'2025-03-14 21:35:30'),(1266,201,305,'2',NULL,'2025-03-14 21:35:30'),(1267,201,290,'3',NULL,'2025-03-14 21:35:30'),(1268,201,306,'4',NULL,'2025-03-14 21:35:30'),(1269,201,287,'5',NULL,'2025-03-14 21:35:30'),(1270,202,293,'1',NULL,'2025-03-14 21:35:30'),(1271,202,305,'2',NULL,'2025-03-14 21:35:30'),(1272,202,290,'3',NULL,'2025-03-14 21:35:30'),(1273,202,306,'4',NULL,'2025-03-14 21:35:30'),(1274,202,287,'5',NULL,'2025-03-14 21:35:30'),(1275,203,293,'1',NULL,'2025-03-14 21:35:30'),(1276,203,305,'2',NULL,'2025-03-14 21:35:31'),(1277,203,290,'3',NULL,'2025-03-14 21:35:31'),(1278,203,306,'4',NULL,'2025-03-14 21:35:31'),(1279,203,287,'5',NULL,'2025-03-14 21:35:31'),(1280,204,293,'1',NULL,'2025-03-14 21:35:31'),(1281,204,305,'2',NULL,'2025-03-14 21:35:31'),(1282,204,290,'3',NULL,'2025-03-14 21:35:31'),(1283,204,306,'4',NULL,'2025-03-14 21:35:31'),(1284,204,287,'5',NULL,'2025-03-14 21:35:31'),(1285,205,293,'1',NULL,'2025-03-14 21:35:31'),(1286,205,305,'2',NULL,'2025-03-14 21:35:31'),(1287,205,290,'3',NULL,'2025-03-14 21:35:31'),(1288,205,306,'4',NULL,'2025-03-14 21:35:31'),(1289,205,287,'5',NULL,'2025-03-14 21:35:31'),(1290,206,293,'1',NULL,'2025-03-14 21:35:31'),(1291,206,305,'2',NULL,'2025-03-14 21:35:31'),(1292,206,290,'3',NULL,'2025-03-14 21:35:31'),(1293,206,306,'4',NULL,'2025-03-14 21:35:31'),(1294,206,287,'5',NULL,'2025-03-14 21:35:31'),(1295,207,293,'1',NULL,'2025-03-14 21:35:31'),(1296,207,305,'2',NULL,'2025-03-14 21:35:31'),(1297,207,290,'3',NULL,'2025-03-14 21:35:31'),(1298,207,306,'4',NULL,'2025-03-14 21:35:31'),(1299,207,287,'5',NULL,'2025-03-14 21:35:31'),(1300,208,293,'1',NULL,'2025-03-14 21:35:31'),(1301,208,305,'2',NULL,'2025-03-14 21:35:31'),(1302,208,290,'3',NULL,'2025-03-14 21:35:31'),(1303,208,306,'4',NULL,'2025-03-14 21:35:31'),(1304,208,287,'5',NULL,'2025-03-14 21:35:31'),(1305,209,293,'1',NULL,'2025-03-14 21:35:31'),(1306,209,305,'2',NULL,'2025-03-14 21:35:31'),(1307,209,290,'3',NULL,'2025-03-14 21:35:31'),(1308,209,306,'4',NULL,'2025-03-14 21:35:31'),(1309,209,287,'5',NULL,'2025-03-14 21:35:31'),(1310,210,293,'1',NULL,'2025-03-14 21:35:31'),(1311,210,305,'2',NULL,'2025-03-14 21:35:31'),(1312,210,290,'3',NULL,'2025-03-14 21:35:31'),(1313,210,306,'4',NULL,'2025-03-14 21:35:31'),(1314,210,287,'5',NULL,'2025-03-14 21:35:31'),(1315,211,293,'1',NULL,'2025-03-14 21:35:31'),(1316,211,305,'2',NULL,'2025-03-14 21:35:31'),(1317,211,290,'3',NULL,'2025-03-14 21:35:31'),(1318,211,306,'4',NULL,'2025-03-14 21:35:31'),(1319,211,287,'5',NULL,'2025-03-14 21:35:31'),(1320,212,307,'1',NULL,'2025-03-14 21:35:31'),(1321,212,274,'2',NULL,'2025-03-14 21:35:31'),(1322,212,275,'3',NULL,'2025-03-14 21:35:31'),(1323,212,276,'4',NULL,'2025-03-14 21:35:31'),(1324,212,308,'5',NULL,'2025-03-14 21:35:31'),(1325,213,307,'1',NULL,'2025-03-14 21:35:31'),(1326,213,274,'2',NULL,'2025-03-14 21:35:31'),(1327,213,275,'3',NULL,'2025-03-14 21:35:31'),(1328,213,276,'4',NULL,'2025-03-14 21:35:31'),(1329,213,308,'5',NULL,'2025-03-14 21:35:31'),(1330,214,307,'1',NULL,'2025-03-14 21:35:31'),(1331,214,274,'2',NULL,'2025-03-14 21:35:31'),(1332,214,275,'3',NULL,'2025-03-14 21:35:31'),(1333,214,276,'4',NULL,'2025-03-14 21:35:31'),(1334,214,308,'5',NULL,'2025-03-14 21:35:31'),(1335,215,307,'1',NULL,'2025-03-14 21:35:31'),(1336,215,274,'2',NULL,'2025-03-14 21:35:31'),(1337,215,275,'3',NULL,'2025-03-14 21:35:31'),(1338,215,276,'4',NULL,'2025-03-14 21:35:31'),(1339,215,308,'5',NULL,'2025-03-14 21:35:31'),(1340,216,307,'1',NULL,'2025-03-14 21:35:31'),(1341,216,274,'2',NULL,'2025-03-14 21:35:31'),(1342,216,275,'3',NULL,'2025-03-14 21:35:31'),(1343,216,276,'4',NULL,'2025-03-14 21:35:31'),(1344,216,308,'5',NULL,'2025-03-14 21:35:31'),(1345,217,307,'1',NULL,'2025-03-14 21:35:31'),(1346,217,274,'2',NULL,'2025-03-14 21:35:31'),(1347,217,275,'3',NULL,'2025-03-14 21:35:31'),(1348,217,276,'4',NULL,'2025-03-14 21:35:31'),(1349,217,308,'5',NULL,'2025-03-14 21:35:31'),(1350,218,307,'1',NULL,'2025-03-14 21:35:31'),(1351,218,274,'2',NULL,'2025-03-14 21:35:31'),(1352,218,275,'3',NULL,'2025-03-14 21:35:31'),(1353,218,276,'4',NULL,'2025-03-14 21:35:31'),(1354,218,308,'5',NULL,'2025-03-14 21:35:31'),(1355,219,307,'1',NULL,'2025-03-14 21:35:31'),(1356,219,274,'2',NULL,'2025-03-14 21:35:31'),(1357,219,275,'3',NULL,'2025-03-14 21:35:31'),(1358,219,276,'4',NULL,'2025-03-14 21:35:31'),(1359,219,308,'5',NULL,'2025-03-14 21:35:31'),(1360,220,307,'1',NULL,'2025-03-14 21:35:31'),(1361,220,274,'2',NULL,'2025-03-14 21:35:31'),(1362,220,275,'3',NULL,'2025-03-14 21:35:31'),(1363,220,276,'4',NULL,'2025-03-14 21:35:31'),(1364,220,308,'5',NULL,'2025-03-14 21:35:31'),(1365,221,307,'1',NULL,'2025-03-14 21:35:31'),(1366,221,274,'2',NULL,'2025-03-14 21:35:31'),(1367,221,275,'3',NULL,'2025-03-14 21:35:31'),(1368,221,276,'4',NULL,'2025-03-14 21:35:31'),(1369,221,308,'5',NULL,'2025-03-14 21:35:31'),(1370,222,307,'1',NULL,'2025-03-14 21:35:31'),(1371,222,274,'2',NULL,'2025-03-14 21:35:31'),(1372,222,275,'3',NULL,'2025-03-14 21:35:31'),(1373,222,276,'4',NULL,'2025-03-14 21:35:31'),(1374,222,308,'5',NULL,'2025-03-14 21:35:31'),(1375,223,307,'1',NULL,'2025-03-14 21:35:31'),(1376,223,274,'2',NULL,'2025-03-14 21:35:31'),(1377,223,275,'3',NULL,'2025-03-14 21:35:31'),(1378,223,276,'4',NULL,'2025-03-14 21:35:31'),(1379,223,308,'5',NULL,'2025-03-14 21:35:31'),(1380,224,307,'1',NULL,'2025-03-14 21:35:31'),(1381,224,274,'2',NULL,'2025-03-14 21:35:31'),(1382,224,275,'3',NULL,'2025-03-14 21:35:31'),(1383,224,276,'4',NULL,'2025-03-14 21:35:31'),(1384,224,308,'5',NULL,'2025-03-14 21:35:31'),(1385,225,307,'1',NULL,'2025-03-14 21:35:31'),(1386,225,274,'2',NULL,'2025-03-14 21:35:31'),(1387,225,275,'3',NULL,'2025-03-14 21:35:31'),(1388,225,276,'4',NULL,'2025-03-14 21:35:31'),(1389,225,308,'5',NULL,'2025-03-14 21:35:31'),(1390,226,307,'1',NULL,'2025-03-14 21:35:31'),(1391,226,274,'2',NULL,'2025-03-14 21:35:31'),(1392,226,275,'3',NULL,'2025-03-14 21:35:31'),(1393,226,276,'4',NULL,'2025-03-14 21:35:31'),(1394,226,308,'5',NULL,'2025-03-14 21:35:31'),(1395,227,307,'1',NULL,'2025-03-14 21:35:31'),(1396,227,274,'2',NULL,'2025-03-14 21:35:31'),(1397,227,275,'3',NULL,'2025-03-14 21:35:31'),(1398,227,276,'4',NULL,'2025-03-14 21:35:31'),(1399,227,308,'5',NULL,'2025-03-14 21:35:31'),(1400,228,307,'1',NULL,'2025-03-14 21:35:31'),(1401,228,274,'2',NULL,'2025-03-14 21:35:31'),(1402,228,275,'3',NULL,'2025-03-14 21:35:31'),(1403,228,276,'4',NULL,'2025-03-14 21:35:31'),(1404,228,308,'5',NULL,'2025-03-14 21:35:31'),(1405,229,307,'1',NULL,'2025-03-14 21:35:31'),(1406,229,274,'2',NULL,'2025-03-14 21:35:31'),(1407,229,275,'3',NULL,'2025-03-14 21:35:31'),(1408,229,276,'4',NULL,'2025-03-14 21:35:31'),(1409,229,308,'5',NULL,'2025-03-14 21:35:31'),(1410,230,307,'1',NULL,'2025-03-14 21:35:31'),(1411,230,274,'2',NULL,'2025-03-14 21:35:31'),(1412,230,275,'3',NULL,'2025-03-14 21:35:31'),(1413,230,276,'4',NULL,'2025-03-14 21:35:31'),(1414,230,308,'5',NULL,'2025-03-14 21:35:31'),(1415,231,307,'1',NULL,'2025-03-14 21:35:31'),(1416,231,274,'2',NULL,'2025-03-14 21:35:31'),(1417,231,275,'3',NULL,'2025-03-14 21:35:31'),(1418,231,276,'4',NULL,'2025-03-14 21:35:32'),(1419,231,308,'5',NULL,'2025-03-14 21:35:32'),(1420,232,307,'1',NULL,'2025-03-14 21:35:32'),(1421,232,274,'2',NULL,'2025-03-14 21:35:32'),(1422,232,275,'3',NULL,'2025-03-14 21:35:32'),(1423,232,276,'4',NULL,'2025-03-14 21:35:32'),(1424,232,308,'5',NULL,'2025-03-14 21:35:32'),(1425,233,307,'1',NULL,'2025-03-14 21:35:32'),(1426,233,274,'2',NULL,'2025-03-14 21:35:32'),(1427,233,275,'3',NULL,'2025-03-14 21:35:32'),(1428,233,276,'4',NULL,'2025-03-14 21:35:32'),(1429,233,308,'5',NULL,'2025-03-14 21:35:32'),(1430,234,307,'1',NULL,'2025-03-14 21:35:32'),(1431,234,274,'2',NULL,'2025-03-14 21:35:32'),(1432,234,275,'3',NULL,'2025-03-14 21:35:32'),(1433,234,276,'4',NULL,'2025-03-14 21:35:32'),(1434,234,308,'5',NULL,'2025-03-14 21:35:32'),(1435,235,307,'1',NULL,'2025-03-14 21:35:32'),(1436,235,274,'2',NULL,'2025-03-14 21:35:32'),(1437,235,275,'3',NULL,'2025-03-14 21:35:32'),(1438,235,276,'4',NULL,'2025-03-14 21:35:32'),(1439,235,308,'5',NULL,'2025-03-14 21:35:32'),(1440,236,293,'1',NULL,'2025-03-14 21:35:32'),(1441,236,305,'2',NULL,'2025-03-14 21:35:32'),(1442,236,290,'3',NULL,'2025-03-14 21:35:32'),(1443,236,306,'4',NULL,'2025-03-14 21:35:32'),(1444,236,287,'5',NULL,'2025-03-14 21:35:32'),(1445,237,293,'1',NULL,'2025-03-14 21:35:32'),(1446,237,305,'2',NULL,'2025-03-14 21:35:32'),(1447,237,290,'3',NULL,'2025-03-14 21:35:32'),(1448,237,306,'4',NULL,'2025-03-14 21:35:32'),(1449,237,287,'5',NULL,'2025-03-14 21:35:32'),(1450,238,293,'1',NULL,'2025-03-14 21:35:32'),(1451,238,305,'2',NULL,'2025-03-14 21:35:32'),(1452,238,290,'3',NULL,'2025-03-14 21:35:32'),(1453,238,306,'4',NULL,'2025-03-14 21:35:32'),(1454,238,287,'5',NULL,'2025-03-14 21:35:32'),(1455,239,293,'1',NULL,'2025-03-14 21:35:32'),(1456,239,305,'2',NULL,'2025-03-14 21:35:32'),(1457,239,290,'3',NULL,'2025-03-14 21:35:32'),(1458,239,306,'4',NULL,'2025-03-14 21:35:32'),(1459,239,287,'5',NULL,'2025-03-14 21:35:32'),(1460,240,293,'1',NULL,'2025-03-14 21:35:32'),(1461,240,305,'2',NULL,'2025-03-14 21:35:32'),(1462,240,290,'3',NULL,'2025-03-14 21:35:32'),(1463,240,306,'4',NULL,'2025-03-14 21:35:32'),(1464,240,287,'5',NULL,'2025-03-14 21:35:32'),(1465,241,293,'1',NULL,'2025-03-14 21:35:32'),(1466,241,305,'2',NULL,'2025-03-14 21:35:32'),(1467,241,290,'3',NULL,'2025-03-14 21:35:32'),(1468,241,306,'4',NULL,'2025-03-14 21:35:32'),(1469,241,287,'5',NULL,'2025-03-14 21:35:32'),(1470,242,293,'1',NULL,'2025-03-14 21:35:32'),(1471,242,305,'2',NULL,'2025-03-14 21:35:32'),(1472,242,290,'3',NULL,'2025-03-14 21:35:32'),(1473,242,306,'4',NULL,'2025-03-14 21:35:32'),(1474,242,287,'5',NULL,'2025-03-14 21:35:32'),(1475,243,293,'1',NULL,'2025-03-14 21:35:32'),(1476,243,305,'2',NULL,'2025-03-14 21:35:32'),(1477,243,290,'3',NULL,'2025-03-14 21:35:32'),(1478,243,306,'4',NULL,'2025-03-14 21:35:32'),(1479,243,287,'5',NULL,'2025-03-14 21:35:32'),(1480,244,293,'1',NULL,'2025-03-14 21:35:32'),(1481,244,305,'2',NULL,'2025-03-14 21:35:32'),(1482,244,290,'3',NULL,'2025-03-14 21:35:32'),(1483,244,306,'4',NULL,'2025-03-14 21:35:32'),(1484,244,287,'5',NULL,'2025-03-14 21:35:32'),(1485,245,293,'1',NULL,'2025-03-14 21:35:32'),(1486,245,305,'2',NULL,'2025-03-14 21:35:32'),(1487,245,290,'3',NULL,'2025-03-14 21:35:32'),(1488,245,306,'4',NULL,'2025-03-14 21:35:32'),(1489,245,287,'5',NULL,'2025-03-14 21:35:32'),(1490,246,293,'1',NULL,'2025-03-14 21:35:32'),(1491,246,305,'2',NULL,'2025-03-14 21:35:32'),(1492,246,290,'3',NULL,'2025-03-14 21:35:32'),(1493,246,306,'4',NULL,'2025-03-14 21:35:32'),(1494,246,287,'5',NULL,'2025-03-14 21:35:32'),(1495,247,293,'1',NULL,'2025-03-14 21:35:32'),(1496,247,305,'2',NULL,'2025-03-14 21:35:32'),(1497,247,290,'3',NULL,'2025-03-14 21:35:32'),(1498,247,306,'4',NULL,'2025-03-14 21:35:32'),(1499,247,287,'5',NULL,'2025-03-14 21:35:32'),(1500,248,293,'1',NULL,'2025-03-14 21:35:32'),(1501,248,305,'2',NULL,'2025-03-14 21:35:32'),(1502,248,290,'3',NULL,'2025-03-14 21:35:32'),(1503,248,306,'4',NULL,'2025-03-14 21:35:32'),(1504,248,287,'5',NULL,'2025-03-14 21:35:32'),(1505,249,293,'1',NULL,'2025-03-14 21:35:32'),(1506,249,305,'2',NULL,'2025-03-14 21:35:32'),(1507,249,290,'3',NULL,'2025-03-14 21:35:32'),(1508,249,306,'4',NULL,'2025-03-14 21:35:32'),(1509,249,287,'5',NULL,'2025-03-14 21:35:32'),(1510,250,293,'1',NULL,'2025-03-14 21:35:32'),(1511,250,305,'2',NULL,'2025-03-14 21:35:32'),(1512,250,290,'3',NULL,'2025-03-14 21:35:32'),(1513,250,306,'4',NULL,'2025-03-14 21:35:32'),(1514,250,287,'5',NULL,'2025-03-14 21:35:32'),(1515,251,293,'1',NULL,'2025-03-14 21:35:32'),(1516,251,305,'2',NULL,'2025-03-14 21:35:32'),(1517,251,290,'3',NULL,'2025-03-14 21:35:32'),(1518,251,306,'4',NULL,'2025-03-14 21:35:32'),(1519,251,287,'5',NULL,'2025-03-14 21:35:32'),(1520,252,293,'1',NULL,'2025-03-14 21:35:32'),(1521,252,305,'2',NULL,'2025-03-14 21:35:32'),(1522,252,290,'3',NULL,'2025-03-14 21:35:32'),(1523,252,306,'4',NULL,'2025-03-14 21:35:32'),(1524,252,287,'5',NULL,'2025-03-14 21:35:32'),(1525,253,293,'1',NULL,'2025-03-14 21:35:32'),(1526,253,305,'2',NULL,'2025-03-14 21:35:32'),(1527,253,290,'3',NULL,'2025-03-14 21:35:32'),(1528,253,306,'4',NULL,'2025-03-14 21:35:32'),(1529,253,287,'5',NULL,'2025-03-14 21:35:32'),(1530,254,293,'1',NULL,'2025-03-14 21:35:32'),(1531,254,305,'2',NULL,'2025-03-14 21:35:32'),(1532,254,290,'3',NULL,'2025-03-14 21:35:32'),(1533,254,306,'4',NULL,'2025-03-14 21:35:32'),(1534,254,287,'5',NULL,'2025-03-14 21:35:32'),(1535,255,293,'1',NULL,'2025-03-14 21:35:32'),(1536,255,305,'2',NULL,'2025-03-14 21:35:32'),(1537,255,290,'3',NULL,'2025-03-14 21:35:32'),(1538,255,306,'4',NULL,'2025-03-14 21:35:32'),(1539,255,287,'5',NULL,'2025-03-14 21:35:32'),(1540,256,293,'1',NULL,'2025-03-14 21:35:32'),(1541,256,305,'2',NULL,'2025-03-14 21:35:32'),(1542,256,290,'3',NULL,'2025-03-14 21:35:32'),(1543,256,306,'4',NULL,'2025-03-14 21:35:32'),(1544,256,287,'5',NULL,'2025-03-14 21:35:32'),(1545,257,293,'1',NULL,'2025-03-14 21:35:32'),(1546,257,305,'2',NULL,'2025-03-14 21:35:32'),(1547,257,290,'3',NULL,'2025-03-14 21:35:32'),(1548,257,306,'4',NULL,'2025-03-14 21:35:32'),(1549,257,287,'5',NULL,'2025-03-14 21:35:32'),(1550,258,293,'1',NULL,'2025-03-14 21:35:32'),(1551,258,305,'2',NULL,'2025-03-14 21:35:32'),(1552,258,290,'3',NULL,'2025-03-14 21:35:32'),(1553,258,306,'4',NULL,'2025-03-14 21:35:32'),(1554,258,287,'5',NULL,'2025-03-14 21:35:32'),(1555,259,293,'1',NULL,'2025-03-14 21:35:32'),(1556,259,305,'2',NULL,'2025-03-14 21:35:32'),(1557,259,290,'3',NULL,'2025-03-14 21:35:32'),(1558,259,306,'4',NULL,'2025-03-14 21:35:32'),(1559,259,287,'5',NULL,'2025-03-14 21:35:32'),(1560,260,293,'1',NULL,'2025-03-14 21:35:32'),(1561,260,305,'2',NULL,'2025-03-14 21:35:32'),(1562,260,290,'3',NULL,'2025-03-14 21:35:32'),(1563,260,306,'4',NULL,'2025-03-14 21:35:32'),(1564,260,287,'5',NULL,'2025-03-14 21:35:32'),(1565,261,293,'1',NULL,'2025-03-14 21:35:32'),(1566,261,305,'2',NULL,'2025-03-14 21:35:32'),(1567,261,290,'3',NULL,'2025-03-14 21:35:32'),(1568,261,306,'4',NULL,'2025-03-14 21:35:32'),(1569,261,287,'5',NULL,'2025-03-14 21:35:32'),(1570,262,293,'1',NULL,'2025-03-14 21:35:32'),(1571,262,305,'2',NULL,'2025-03-14 21:35:32'),(1572,262,290,'3',NULL,'2025-03-14 21:35:32'),(1573,262,306,'4',NULL,'2025-03-14 21:35:32'),(1574,262,287,'5',NULL,'2025-03-14 21:35:32'),(1575,263,293,'1',NULL,'2025-03-14 21:35:32'),(1576,263,305,'2',NULL,'2025-03-14 21:35:32'),(1577,263,290,'3',NULL,'2025-03-14 21:35:32'),(1578,263,306,'4',NULL,'2025-03-14 21:35:32'),(1579,263,287,'5',NULL,'2025-03-14 21:35:32'),(1580,264,293,'1',NULL,'2025-03-14 21:35:32'),(1581,264,305,'2',NULL,'2025-03-14 21:35:32'),(1582,264,290,'3',NULL,'2025-03-14 21:35:32'),(1583,264,306,'4',NULL,'2025-03-14 21:35:32'),(1584,264,287,'5',NULL,'2025-03-14 21:35:33'),(1585,265,293,'1',NULL,'2025-03-14 21:35:33'),(1586,265,305,'2',NULL,'2025-03-14 21:35:33'),(1587,265,290,'3',NULL,'2025-03-14 21:35:33'),(1588,265,306,'4',NULL,'2025-03-14 21:35:33'),(1589,265,287,'5',NULL,'2025-03-14 21:35:33'),(1590,266,293,'1',NULL,'2025-03-14 21:35:33'),(1591,266,305,'2',NULL,'2025-03-14 21:35:33'),(1592,266,290,'3',NULL,'2025-03-14 21:35:33'),(1593,266,306,'4',NULL,'2025-03-14 21:35:33'),(1594,266,287,'5',NULL,'2025-03-14 21:35:33'),(1595,267,293,'1',NULL,'2025-03-14 21:35:33'),(1596,267,305,'2',NULL,'2025-03-14 21:35:33'),(1597,267,290,'3',NULL,'2025-03-14 21:35:33'),(1598,267,306,'4',NULL,'2025-03-14 21:35:33'),(1599,267,287,'5',NULL,'2025-03-14 21:35:33'),(1600,268,293,'1',NULL,'2025-03-14 21:35:33'),(1601,268,305,'2',NULL,'2025-03-14 21:35:33'),(1602,268,290,'3',NULL,'2025-03-14 21:35:33'),(1603,268,306,'4',NULL,'2025-03-14 21:35:33'),(1604,268,287,'5',NULL,'2025-03-14 21:35:33'),(1605,269,293,'1',NULL,'2025-03-14 21:35:33'),(1606,269,305,'2',NULL,'2025-03-14 21:35:33'),(1607,269,290,'3',NULL,'2025-03-14 21:35:33'),(1608,269,306,'4',NULL,'2025-03-14 21:35:33'),(1609,269,287,'5',NULL,'2025-03-14 21:35:33'),(1610,270,293,'1',NULL,'2025-03-14 21:35:33'),(1611,270,305,'2',NULL,'2025-03-14 21:35:33'),(1612,270,290,'3',NULL,'2025-03-14 21:35:33'),(1613,270,306,'4',NULL,'2025-03-14 21:35:33'),(1614,270,287,'5',NULL,'2025-03-14 21:35:33'),(1615,271,293,'1',NULL,'2025-03-14 21:35:33'),(1616,271,305,'2',NULL,'2025-03-14 21:35:33'),(1617,271,290,'3',NULL,'2025-03-14 21:35:33'),(1618,271,306,'4',NULL,'2025-03-14 21:35:33'),(1619,271,287,'5',NULL,'2025-03-14 21:35:33'),(1620,272,293,'1',NULL,'2025-03-14 21:35:33'),(1621,272,305,'2',NULL,'2025-03-14 21:35:33'),(1622,272,290,'3',NULL,'2025-03-14 21:35:33'),(1623,272,306,'4',NULL,'2025-03-14 21:35:33'),(1624,272,287,'5',NULL,'2025-03-14 21:35:33'),(1625,273,293,'1',NULL,'2025-03-14 21:35:33'),(1626,273,305,'2',NULL,'2025-03-14 21:35:33'),(1627,273,290,'3',NULL,'2025-03-14 21:35:33'),(1628,273,306,'4',NULL,'2025-03-14 21:35:33'),(1629,273,287,'5',NULL,'2025-03-14 21:35:33'),(1630,274,293,'1',NULL,'2025-03-14 21:35:33'),(1631,274,305,'2',NULL,'2025-03-14 21:35:33'),(1632,274,290,'3',NULL,'2025-03-14 21:35:33'),(1633,274,306,'4',NULL,'2025-03-14 21:35:33'),(1634,274,287,'5',NULL,'2025-03-14 21:35:33'),(1635,275,293,'1',NULL,'2025-03-14 21:35:33'),(1636,275,305,'2',NULL,'2025-03-14 21:35:33'),(1637,275,290,'3',NULL,'2025-03-14 21:35:33'),(1638,275,306,'4',NULL,'2025-03-14 21:35:33'),(1639,275,287,'5',NULL,'2025-03-14 21:35:33'),(1640,276,293,'1',NULL,'2025-03-14 21:35:33'),(1641,276,305,'2',NULL,'2025-03-14 21:35:33'),(1642,276,290,'3',NULL,'2025-03-14 21:35:33'),(1643,276,306,'4',NULL,'2025-03-14 21:35:33'),(1644,276,287,'5',NULL,'2025-03-14 21:35:33'),(1645,277,293,'1',NULL,'2025-03-14 21:35:33'),(1646,277,305,'2',NULL,'2025-03-14 21:35:33'),(1647,277,290,'3',NULL,'2025-03-14 21:35:33'),(1648,277,306,'4',NULL,'2025-03-14 21:35:33'),(1649,277,287,'5',NULL,'2025-03-14 21:35:33'),(1650,278,293,'1',NULL,'2025-03-14 21:35:33'),(1651,278,305,'2',NULL,'2025-03-14 21:35:33'),(1652,278,290,'3',NULL,'2025-03-14 21:35:33'),(1653,278,306,'4',NULL,'2025-03-14 21:35:33'),(1654,278,287,'5',NULL,'2025-03-14 21:35:33'),(1655,279,293,'1',NULL,'2025-03-14 21:35:33'),(1656,279,305,'2',NULL,'2025-03-14 21:35:33'),(1657,279,290,'3',NULL,'2025-03-14 21:35:33'),(1658,279,306,'4',NULL,'2025-03-14 21:35:33'),(1659,279,287,'5',NULL,'2025-03-14 21:35:33'),(1660,280,293,'1',NULL,'2025-03-14 21:35:33'),(1661,280,305,'2',NULL,'2025-03-14 21:35:33'),(1662,280,290,'3',NULL,'2025-03-14 21:35:33'),(1663,280,306,'4',NULL,'2025-03-14 21:35:33'),(1664,280,287,'5',NULL,'2025-03-14 21:35:33'),(1665,281,293,'1',NULL,'2025-03-14 21:35:33'),(1666,281,305,'2',NULL,'2025-03-14 21:35:33'),(1667,281,290,'3',NULL,'2025-03-14 21:35:33'),(1668,281,306,'4',NULL,'2025-03-14 21:35:33'),(1669,281,287,'5',NULL,'2025-03-14 21:35:33'),(1670,282,293,'1',NULL,'2025-03-14 21:35:33'),(1671,282,305,'2',NULL,'2025-03-14 21:35:33'),(1672,282,290,'3',NULL,'2025-03-14 21:35:33'),(1673,282,306,'4',NULL,'2025-03-14 21:35:33'),(1674,282,287,'5',NULL,'2025-03-14 21:35:33'),(1675,283,293,'1',NULL,'2025-03-14 21:35:33'),(1676,283,305,'2',NULL,'2025-03-14 21:35:33'),(1677,283,290,'3',NULL,'2025-03-14 21:35:33'),(1678,283,306,'4',NULL,'2025-03-14 21:35:33'),(1679,283,287,'5',NULL,'2025-03-14 21:35:33'),(1680,284,293,'1',NULL,'2025-03-14 21:35:33'),(1681,284,305,'2',NULL,'2025-03-14 21:35:33'),(1682,284,290,'3',NULL,'2025-03-14 21:35:33'),(1683,284,306,'4',NULL,'2025-03-14 21:35:33'),(1684,284,287,'5',NULL,'2025-03-14 21:35:33'),(1685,285,293,'1',NULL,'2025-03-14 21:35:33'),(1686,285,305,'2',NULL,'2025-03-14 21:35:33'),(1687,285,290,'3',NULL,'2025-03-14 21:35:33'),(1688,285,306,'4',NULL,'2025-03-14 21:35:33'),(1689,285,287,'5',NULL,'2025-03-14 21:35:33'),(1690,286,293,'1',NULL,'2025-03-14 21:35:33'),(1691,286,305,'2',NULL,'2025-03-14 21:35:33'),(1692,286,290,'3',NULL,'2025-03-14 21:35:33'),(1693,286,306,'4',NULL,'2025-03-14 21:35:33'),(1694,286,287,'5',NULL,'2025-03-14 21:35:33'),(1695,287,293,'1',NULL,'2025-03-14 21:35:33'),(1696,287,305,'2',NULL,'2025-03-14 21:35:33'),(1697,287,290,'3',NULL,'2025-03-14 21:35:33'),(1698,287,306,'4',NULL,'2025-03-14 21:35:33'),(1699,287,287,'5',NULL,'2025-03-14 21:35:33'),(1700,288,293,'1',NULL,'2025-03-14 21:35:33'),(1701,288,305,'2',NULL,'2025-03-14 21:35:33'),(1702,288,290,'3',NULL,'2025-03-14 21:35:33'),(1703,288,306,'4',NULL,'2025-03-14 21:35:33'),(1704,288,287,'5',NULL,'2025-03-14 21:35:33'),(1705,289,293,'1',NULL,'2025-03-14 21:35:33'),(1706,289,305,'2',NULL,'2025-03-14 21:35:33'),(1707,289,290,'3',NULL,'2025-03-14 21:35:33'),(1708,289,306,'4',NULL,'2025-03-14 21:35:33'),(1709,289,287,'5',NULL,'2025-03-14 21:35:33'),(1710,290,293,'1',NULL,'2025-03-14 21:35:33'),(1711,290,305,'2',NULL,'2025-03-14 21:35:33'),(1712,290,290,'3',NULL,'2025-03-14 21:35:33'),(1713,290,306,'4',NULL,'2025-03-14 21:35:33'),(1714,290,287,'5',NULL,'2025-03-14 21:35:33'),(1715,291,293,'1',NULL,'2025-03-14 21:35:33'),(1716,291,305,'2',NULL,'2025-03-14 21:35:33'),(1717,291,290,'3',NULL,'2025-03-14 21:35:33'),(1718,291,306,'4',NULL,'2025-03-14 21:35:33'),(1719,291,287,'5',NULL,'2025-03-14 21:35:33'),(1720,292,293,'1',NULL,'2025-03-14 21:35:33'),(1721,292,305,'2',NULL,'2025-03-14 21:35:33'),(1722,292,290,'3',NULL,'2025-03-14 21:35:33'),(1723,292,306,'4',NULL,'2025-03-14 21:35:33'),(1724,292,287,'5',NULL,'2025-03-14 21:35:33'),(1725,293,293,'1',NULL,'2025-03-14 21:35:33'),(1726,293,305,'2',NULL,'2025-03-14 21:35:33'),(1727,293,290,'3',NULL,'2025-03-14 21:35:33'),(1728,293,306,'4',NULL,'2025-03-14 21:35:33'),(1729,293,287,'5',NULL,'2025-03-14 21:35:33'),(1730,294,293,'1',NULL,'2025-03-14 21:35:33'),(1731,294,305,'2',NULL,'2025-03-14 21:35:33'),(1732,294,290,'3',NULL,'2025-03-14 21:35:33'),(1733,294,306,'4',NULL,'2025-03-14 21:35:33'),(1734,294,287,'5',NULL,'2025-03-14 21:35:33'),(1735,295,293,'1',NULL,'2025-03-14 21:35:33'),(1736,295,305,'2',NULL,'2025-03-14 21:35:33'),(1737,295,290,'3',NULL,'2025-03-14 21:35:33'),(1738,295,306,'4',NULL,'2025-03-14 21:35:33'),(1739,295,287,'5',NULL,'2025-03-14 21:35:33'),(1740,296,293,'1',NULL,'2025-03-14 21:35:33'),(1741,296,305,'2',NULL,'2025-03-14 21:35:33'),(1742,296,290,'3',NULL,'2025-03-14 21:35:33'),(1743,296,306,'4',NULL,'2025-03-14 21:35:33'),(1744,296,287,'5',NULL,'2025-03-14 21:35:33'),(1745,297,293,'1',NULL,'2025-03-14 21:35:33'),(1746,297,305,'2',NULL,'2025-03-14 21:35:33'),(1747,297,290,'3',NULL,'2025-03-14 21:35:33'),(1748,297,306,'4',NULL,'2025-03-14 21:35:33'),(1749,297,287,'5',NULL,'2025-03-14 21:35:33'),(1750,298,293,'1',NULL,'2025-03-14 21:35:33'),(1751,298,305,'2',NULL,'2025-03-14 21:35:33'),(1752,298,290,'3',NULL,'2025-03-14 21:35:33'),(1753,298,306,'4',NULL,'2025-03-14 21:35:33'),(1754,298,287,'5',NULL,'2025-03-14 21:35:33'),(1755,299,293,'1',NULL,'2025-03-14 21:35:33'),(1756,299,305,'2',NULL,'2025-03-14 21:35:33'),(1757,299,290,'3',NULL,'2025-03-14 21:35:33'),(1758,299,306,'4',NULL,'2025-03-14 21:35:33'),(1759,299,287,'5',NULL,'2025-03-14 21:35:33'),(1760,300,253,NULL,NULL,NULL),(1761,300,254,NULL,NULL,NULL),(1762,302,253,NULL,NULL,NULL),(1763,302,254,NULL,NULL,NULL),(1764,303,309,NULL,NULL,NULL),(1765,303,310,NULL,NULL,NULL),(1766,306,253,NULL,NULL,NULL),(1767,306,254,NULL,NULL,NULL),(1768,307,253,NULL,NULL,NULL),(1769,307,254,NULL,NULL,NULL),(1770,308,253,NULL,NULL,NULL),(1771,308,254,NULL,NULL,NULL),(1772,309,253,NULL,NULL,NULL),(1773,309,254,NULL,NULL,NULL),(1774,310,253,NULL,NULL,NULL),(1775,310,254,NULL,NULL,NULL),(1776,311,253,NULL,NULL,NULL),(1777,311,254,NULL,NULL,NULL);
/*!40000 ALTER TABLE `question_response` ENABLE KEYS */;
UNLOCK TABLES;

--
-- Table structure for table `questionnaire_flows`
--

DROP TABLE IF EXISTS `questionnaire_flows`;
/*!40101 SET @saved_cs_client     = @@character_set_client */;
/*!50503 SET character_set_client = utf8mb4 */;
CREATE TABLE `questionnaire_flows` (
  `id` bigint unsigned NOT NULL AUTO_INCREMENT,
  `flow_type` smallint unsigned NOT NULL,
  `category_id` bigint unsigned NOT NULL,
  `created_at` timestamp NULL DEFAULT NULL,
  `updated_at` timestamp NULL DEFAULT NULL,
  PRIMARY KEY (`id`),
  KEY `questionnaire_flows_category_id_foreign` (`category_id`),
  KEY `questionnaire_flows_flow_type_index` (`flow_type`),
  CONSTRAINT `questionnaire_flows_category_id_foreign` FOREIGN KEY (`category_id`) REFERENCES `categories` (`id`)
) ENGINE=InnoDB AUTO_INCREMENT=5 DEFAULT CHARSET=utf8mb4 COLLATE=utf8mb4_unicode_ci;
/*!40101 SET character_set_client = @saved_cs_client */;

--
-- Dumping data for table `questionnaire_flows`
--

LOCK TABLES `questionnaire_flows` WRITE;
/*!40000 ALTER TABLE `questionnaire_flows` DISABLE KEYS */;
INSERT INTO `questionnaire_flows` VALUES (1,1,1,NULL,NULL),(2,1,2,NULL,NULL),(3,2,3,NULL,NULL),(4,3,4,NULL,NULL);
/*!40000 ALTER TABLE `questionnaire_flows` ENABLE KEYS */;
UNLOCK TABLES;

--
-- Table structure for table `questions`
--

DROP TABLE IF EXISTS `questions`;
/*!40101 SET @saved_cs_client     = @@character_set_client */;
/*!50503 SET character_set_client = utf8mb4 */;
CREATE TABLE `questions` (
  `id` bigint unsigned NOT NULL AUTO_INCREMENT,
  `title` varchar(255) COLLATE utf8mb4_unicode_ci NOT NULL,
  `instruction_id` bigint unsigned DEFAULT NULL,
  `subscale_id` bigint unsigned DEFAULT NULL,
  `test_id` bigint unsigned NOT NULL,
  `sort` int unsigned DEFAULT NULL,
  `select_multiple` tinyint(1) DEFAULT NULL,
  `max_selections` int unsigned DEFAULT NULL,
  `user_input` tinyint(1) DEFAULT NULL,
  `status` tinyint(1) NOT NULL DEFAULT '1',
  `created_at` timestamp NULL DEFAULT NULL,
  `updated_at` timestamp NULL DEFAULT NULL,
  PRIMARY KEY (`id`),
  KEY `questions_instruction_id_foreign` (`instruction_id`),
  KEY `questions_subscale_id_foreign` (`subscale_id`),
  KEY `questions_test_id_foreign` (`test_id`),
  CONSTRAINT `questions_instruction_id_foreign` FOREIGN KEY (`instruction_id`) REFERENCES `instructions` (`id`) ON DELETE SET NULL,
  CONSTRAINT `questions_subscale_id_foreign` FOREIGN KEY (`subscale_id`) REFERENCES `subscales` (`id`) ON DELETE SET NULL,
  CONSTRAINT `questions_test_id_foreign` FOREIGN KEY (`test_id`) REFERENCES `tests` (`id`) ON DELETE CASCADE
) ENGINE=InnoDB AUTO_INCREMENT=312 DEFAULT CHARSET=utf8mb4 COLLATE=utf8mb4_unicode_ci;
/*!40101 SET character_set_client = @saved_cs_client */;

--
-- Dumping data for table `questions`
--

LOCK TABLES `questions` WRITE;
/*!40000 ALTER TABLE `questions` DISABLE KEYS */;
INSERT INTO `questions` VALUES (1,'What is your gender?',1,NULL,1,NULL,0,NULL,0,1,'2025-03-14 21:33:46','2025-03-14 21:33:46'),(2,'Social status',1,NULL,2,NULL,0,NULL,0,1,'2025-03-14 21:33:46','2025-03-14 21:33:46'),(3,'Family or support network',2,NULL,3,NULL,1,NULL,0,1,'2025-03-14 21:33:46','2025-03-14 21:33:46'),(4,'Please select your level of Education',1,NULL,4,NULL,0,NULL,0,1,'2025-03-14 21:33:46','2025-03-14 21:33:46'),(5,'Please select your Profession',1,1,5,NULL,0,NULL,0,1,'2025-03-14 21:33:46','2025-03-14 21:33:46'),(6,'What best describes your current location? ',1,NULL,6,NULL,0,NULL,0,1,'2025-03-14 21:33:46','2025-03-14 21:33:46'),(7,'How long have you been displaced?',1,2,6,NULL,0,NULL,0,1,'2025-03-14 21:33:46','2025-03-14 21:33:46'),(8,'How many times have you been displaced?',1,2,6,NULL,0,NULL,0,1,'2025-03-14 21:33:46','2025-03-14 21:33:46'),(11,'Which country are you returning from?',1,3,6,NULL,0,NULL,0,1,'2025-03-14 21:33:48','2025-03-14 21:33:48'),(12,'Do you have a physical disability?',1,NULL,7,NULL,0,NULL,0,1,'2025-03-14 21:33:49','2025-03-14 21:33:49'),(13,'',3,NULL,7,NULL,1,NULL,0,1,'2025-03-14 21:33:49','2025-03-14 21:33:49'),(14,'Have you been diagnosed with Attention Deficit Hyperactive Disorder (ADHD)?',1,NULL,8,NULL,0,NULL,0,1,'2025-03-14 21:33:49','2025-03-14 21:33:49'),(15,'Have you been diagnosed with Autism Spectrum Disorder (ASD)?',1,NULL,8,NULL,0,NULL,0,1,'2025-03-14 21:33:49','2025-03-14 21:33:49'),(16,'Have you been diagnosed with Dyslexia?',1,NULL,8,NULL,0,NULL,0,1,'2025-03-14 21:33:49','2025-03-14 21:33:49'),(17,'Do you often confuse similar-looking letters, for example, b and d or p and q?',1,4,9,NULL,0,NULL,0,1,'2025-03-14 21:33:49','2025-03-14 21:33:49'),(18,'Do you find it difficult to read out loud or do you read more slowly than others?',1,4,9,NULL,0,NULL,0,1,'2025-03-14 21:33:49','2025-03-14 21:33:49'),(19,'Do you frequently spell words incorrectly, even common words?',1,4,9,NULL,0,NULL,0,1,'2025-03-14 21:33:50','2025-03-14 21:33:50'),(20,'Do you have trouble following a sequence of directions or remembering a sequence of events?',1,4,9,NULL,0,NULL,0,1,'2025-03-14 21:33:50','2025-03-14 21:33:50'),(21,'Do you find it hard to understand jokes, puns, or idioms?',1,4,9,NULL,0,NULL,0,1,'2025-03-14 21:33:50','2025-03-14 21:33:50'),(22,'Do you find it challenging to maintain eye contact during conversations?',1,5,9,NULL,0,NULL,0,1,'2025-03-14 21:33:50','2025-03-14 21:33:50'),(23,'Do you have difficulty understanding or relating to other people\'s emotions?',1,5,9,NULL,0,NULL,0,1,'2025-03-14 21:33:50','2025-03-14 21:33:50'),(24,'Do you prefer routine and find yourself upset by unexpected changes?',1,5,9,NULL,0,NULL,0,1,'2025-03-14 21:33:50','2025-03-14 21:33:50'),(25,'Do you have specific interests or hobbies that you are extremely focused on?',1,5,9,NULL,0,NULL,0,1,'2025-03-14 21:33:50','2025-03-14 21:33:50'),(26,'Do you experience sensory sensitivity, for example, to lights, sounds or textures?',1,5,9,NULL,0,NULL,0,1,'2025-03-14 21:33:50','2025-03-14 21:33:50'),(27,'Do you find social interaction and/or making friends a challenge?',1,5,9,NULL,0,NULL,0,1,'2025-03-14 21:33:50','2025-03-14 21:33:50'),(28,'Do you have trouble focusing on tasks or activities, especially those that you do not enjoy?',1,6,9,NULL,0,NULL,0,1,'2025-03-14 21:33:50','2025-03-14 21:33:50'),(29,'Are you frequently forgetful in your daily activities or do you lose things that are required for tasks?',1,6,9,NULL,0,NULL,0,1,'2025-03-14 21:33:51','2025-03-14 21:33:51'),(30,'Do you often fidget or find it hard to stay still in your seat when it is expected (i.e., at work or in meetings)?',1,6,9,NULL,0,NULL,0,1,'2025-03-14 21:33:51','2025-03-14 21:33:51'),(31,'Do you often interrupt others or have trouble waiting for your turn?',1,6,9,NULL,0,NULL,0,1,'2025-03-14 21:33:51','2025-03-14 21:33:51'),(32,'Do you often start tasks or jobs but have difficulty finishing them?',1,6,9,NULL,0,NULL,0,1,'2025-03-14 21:33:51','2025-03-14 21:33:51'),(33,'Do you often make careless mistakes or overlook the details?',1,6,9,NULL,0,NULL,0,1,'2025-03-14 21:33:51','2025-03-14 21:33:51'),(34,'Have you been in any zones of active hostility?',1,NULL,6,NULL,0,NULL,0,1,'2025-03-14 21:33:51','2025-03-14 21:33:51'),(35,'Have you been physically injured?',1,NULL,10,NULL,0,NULL,0,1,'2025-03-14 21:33:51','2025-03-14 21:33:51'),(36,'What best describes your current status? ',1,NULL,10,NULL,0,NULL,0,1,'2025-03-14 21:33:51','2025-03-14 21:33:51'),(37,'Where were you treated for your physical injury?',1,7,10,NULL,0,NULL,0,1,'2025-03-14 21:33:51','2025-03-14 21:33:51'),(38,'Are you having trouble sleeping?',4,NULL,11,NULL,0,NULL,0,1,'2025-03-14 21:33:51','2025-03-14 21:33:51'),(39,'Are you waking up in the morning feeling tired, or exhausted?',4,NULL,11,NULL,0,NULL,0,1,'2025-03-14 21:33:52','2025-03-14 21:33:52'),(40,'Pain limits my ability to engage in physical activities',5,8,12,NULL,0,NULL,0,1,'2025-03-14 21:33:52','2025-03-14 21:33:52'),(41,'I have difficulty with tasks that involve lifting or carrying',5,8,12,NULL,0,NULL,0,1,'2025-03-14 21:33:52','2025-03-14 21:33:52'),(42,'Pain affects my ability to stand or walk for extended periods',5,8,12,NULL,0,NULL,0,1,'2025-03-14 21:33:52','2025-03-14 21:33:52'),(43,'I find household chores difficult due to the pain I experience',5,8,12,NULL,0,NULL,0,1,'2025-03-14 21:33:52','2025-03-14 21:33:52'),(44,'Pain has limited my ability to engage in recreational activities',5,8,12,NULL,0,NULL,0,1,'2025-03-14 21:33:52','2025-03-14 21:33:52'),(45,'I have difficulty with reaching and bending due to pain',5,8,12,NULL,0,NULL,0,1,'2025-03-14 21:33:52','2025-03-14 21:33:52'),(46,'Pain limits my ability to exercise or stay physically active',5,8,12,NULL,0,NULL,0,1,'2025-03-14 21:33:52','2025-03-14 21:33:52'),(47,'I struggle with tasks where I have to use my hands because of my pain',5,8,12,NULL,0,NULL,0,1,'2025-03-14 21:33:53','2025-03-14 21:33:53'),(48,'Pain affects my ability to maintain a regular sleep pattern',5,8,12,NULL,0,NULL,0,1,'2025-03-14 21:33:53','2025-03-14 21:33:53'),(49,'I experience fatigue and low energy due to pain',5,8,12,NULL,0,NULL,0,1,'2025-03-14 21:33:53','2025-03-14 21:33:53'),(50,'I experience a sense of hopelessness because of my pain',5,9,12,NULL,0,NULL,0,1,'2025-03-14 21:33:53','2025-03-14 21:33:53'),(51,'Pain has led to changes in my self-esteem and self-worth',5,9,12,NULL,0,NULL,0,1,'2025-03-14 21:33:53','2025-03-14 21:33:53'),(52,'I have difficulty managing stress due to pain',5,9,12,NULL,0,NULL,0,1,'2025-03-14 21:33:53','2025-03-14 21:33:53'),(53,'Pain has affected my overall mood and emotional well-being',5,9,12,NULL,0,NULL,0,1,'2025-03-14 21:33:53','2025-03-14 21:33:53'),(54,'I have trouble coping with pain-related emotions',5,9,12,NULL,0,NULL,0,1,'2025-03-14 21:33:54','2025-03-14 21:33:54'),(55,'My pain makes me feel frustrated and irritable',5,9,12,NULL,0,NULL,0,1,'2025-03-14 21:33:54','2025-03-14 21:33:54'),(56,'I feel anxious because of my pain',5,9,12,NULL,0,NULL,0,1,'2025-03-14 21:33:54','2025-03-14 21:33:54'),(57,'I often feel sad or depressed due to my pain',5,9,12,NULL,0,NULL,0,1,'2025-03-14 21:33:54','2025-03-14 21:33:54'),(58,'My pain affects my ability to concentrate and focus',5,9,12,NULL,0,NULL,0,1,'2025-03-14 21:33:54','2025-03-14 21:33:54'),(59,'I worry about the future because of my pain',5,9,12,NULL,0,NULL,0,1,'2025-03-14 21:33:54','2025-03-14 21:33:54'),(60,'I feel stressed on a regular basis',6,10,13,NULL,0,NULL,0,1,'2025-03-14 21:33:54','2025-03-14 21:33:54'),(61,'I have some history of mental health issues or psychiatric disorders',6,10,13,NULL,0,NULL,0,1,'2025-03-14 21:33:55','2025-03-14 21:33:55'),(62,'I have been diagnosed with an anxiety disorder at least once in my life',6,10,13,NULL,0,NULL,0,1,'2025-03-14 21:33:55','2025-03-14 21:33:55'),(63,'I struggle with depression or mood swings',6,10,13,NULL,0,NULL,0,1,'2025-03-14 21:33:55','2025-03-14 21:33:55'),(64,'I sometimes show increased aggression toward others',6,10,13,NULL,0,NULL,0,1,'2025-03-14 21:33:55','2025-03-14 21:33:55'),(65,'I sometimes experience either insomnia or excessive sleeping',6,10,13,NULL,0,NULL,0,1,'2025-03-14 21:33:55','2025-03-14 21:33:55'),(66,'I sometimes take risks such as drink driving or unprotected sex',6,10,13,NULL,0,NULL,0,1,'2025-03-14 21:33:55','2025-03-14 21:33:55'),(67,'My behaviour is sometimes destructive',6,10,13,NULL,0,NULL,0,1,'2025-03-14 21:33:56','2025-03-14 21:33:56'),(68,'Sometimes I feel like harming myself',6,10,13,NULL,0,NULL,0,1,'2025-03-14 21:33:56','2025-03-14 21:33:56'),(69,'I find it hard to concentrate on a regular basis',6,10,13,NULL,0,NULL,0,1,'2025-03-14 21:33:56','2025-03-14 21:33:56'),(70,'Some of my relationships with my family and friends are not  good',6,11,13,NULL,0,NULL,0,1,'2025-03-14 21:33:56','2025-03-14 21:33:56'),(71,'I often feel isolated or lonely ',6,11,13,NULL,0,NULL,0,1,'2025-03-14 21:33:56','2025-03-14 21:33:56'),(72,'I feel pressure from my peers to engage in substance use',6,11,13,NULL,0,NULL,0,1,'2025-03-14 21:33:56','2025-03-14 21:33:56'),(73,'I have financial issues because of my spending on drugs or alcohol',6,11,13,NULL,0,NULL,0,1,'2025-03-14 21:33:57','2025-03-14 21:33:57'),(74,'I find myself lying more and more',6,11,13,NULL,0,NULL,0,1,'2025-03-14 21:33:57','2025-03-14 21:33:57'),(75,'I sometimes steal to help my financial position',6,11,13,NULL,0,NULL,0,1,'2025-03-14 21:33:57','2025-03-14 21:33:57'),(76,'I spend a lot of time with drug users or people who have alcohol issues',6,11,13,NULL,0,NULL,0,1,'2025-03-14 21:33:57','2025-03-14 21:33:57'),(77,'I do not have stable relationships',6,11,13,NULL,0,NULL,0,1,'2025-03-14 21:33:57','2025-03-14 21:33:57'),(78,'I  sometimes miss important social events',6,11,13,NULL,0,NULL,0,1,'2025-03-14 21:33:57','2025-03-14 21:33:57'),(79,'I am easily irritated by friends and family',6,11,13,NULL,0,NULL,0,1,'2025-03-14 21:33:58','2025-03-14 21:33:58'),(80,'My immune system is weak and I am often ill',6,12,13,NULL,0,NULL,0,1,'2025-03-14 21:33:58','2025-03-14 21:33:58'),(81,'I often experience a racing heart rate',6,12,13,NULL,0,NULL,0,1,'2025-03-14 21:33:58','2025-03-14 21:33:58'),(82,'I often get blood infections ',6,12,13,NULL,0,NULL,0,1,'2025-03-14 21:33:58','2025-03-14 21:33:58'),(83,'I get confused frequently',6,12,13,NULL,0,NULL,0,1,'2025-03-14 21:33:58','2025-03-14 21:33:58'),(84,'I have issues with my memory and my attention span',6,12,13,NULL,0,NULL,0,1,'2025-03-14 21:33:59','2025-03-14 21:33:59'),(85,'Making a decision is sometimes difficult for me',6,12,13,NULL,0,NULL,0,1,'2025-03-14 21:33:59','2025-03-14 21:33:59'),(86,'My body temperature rises frequently',6,12,13,NULL,0,NULL,0,1,'2025-03-14 21:33:59','2025-03-14 21:33:59'),(87,'I have  problems with my liver',6,12,13,NULL,0,NULL,0,1,'2025-03-14 21:33:59','2025-03-14 21:33:59'),(88,'I have lost weight over the last 12 months',6,12,13,NULL,0,NULL,0,1,'2025-03-14 21:33:59','2025-03-14 21:33:59'),(89,'I do not eat regularly',6,12,13,NULL,0,NULL,0,1,'2025-03-14 21:34:00','2025-03-14 21:34:00'),(90,'It takes me more than 30 minutes to fall asleep',7,13,14,NULL,0,NULL,0,1,'2025-03-14 21:34:00','2025-03-14 21:34:00'),(91,'I often wake up during the night',7,13,14,NULL,0,NULL,0,1,'2025-03-14 21:34:00','2025-03-14 21:34:00'),(92,'I have trouble staying asleep ',7,14,14,NULL,0,NULL,0,1,'2025-03-14 21:34:00','2025-03-14 21:34:00'),(93,'I frequently wake up in the early morning ',7,14,14,NULL,0,NULL,0,1,'2025-03-14 21:34:00','2025-03-14 21:34:00'),(94,'I often feel tired during the day',7,15,14,NULL,0,NULL,0,1,'2025-03-14 21:34:01','2025-03-14 21:34:01'),(95,'I find it hard to concentrate or focus throughout the day',7,15,14,NULL,0,NULL,0,1,'2025-03-14 21:34:01','2025-03-14 21:34:01'),(96,'I often snore loudly',7,16,14,NULL,0,NULL,0,1,'2025-03-14 21:34:01','2025-03-14 21:34:01'),(97,'I wake up choking or gasping for breath ',7,16,14,NULL,0,NULL,0,1,'2025-03-14 21:34:01','2025-03-14 21:34:01'),(98,'I experience uncomfortable sensations in my legs when trying to sleep',7,17,14,NULL,0,NULL,0,1,'2025-03-14 21:34:02','2025-03-14 21:34:02'),(99,'I have to move my legs to relieve the sensations in my legs',7,17,14,NULL,0,NULL,0,1,'2025-03-14 21:34:02','2025-03-14 21:34:02'),(100,'I find myself suddenly and uncontrollably falling asleep',7,18,14,NULL,0,NULL,0,1,'2025-03-14 21:34:02','2025-03-14 21:34:02'),(101,'I experience sudden muscle weakness triggered by laughter, fear, anger, stress, or excitement',7,18,14,NULL,0,NULL,0,1,'2025-03-14 21:34:02','2025-03-14 21:34:02'),(102,'I sleepwalk',7,19,14,NULL,0,NULL,0,1,'2025-03-14 21:34:02','2025-03-14 21:34:02'),(103,'I have nightmares and or night terrors',7,19,14,NULL,0,NULL,0,1,'2025-03-14 21:34:03','2025-03-14 21:34:03'),(104,'I have difficulty staying awake when doing work or activities',7,20,14,NULL,0,NULL,0,1,'2025-03-14 21:34:03','2025-03-14 21:34:03'),(105,'I fall asleep without knowing during the day',7,20,14,NULL,0,NULL,0,1,'2025-03-14 21:34:03','2025-03-14 21:34:03'),(106,'My sleep has a negative impact on my quality of life',7,21,14,NULL,0,NULL,0,1,'2025-03-14 21:34:03','2025-03-14 21:34:03'),(107,'My sleep impairs my ability to perform daily tasks',7,21,14,NULL,0,NULL,0,1,'2025-03-14 21:34:03','2025-03-14 21:34:03'),(108,'Have you ever been diagnosed with any of the following mental health or wellbeing issues?',3,NULL,15,NULL,1,NULL,0,1,'2025-03-14 21:34:03','2025-03-14 21:34:03'),(109,'Please describe the frequency of healthcare you received',1,NULL,15,NULL,0,NULL,0,1,'2025-03-14 21:34:03','2025-03-14 21:34:03'),(110,'Please select who your care was provided by',1,NULL,15,NULL,0,NULL,0,1,'2025-03-14 21:34:04','2025-03-14 21:34:04'),(111,'I have trouble relaxing',8,22,16,NULL,0,NULL,0,1,'2025-03-14 21:34:04','2025-03-14 21:34:04'),(112,'I feel overwhelmed by the demands of daily life',8,22,16,NULL,0,NULL,0,1,'2025-03-14 21:34:04','2025-03-14 21:34:04'),(113,'I often have trouble sleeping because of stress',8,22,16,NULL,0,NULL,0,1,'2025-03-14 21:34:04','2025-03-14 21:34:04'),(114,'I worry about future events',8,22,16,NULL,0,NULL,0,1,'2025-03-14 21:34:05','2025-03-14 21:34:05'),(115,'I have difficulty concentrating because of stress',8,22,16,NULL,0,NULL,0,1,'2025-03-14 21:34:05','2025-03-14 21:34:05'),(116,'I frequently experience racing thoughts',8,22,16,NULL,0,NULL,0,1,'2025-03-14 21:34:05','2025-03-14 21:34:05'),(117,'I have difficulty making decisions.',8,22,16,NULL,0,NULL,0,1,'2025-03-14 21:34:05','2025-03-14 21:34:05'),(118,'I sometimes need to spend some time alone, because I feel stressed',8,22,16,NULL,0,NULL,0,1,'2025-03-14 21:34:05','2025-03-14 21:34:05'),(119,'I feel anxious in social situations',8,23,16,NULL,0,NULL,0,1,'2025-03-14 21:34:06','2025-03-14 21:34:06'),(120,'I avoid social interactions due to fear or anxiety',8,23,16,NULL,0,NULL,0,1,'2025-03-14 21:34:06','2025-03-14 21:34:06'),(121,'I fear being judged by others',8,23,16,NULL,0,NULL,0,1,'2025-03-14 21:34:06','2025-03-14 21:34:06'),(122,'I have trouble speaking in public or in front of a group',8,23,16,NULL,0,NULL,0,1,'2025-03-14 21:34:06','2025-03-14 21:34:06'),(123,'I feel self-conscious in social situations',8,23,16,NULL,0,NULL,0,1,'2025-03-14 21:34:07','2025-03-14 21:34:07'),(124,'I worry about embarrassing myself in social settings',8,23,16,NULL,0,NULL,0,1,'2025-03-14 21:34:07','2025-03-14 21:34:07'),(125,'I often second-guess what I say in conversations',8,23,16,NULL,0,NULL,0,1,'2025-03-14 21:34:07','2025-03-14 21:34:07'),(126,'I feel frustrated when surrounded by a lot of people',8,23,16,NULL,0,NULL,0,1,'2025-03-14 21:34:07','2025-03-14 21:34:07'),(127,'I experience physical symptoms of stress (i.e., muscle tension, headaches)',8,24,16,NULL,0,NULL,0,1,'2025-03-14 21:34:08','2025-03-14 21:34:08'),(128,'I feel nervous, unable to relax or restless',8,24,16,NULL,0,NULL,0,1,'2025-03-14 21:34:08','2025-03-14 21:34:08'),(129,'I have an upset stomach or digestive issues due to stress',8,24,16,NULL,0,NULL,0,1,'2025-03-14 21:34:08','2025-03-14 21:34:08'),(130,'I feel a shortness of breath or difficulty breathing when anxious',8,24,16,NULL,0,NULL,0,1,'2025-03-14 21:34:08','2025-03-14 21:34:08'),(131,'I have breathing difficulties when I feel under pressure',8,24,16,NULL,0,NULL,0,1,'2025-03-14 21:34:09','2025-03-14 21:34:09'),(132,'I often experience fatigue due to stress',8,24,16,NULL,0,NULL,0,1,'2025-03-14 21:34:09','2025-03-14 21:34:09'),(133,'I feel backpain due to stress',8,24,16,NULL,0,NULL,0,1,'2025-03-14 21:34:09','2025-03-14 21:34:09'),(134,'I feel my hands and feet shaking due to stress and anxiety',8,24,16,NULL,0,NULL,0,1,'2025-03-14 21:34:09','2025-03-14 21:34:09'),(135,'I often feel overwhelmed by negative emotions',6,25,17,NULL,0,NULL,0,1,'2025-03-14 21:34:09','2025-03-14 21:34:09'),(136,'I often experience intense sadness or hopelessness',6,25,17,NULL,0,NULL,0,1,'2025-03-14 21:34:10','2025-03-14 21:34:10'),(137,'I find it difficult to control my emotions',6,25,17,NULL,0,NULL,0,1,'2025-03-14 21:34:10','2025-03-14 21:34:10'),(138,'I often feel anxious or worried',6,25,17,NULL,0,NULL,0,1,'2025-03-14 21:34:10','2025-03-14 21:34:10'),(139,'I frequently have negative thoughts about myself',6,26,17,NULL,0,NULL,0,1,'2025-03-14 21:34:10','2025-03-14 21:34:10'),(140,'I often blame myself when things go wrong',6,26,17,NULL,0,NULL,0,1,'2025-03-14 21:34:11','2025-03-14 21:34:11'),(141,'I tend to overgeneralise negative experiences',6,26,17,NULL,0,NULL,0,1,'2025-03-14 21:34:11','2025-03-14 21:34:11'),(142,'I often focus on the worst possible outcomes',6,26,17,NULL,0,NULL,0,1,'2025-03-14 21:34:11','2025-03-14 21:34:11'),(143,'I often feel lonely or disconnected from others',6,27,17,NULL,0,NULL,0,1,'2025-03-14 21:34:12','2025-03-14 21:34:12'),(144,'I have trouble forming or maintaining close relationships',6,27,17,NULL,0,NULL,0,1,'2025-03-14 21:34:12','2025-03-14 21:34:12'),(145,'I avoid social situations because they make me anxious',6,27,17,NULL,0,NULL,0,1,'2025-03-14 21:34:12','2025-03-14 21:34:12'),(146,'I feel like I don\'t belong or fit in with others',6,27,17,NULL,0,NULL,0,1,'2025-03-14 21:34:12','2025-03-14 21:34:12'),(147,'I frequently experience headaches or migraines',6,28,17,NULL,0,NULL,0,1,'2025-03-14 21:34:13','2025-03-14 21:34:13'),(148,'I often have difficulty sleeping or suffer from insomnia',6,28,17,NULL,0,NULL,0,1,'2025-03-14 21:34:13','2025-03-14 21:34:13'),(149,'I frequently experience stomach-aches or digestive issues',6,28,17,NULL,0,NULL,0,1,'2025-03-14 21:34:13','2025-03-14 21:34:13'),(150,'I often feel fatigued or lacking in energy',6,28,17,NULL,0,NULL,0,1,'2025-03-14 21:34:14','2025-03-14 21:34:14'),(151,'I sometimes have thoughts of ending my own life',6,29,17,NULL,0,NULL,0,1,'2025-03-14 21:34:14','2025-03-14 21:34:14'),(152,'I often feel hopeless about the future',6,29,17,NULL,0,NULL,0,1,'2025-03-14 21:34:14','2025-03-14 21:34:14'),(153,'I frequently think that the world would be better off without me',6,29,17,NULL,0,NULL,0,1,'2025-03-14 21:34:14','2025-03-14 21:34:14'),(154,'I feel like life is not worth living',6,29,17,NULL,0,NULL,0,1,'2025-03-14 21:34:15','2025-03-14 21:34:15'),(155,'I often feel inadequate or not good enough',6,30,17,NULL,0,NULL,0,1,'2025-03-14 21:34:15','2025-03-14 21:34:15'),(156,'I have trouble recognising my own strengths and accomplishments',6,30,17,NULL,0,NULL,0,1,'2025-03-14 21:34:15','2025-03-14 21:34:15'),(157,'I often compare myself unfavourably to others',6,30,17,NULL,0,NULL,0,1,'2025-03-14 21:34:16','2025-03-14 21:34:16'),(158,'I frequently engage in self-critical thoughts',6,30,17,NULL,0,NULL,0,1,'2025-03-14 21:34:16','2025-03-14 21:34:16'),(159,'I experience repeated distressing memories, visual images, or dreams related to a traumatic event',9,31,18,NULL,0,NULL,0,1,'2025-03-14 21:34:16','2025-03-14 21:34:16'),(160,'I feel Intense psychological distress and/or physiological reactions when reminded of traumatic events',9,31,18,NULL,0,NULL,0,1,'2025-03-14 21:34:16','2025-03-14 21:34:16'),(161,'Flashbacks or reliving of traumatic events as if they were happening again',9,31,18,NULL,0,NULL,0,1,'2025-03-14 21:34:17','2025-03-14 21:34:17'),(162,'Distressing or intrusive thoughts that cause significant distress or impairment',9,31,18,NULL,0,NULL,0,1,'2025-03-14 21:34:17','2025-03-14 21:34:17'),(163,'I try to avoid memories, thoughts, or feelings associated with traumatic events',9,32,18,NULL,0,NULL,0,1,'2025-03-14 21:34:17','2025-03-14 21:34:17'),(164,'I avoid activities, places, or people that remind me of traumatic events',9,32,18,NULL,0,NULL,0,1,'2025-03-14 21:34:17','2025-03-14 21:34:17'),(165,'Difficulty remembering important aspects of traumatic events',9,32,18,NULL,0,NULL,0,1,'2025-03-14 21:34:18','2025-03-14 21:34:18'),(166,'Decreased interest or participation in activities once enjoyed',9,32,18,NULL,0,NULL,0,1,'2025-03-14 21:34:18','2025-03-14 21:34:18'),(167,'I frequently have negative thoughts and/or expectations about myself, other people or the world',9,33,18,NULL,0,NULL,0,1,'2025-03-14 21:34:18','2025-03-14 21:34:18'),(168,'Regardless of what happened and the consequences of traumatic events I can’t stop blaming myself or others',9,33,18,NULL,0,NULL,0,1,'2025-03-14 21:34:18','2025-03-14 21:34:18'),(169,'Persistent negative emotional state (e.g., fear, anger, guilt, shame)',9,33,18,NULL,0,NULL,0,1,'2025-03-14 21:34:19','2025-03-14 21:34:19'),(170,'Diminished interest in or inability to experience positive emotions',9,33,18,NULL,0,NULL,0,1,'2025-03-14 21:34:19','2025-03-14 21:34:19'),(171,'I find that I am easily irritated and have angry outbursts',9,34,18,NULL,0,NULL,0,1,'2025-03-14 21:34:19','2025-03-14 21:34:19'),(172,'My behaviour has become reckless and/or self-destructive ',9,34,18,NULL,0,NULL,0,1,'2025-03-14 21:34:20','2025-03-14 21:34:20'),(173,'Hypervigilance or constantly being on guard',9,34,18,NULL,0,NULL,0,1,'2025-03-14 21:34:20','2025-03-14 21:34:20'),(174,'Problems with concentration or difficulty sleeping',9,34,18,NULL,0,NULL,0,1,'2025-03-14 21:34:20','2025-03-14 21:34:20'),(175,'I am experiencing headaches, nausea, stomach pain and other symptoms without medical cause',9,35,18,NULL,0,NULL,0,1,'2025-03-14 21:34:21','2025-03-14 21:34:21'),(176,'I feel emotionally numb and/or unable to deal with other people',9,35,18,NULL,0,NULL,0,1,'2025-03-14 21:34:21','2025-03-14 21:34:21'),(177,'Dissociative reactions, such as feeling disconnected from your body or surroundings',9,35,18,NULL,0,NULL,0,1,'2025-03-14 21:34:22','2025-03-14 21:34:22'),(178,'Intrusive distressing memories or nightmares unrelated to the traumatic event',9,35,18,NULL,0,NULL,0,1,'2025-03-14 21:34:22','2025-03-14 21:34:22'),(179,'I have been feeling unwell physically and/or emotionally for over one month',9,36,18,NULL,0,NULL,0,1,'2025-03-14 21:34:22','2025-03-14 21:34:22'),(180,'I am finding it very hard to function and easily get distressed in my social and work environment',9,36,18,NULL,0,NULL,0,1,'2025-03-14 21:34:22','2025-03-14 21:34:22'),(181,'Impaired ability to trust others or form close relationships',9,36,18,NULL,0,NULL,0,1,'2025-03-14 21:34:23','2025-03-14 21:34:23'),(182,'Feelings of hopelessness about the future',9,36,18,NULL,0,NULL,0,1,'2025-03-14 21:34:23','2025-03-14 21:34:23'),(183,'I am finding it difficult to concentrate or make decisions',9,37,18,NULL,0,NULL,0,1,'2025-03-14 21:34:23','2025-03-14 21:34:23'),(184,'I am struggling with my memory and keep forgetting things',9,37,18,NULL,0,NULL,0,1,'2025-03-14 21:34:24','2025-03-14 21:34:24'),(185,'Sleep disturbances, such as insomnia or nightmares',9,37,18,NULL,0,NULL,0,1,'2025-03-14 21:34:24','2025-03-14 21:34:24'),(186,'Increased reliance on substances (e.g., alcohol, drugs) to cope with symptoms',9,37,18,NULL,0,NULL,0,1,'2025-03-14 21:34:24','2025-03-14 21:34:24'),(187,'I am curious and enjoy trying new things',6,38,19,NULL,0,NULL,0,1,'2025-03-14 21:34:25','2025-03-14 21:34:25'),(188,'I enjoy exploring new ideas and concepts',6,38,19,NULL,0,NULL,0,1,'2025-03-14 21:34:25','2025-03-14 21:34:25'),(189,'I am open to new experiences and change',6,38,19,NULL,0,NULL,0,1,'2025-03-14 21:34:25','2025-03-14 21:34:25'),(190,'I enjoy novelty and exploring unfamiliar experiences',6,38,19,NULL,0,NULL,0,1,'2025-03-14 21:34:25','2025-03-14 21:34:25'),(191,'I am imaginative and creative',6,38,19,NULL,0,NULL,0,1,'2025-03-14 21:34:25','2025-03-14 21:34:25'),(192,'I am organised and detail-orientated',6,39,19,NULL,0,NULL,0,1,'2025-03-14 21:34:26','2025-03-14 21:34:26'),(193,'I am reliable and keep my promises',6,39,19,NULL,0,NULL,0,1,'2025-03-14 21:34:26','2025-03-14 21:34:26'),(194,'I pay attention to deadlines and time management',6,39,19,NULL,0,NULL,0,1,'2025-03-14 21:34:26','2025-03-14 21:34:26'),(195,'I am spontaneous and flexible in my approach',6,39,19,NULL,0,NULL,0,1,'2025-03-14 21:34:26','2025-03-14 21:34:26'),(196,'I tend to be careful and organised',6,39,19,NULL,0,NULL,0,1,'2025-03-14 21:34:27','2025-03-14 21:34:27'),(197,'I am outgoing and enjoy socialising',6,40,19,NULL,0,NULL,0,1,'2025-03-14 21:34:27','2025-03-14 21:34:27'),(198,'I am energetic and enthusiastic',6,40,19,NULL,0,NULL,0,1,'2025-03-14 21:34:27','2025-03-14 21:34:27'),(199,'I prefer social activities over solitary ones',6,40,19,NULL,0,NULL,0,1,'2025-03-14 21:34:27','2025-03-14 21:34:27'),(200,'I am outgoing and sociable',6,40,19,NULL,0,NULL,0,1,'2025-03-14 21:34:27','2025-03-14 21:34:27'),(201,'I enjoy being the centre of attention',6,40,19,NULL,0,NULL,0,1,'2025-03-14 21:34:28','2025-03-14 21:34:28'),(202,'I am empathetic and considerate of others\' feelings',6,41,19,NULL,0,NULL,0,1,'2025-03-14 21:34:28','2025-03-14 21:34:28'),(203,'I prioritise collaboration over competition and assertiveness',6,41,19,NULL,0,NULL,0,1,'2025-03-14 21:34:28','2025-03-14 21:34:28'),(204,'I am cooperative and easy to get along with',6,41,19,NULL,0,NULL,0,1,'2025-03-14 21:34:28','2025-03-14 21:34:28'),(205,'I am supportive and constructive in my feedback',6,41,19,NULL,0,NULL,0,1,'2025-03-14 21:34:29','2025-03-14 21:34:29'),(206,'I value harmony and avoiding conflict',6,41,19,NULL,0,NULL,0,1,'2025-03-14 21:34:29','2025-03-14 21:34:29'),(207,'I tend to worry and be anxious',6,42,19,NULL,0,NULL,0,1,'2025-03-14 21:34:29','2025-03-14 21:34:29'),(208,'I am emotionally stable and resilient',6,42,19,NULL,0,NULL,0,1,'2025-03-14 21:34:29','2025-03-14 21:34:29'),(209,'I frequently experience mood swings',6,42,19,NULL,0,NULL,0,1,'2025-03-14 21:34:30','2025-03-14 21:34:30'),(210,'I struggle to remain calm and composed under stress',6,42,19,NULL,0,NULL,0,1,'2025-03-14 21:34:30','2025-03-14 21:34:30'),(211,'I have a high level of emotional sensitivity',6,42,19,NULL,0,NULL,0,1,'2025-03-14 21:34:30','2025-03-14 21:34:30'),(212,'I am a good listener',10,43,20,NULL,0,NULL,0,1,'2025-03-14 21:34:31','2025-03-14 21:34:31'),(213,'I can express my thoughts and feelings clearly',10,43,20,NULL,0,NULL,0,1,'2025-03-14 21:34:31','2025-03-14 21:34:31'),(214,'I am comfortable starting conversations with new people',10,43,20,NULL,0,NULL,0,1,'2025-03-14 21:34:31','2025-03-14 21:34:31'),(215,'I can adapt my communication style to different situations',10,43,20,NULL,0,NULL,0,1,'2025-03-14 21:34:31','2025-03-14 21:34:31'),(216,'I am good at resolving conflicts through conversation',10,43,20,NULL,0,NULL,0,1,'2025-03-14 21:34:31','2025-03-14 21:34:31'),(217,'I can effectively convey complex information to others',10,43,20,NULL,0,NULL,0,1,'2025-03-14 21:34:32','2025-03-14 21:34:32'),(218,'I find it easy to understand how others feel',10,44,20,NULL,0,NULL,0,1,'2025-03-14 21:34:32','2025-03-14 21:34:32'),(219,'I often consider the perspectives of others when making decisions',10,44,20,NULL,0,NULL,0,1,'2025-03-14 21:34:32','2025-03-14 21:34:32'),(220,'I am sensitive to the emotions of those around me',10,44,20,NULL,0,NULL,0,1,'2025-03-14 21:34:32','2025-03-14 21:34:32'),(221,'I am good at providing emotional support to friends and family',10,44,20,NULL,0,NULL,0,1,'2025-03-14 21:34:32','2025-03-14 21:34:32'),(222,'I can effectively put myself in someone else\'s shoes',10,44,20,NULL,0,NULL,0,1,'2025-03-14 21:34:33','2025-03-14 21:34:33'),(223,'I am skilled at recognising non-verbal cues, like body language and facial expressions',10,44,20,NULL,0,NULL,0,1,'2025-03-14 21:34:33','2025-03-14 21:34:33'),(224,'I have a wide circle of friends',10,45,20,NULL,0,NULL,0,1,'2025-03-14 21:34:33','2025-03-14 21:34:33'),(225,'I can maintain close and meaningful relationships',10,45,20,NULL,0,NULL,0,1,'2025-03-14 21:34:34','2025-03-14 21:34:34'),(226,'I am skilled at building a rapport with others',10,45,20,NULL,0,NULL,0,1,'2025-03-14 21:34:34','2025-03-14 21:34:34'),(227,'I can handle social situations with grace and ease',10,45,20,NULL,0,NULL,0,1,'2025-03-14 21:34:34','2025-03-14 21:34:34'),(228,'I am good at resolving conflicts with friends and family',10,45,20,NULL,0,NULL,0,1,'2025-03-14 21:34:34','2025-03-14 21:34:34'),(229,'I am a trustworthy and dependable friend',10,45,20,NULL,0,NULL,0,1,'2025-03-14 21:34:35','2025-03-14 21:34:35'),(230,'I am comfortable saying \"no\" when necessary',10,46,20,NULL,0,NULL,0,1,'2025-03-14 21:34:35','2025-03-14 21:34:35'),(231,'I can express my needs and preferences without feeling guilty',10,46,20,NULL,0,NULL,0,1,'2025-03-14 21:34:35','2025-03-14 21:34:35'),(232,'I stand up for myself when faced with unfair treatment',10,46,20,NULL,0,NULL,0,1,'2025-03-14 21:34:36','2025-03-14 21:34:36'),(233,'I am effective at setting and maintaining personal boundaries',10,46,20,NULL,0,NULL,0,1,'2025-03-14 21:34:36','2025-03-14 21:34:36'),(234,'I can provide constructive feedback to others without being overly critical',10,46,20,NULL,0,NULL,0,1,'2025-03-14 21:34:36','2025-03-14 21:34:36'),(235,'I am confident in addressing issues of personal concern with others',10,46,20,NULL,0,NULL,0,1,'2025-03-14 21:34:37','2025-03-14 21:34:37'),(236,'I enjoy trying new things and exploring new experiences',6,47,21,NULL,0,NULL,0,1,'2025-03-14 21:34:37','2025-03-14 21:34:37'),(237,'I am open to feedback and willing to make changes based on it',6,47,21,NULL,0,NULL,0,1,'2025-03-14 21:34:37','2025-03-14 21:34:37'),(238,'I embrace change as an opportunity for growth',6,47,21,NULL,0,NULL,0,1,'2025-03-14 21:34:38','2025-03-14 21:34:38'),(239,'I enjoy exploring new cultures and perspectives',6,47,21,NULL,0,NULL,0,1,'2025-03-14 21:34:38','2025-03-14 21:34:38'),(240,'I enjoy tackling new and challenging problems',6,48,21,NULL,0,NULL,0,1,'2025-03-14 21:34:38','2025-03-14 21:34:38'),(241,'I am able to find creative solutions to unexpected obstacles',6,48,21,NULL,0,NULL,0,1,'2025-03-14 21:34:39','2025-03-14 21:34:39'),(242,'I am resourceful in finding solutions to complex problems',6,48,21,NULL,0,NULL,0,1,'2025-03-14 21:34:39','2025-03-14 21:34:39'),(243,'When I see a problem without obvious solution, I am getting motivated',6,48,21,NULL,0,NULL,0,1,'2025-03-14 21:34:39','2025-03-14 21:34:39'),(244,'I find it easy to adjust my plans when unexpected changes occur.',6,49,21,NULL,0,NULL,0,1,'2025-03-14 21:34:39','2025-03-14 21:34:39'),(245,'I am willing to modify my goals when circumstances change',6,49,21,NULL,0,NULL,0,1,'2025-03-14 21:34:40','2025-03-14 21:34:40'),(246,'I can quickly adjust my work methods to improve efficiency',6,49,21,NULL,0,NULL,0,1,'2025-03-14 21:34:40','2025-03-14 21:34:40'),(247,'I am willing to step outside my comfort zone',6,49,21,NULL,0,NULL,0,1,'2025-03-14 21:34:40','2025-03-14 21:34:40'),(248,'I am able to adapt to different communication styles and preferences',6,50,21,NULL,0,NULL,0,1,'2025-03-14 21:34:41','2025-03-14 21:34:41'),(249,'I can work effectively within a diverse group of people',6,50,21,NULL,0,NULL,0,1,'2025-03-14 21:34:41','2025-03-14 21:34:41'),(250,'I am open to different perspectives and willing to compromise',6,50,21,NULL,0,NULL,0,1,'2025-03-14 21:34:42','2025-03-14 21:34:42'),(251,'Whenever I have to face a new challenge, I get motivated',6,50,21,NULL,0,NULL,0,1,'2025-03-14 21:34:42','2025-03-14 21:34:42'),(252,'I find it easy to switch my focus from one task to another if required',6,51,21,NULL,0,NULL,0,1,'2025-03-14 21:34:42','2025-03-14 21:34:42'),(253,'I can handle stressful situations with composure and resilience',6,51,21,NULL,0,NULL,0,1,'2025-03-14 21:34:43','2025-03-14 21:34:43'),(254,'I find change invigorating rather than unsettling',6,51,21,NULL,0,NULL,0,1,'2025-03-14 21:34:43','2025-03-14 21:34:43'),(255,'Whenever faced with uncertainty, I feel motivated',6,51,21,NULL,0,NULL,0,1,'2025-03-14 21:34:43','2025-03-14 21:34:43'),(256,'I like receiving feedback and am happy to make changes based on it',6,52,21,NULL,0,NULL,0,1,'2025-03-14 21:34:44','2025-03-14 21:34:44'),(257,'I can learn, adapt and apply new skills quickly',6,52,21,NULL,0,NULL,0,1,'2025-03-14 21:34:44','2025-03-14 21:34:44'),(258,'When I am asked to do a new task, I try to find better and quicker ways to complete the job effectively',6,52,21,NULL,0,NULL,0,1,'2025-03-14 21:34:44','2025-03-14 21:34:44'),(259,'I like asking the experts about how to improve my skills within my field of work',6,52,21,NULL,0,NULL,0,1,'2025-03-14 21:34:45','2025-03-14 21:34:45'),(260,'I am skilled at breaking complex problems into smaller, more manageable components',10,53,22,NULL,0,NULL,0,1,'2025-03-14 21:34:45','2025-03-14 21:34:45'),(261,'I can quickly identify the root causes of problems',10,53,22,NULL,0,NULL,0,1,'2025-03-14 21:34:45','2025-03-14 21:34:45'),(262,'I excel at finding patterns and trends within data',10,53,22,NULL,0,NULL,0,1,'2025-03-14 21:34:46','2025-03-14 21:34:46'),(263,'I am good at evaluating alternative solutions to problems',10,53,22,NULL,0,NULL,0,1,'2025-03-14 21:34:47','2025-03-14 21:34:47'),(264,'I am capable of undertaking thorough research to solve problems',10,53,22,NULL,0,NULL,0,1,'2025-03-14 21:34:49','2025-03-14 21:34:49'),(265,'I often think \"outside the box\" when faced with challenges',10,54,22,NULL,0,NULL,0,1,'2025-03-14 21:34:50','2025-03-14 21:34:50'),(266,'I enjoy brainstorming and developing unique solutions to problems',10,54,22,NULL,0,NULL,0,1,'2025-03-14 21:34:51','2025-03-14 21:34:51'),(267,'I am open to trying unconventional methods to solve problems',10,54,22,NULL,0,NULL,0,1,'2025-03-14 21:34:51','2025-03-14 21:34:51'),(268,'I am confident in my ability to adapt to unexpected situations and obstacles',10,54,22,NULL,0,NULL,0,1,'2025-03-14 21:34:51','2025-03-14 21:34:51'),(269,'I can find innovative solutions in challenging situations',10,54,22,NULL,0,NULL,0,1,'2025-03-14 21:34:51','2025-03-14 21:34:51'),(270,'I make decisions based on careful consideration of available information',10,55,22,NULL,0,NULL,0,1,'2025-03-14 21:34:52','2025-03-14 21:34:52'),(271,'I am good at evaluating the potential outcomes of different scenarios',10,55,22,NULL,0,NULL,0,1,'2025-03-14 21:34:52','2025-03-14 21:34:52'),(272,'I feel confident in my decision-making abilities',10,55,22,NULL,0,NULL,0,1,'2025-03-14 21:34:52','2025-03-14 21:34:52'),(273,'I am efficient at making decisions, even when under pressure',10,55,22,NULL,0,NULL,0,1,'2025-03-14 21:34:53','2025-03-14 21:34:53'),(274,'I can prioritise tasks and make decisions accordingly',10,55,22,NULL,0,NULL,0,1,'2025-03-14 21:34:53','2025-03-14 21:34:53'),(275,'I am capable of implementing solutions in a practical and efficient manner',10,56,22,NULL,0,NULL,0,1,'2025-03-14 21:34:53','2025-03-14 21:34:53'),(276,'I can adapt my problem-solving approach to suit different situations',10,56,22,NULL,0,NULL,0,1,'2025-03-14 21:34:53','2025-03-14 21:34:53'),(277,'I am resourceful when faced with obstacles',10,56,22,NULL,0,NULL,0,1,'2025-03-14 21:34:54','2025-03-14 21:34:54'),(278,'I effectively manage my time to solve problems',10,56,22,NULL,0,NULL,0,1,'2025-03-14 21:34:54','2025-03-14 21:34:54'),(279,'I learn from past problem-solving experiences to improve future outcomes',10,56,22,NULL,0,NULL,0,1,'2025-03-14 21:34:54','2025-03-14 21:34:54'),(280,'I am able to generate multiple ideas when tackling a creative challenge',10,57,22,NULL,0,NULL,0,1,'2025-03-14 21:34:55','2025-03-14 21:34:55'),(281,'I enjoy exploring different possibilities and perspectives',10,57,22,NULL,0,NULL,0,1,'2025-03-14 21:34:55','2025-03-14 21:34:55'),(282,'I embrace unique and unconventional concepts',10,57,22,NULL,0,NULL,0,1,'2025-03-14 21:34:55','2025-03-14 21:34:55'),(283,'I am not afraid to express unique ideas',10,57,22,NULL,0,NULL,0,1,'2025-03-14 21:34:55','2025-03-14 21:34:55'),(284,'I have a wide and vivid imagination',10,57,22,NULL,0,NULL,0,1,'2025-03-14 21:35:19','2025-03-14 21:35:19'),(285,'I can refine and develop creative ideas into practical solutions',10,58,22,NULL,0,NULL,0,1,'2025-03-14 21:35:19','2025-03-14 21:35:19'),(286,'I am good at narrowing down creative options to select the best one',10,58,22,NULL,0,NULL,0,1,'2025-03-14 21:35:20','2025-03-14 21:35:20'),(287,'I can adapt creative ideas to meet specific goals',10,58,22,NULL,0,NULL,0,1,'2025-03-14 21:35:20','2025-03-14 21:35:20'),(288,'I can effectively communicate my creative concepts to others',10,58,22,NULL,0,NULL,0,1,'2025-03-14 21:35:20','2025-03-14 21:35:20'),(289,'I am skilled at turning creative thoughts into actions',10,58,22,NULL,0,NULL,0,1,'2025-03-14 21:35:21','2025-03-14 21:35:21'),(290,'I draw inspiration from my surroundings',10,59,22,NULL,0,NULL,0,1,'2025-03-14 21:35:21','2025-03-14 21:35:21'),(291,'I am aware of the impact of my creative ideas on the environment',10,59,22,NULL,0,NULL,0,1,'2025-03-14 21:35:22','2025-03-14 21:35:22'),(292,'I actively seek new experiences and perspectives',10,59,22,NULL,0,NULL,0,1,'2025-03-14 21:35:22','2025-03-14 21:35:22'),(293,'I am in tune with the emotions and needs of others',10,59,22,NULL,0,NULL,0,1,'2025-03-14 21:35:23','2025-03-14 21:35:23'),(294,'I value diversity and inclusivity in creative endeavours',10,59,22,NULL,0,NULL,0,1,'2025-03-14 21:35:23','2025-03-14 21:35:23'),(295,'I am willing to take logical risks in my creative endeavours',10,60,22,NULL,0,NULL,0,1,'2025-03-14 21:35:24','2025-03-14 21:35:24'),(296,'I am patient and persistent when working on creative projects',10,60,22,NULL,0,NULL,0,1,'2025-03-14 21:35:24','2025-03-14 21:35:24'),(297,'I can handle setbacks and can learn from failure',10,60,22,NULL,0,NULL,0,1,'2025-03-14 21:35:24','2025-03-14 21:35:24'),(298,'I enjoy pushing the boundaries of traditional thinking',10,60,22,NULL,0,NULL,0,1,'2025-03-14 21:35:25','2025-03-14 21:35:25'),(299,'I take initiative in creative situations',10,60,22,NULL,0,NULL,0,1,'2025-03-14 21:35:25','2025-03-14 21:35:25'),(300,'Does the patient drink alcohol?',NULL,61,23,NULL,0,NULL,0,1,'2025-03-14 21:36:57','2025-03-14 21:36:57'),(301,'How much do alcohol do they consume per week?',NULL,61,23,NULL,0,NULL,1,1,'2025-03-14 21:36:57','2025-03-14 21:36:57'),(302,'Does the patient take any Over the Counter (OTC) medication?',NULL,62,23,NULL,0,NULL,0,1,'2025-03-14 21:36:57','2025-03-14 21:36:57'),(303,'Is the medication prescribed by a practitioner or self-administered?',NULL,62,23,NULL,0,NULL,0,1,'2025-03-14 21:36:58','2025-03-14 21:36:58'),(304,'What is this OTC medication treating?',NULL,62,23,NULL,0,NULL,1,1,'2025-03-14 21:36:58','2025-03-14 21:36:58'),(305,'What is the name of the OTC medication?',NULL,62,23,NULL,0,NULL,1,1,'2025-03-14 21:36:58','2025-03-14 21:36:58'),(306,'Is the patient allergic to Penicillin?',NULL,62,23,NULL,0,NULL,0,1,'2025-03-14 21:36:58','2025-03-14 21:36:58'),(307,'Is the patient HIV positive?',NULL,62,23,NULL,0,NULL,0,1,'2025-03-14 21:36:58','2025-03-14 21:36:58'),(308,'Does the patient have any history of Anaphylaxis?',NULL,63,23,NULL,0,NULL,0,1,'2025-03-14 21:36:58','2025-03-14 21:36:58'),(309,'Does the patient have any problems swallowing (Dysphagia)?',NULL,64,23,NULL,0,NULL,0,1,'2025-03-14 21:36:58','2025-03-14 21:36:58'),(310,'Has the patient experienced any recent blackouts (Syncope)?',NULL,65,23,NULL,0,NULL,0,1,'2025-03-14 21:36:58','2025-03-14 21:36:58'),(311,'Is the patient experiencing anxiety (GAD)?',NULL,66,23,NULL,0,NULL,0,1,'2025-03-14 21:36:58','2025-03-14 21:36:58');
/*!40000 ALTER TABLE `questions` ENABLE KEYS */;
UNLOCK TABLES;

--
-- Table structure for table `references`
--

DROP TABLE IF EXISTS `references`;
/*!40101 SET @saved_cs_client     = @@character_set_client */;
/*!50503 SET character_set_client = utf8mb4 */;
CREATE TABLE `references` (
  `id` bigint unsigned NOT NULL AUTO_INCREMENT,
  `title` text COLLATE utf8mb4_unicode_ci NOT NULL,
  `group` varchar(255) COLLATE utf8mb4_unicode_ci DEFAULT NULL,
  `group_name` varchar(255) COLLATE utf8mb4_unicode_ci DEFAULT NULL,
  `link` varchar(255) COLLATE utf8mb4_unicode_ci DEFAULT NULL,
  `type` varchar(255) COLLATE utf8mb4_unicode_ci DEFAULT NULL,
  `created_at` timestamp NULL DEFAULT NULL,
  `updated_at` timestamp NULL DEFAULT NULL,
  PRIMARY KEY (`id`)
) ENGINE=InnoDB AUTO_INCREMENT=80 DEFAULT CHARSET=utf8mb4 COLLATE=utf8mb4_unicode_ci;
/*!40101 SET character_set_client = @saved_cs_client */;

--
-- Dumping data for table `references`
--

LOCK TABLES `references` WRITE;
/*!40000 ALTER TABLE `references` DISABLE KEYS */;
INSERT INTO `references` VALUES (1,'American Academy of Sleep Medicine (2014). The International Classification of Sleep Disorders. Third Edition (ICSD-3).','1','','https://pubmed.ncbi.nlm.nih.gov/25367475/','Scientific Reference','2025-03-14 21:33:45','2025-03-14 21:33:45'),(2,'Meir H. Kryger, Thomas Roth, & William C. Dement (2020). Principles and Practice of Sleep Medicine. Sixth Edition.','1','','https://www.researchgate.net/publication/297488660_Principles_and_Practice_of_Sleep_Medicine','Scientific Reference','2025-03-14 21:33:45','2025-03-14 21:33:45'),(3,'Institute of Medicine (2006). Sleep Disorders and Sleep Deprivation: An Unmet Public Health Problem.','1','','https://pubmed.ncbi.nlm.nih.gov/20669438/','Scientific Reference','2025-03-14 21:33:45','2025-03-14 21:33:45'),(4,'Charles M. Morin & Colin A. Espie (2003). Insomnia: A Clinical Guide to Assessment and Treatment.','1','','https://www.researchgate.net/publication/40711832_A_Clinical_Guide_to_Assessment_and_Treatment','Scientific Reference','2025-03-14 21:33:45','2025-03-14 21:33:45'),(5,'S.R. Pandi-Perumal, Vaughn McCall, & Michael Thorpy (2011). Narcolepsy and Hypersomnia.','1','','Hardback Publication','Scientific Reference','2025-03-14 21:33:45','2025-03-14 21:33:45'),(6,'Clete A. Kushida & Richard P. Allen (2009). Restless Legs Syndrome.','1','','Hardback Publication','Scientific Reference','2025-03-14 21:33:45','2025-03-14 21:33:45'),(7,'Carlos H. Schenck (2013). Parasomnias: Clinical Characteristics and Treatment.','1','','https://link.springer.com/article/10.1111/j.1479-8425.2012.00548.x','Scientific Reference','2025-03-14 21:33:45','2025-03-14 21:33:45'),(8,'Clete A. Kushida & Peter Hauri (2015). Obstructive Sleep Apnea: Diagnosis and Treatment.','1','','Hardback Publication','Scientific Reference','2025-03-14 21:33:45','2025-03-14 21:33:45'),(9,'Roland, M., & Fairbank, J. (2000). The Roland-Morris Disability Questionnaire and the Oswestry Disability Questionnaire. Spine, 25(24), 3115-3124.','2','','https://journals.lww.com/spinejournal/citation/2000/12150/the_roland_morris_disability_questionnaire_and_the.6.aspx','Scientific Reference','2025-03-14 21:33:45','2025-03-14 21:33:45'),(10,'Dworkin, R. H., Turk, D. C., Farrar, J. T., Haythornthwaite, J. A., Jensen, M. P., Katz, N. P., & Witter, J. (2005). Core outcome measures for chronic pain clinical trials: IMMPACT recommendations. Pain, 113(1-2), 9-19.','2','','https://journals.lww.com/pain/citation/2005/01000/core_outcome_measures_for_chronic_pain_clinical.5.aspx','Scientific Reference','2025-03-14 21:33:45','2025-03-14 21:33:45'),(11,'Von Korff, M., Ormel, J., Keefe, F. J., & Dworkin, S. F. (1992). Grading the severity of chronic pain. Pain, 50(2), 133-149.','2','','https://pubmed.ncbi.nlm.nih.gov/1408309/','Scientific Reference','2025-03-14 21:33:45','2025-03-14 21:33:45'),(12,'Nicholas, M. K. (2007). The pain self-efficacy questionnaire: Taking pain into account. European Journal of Pain, 11(2), 153-163.','2','','https://pubmed.ncbi.nlm.nih.gov/16446108/','Scientific Reference','2025-03-14 21:33:45','2025-03-14 21:33:45'),(13,'Cleeland, C. S., & Ryan, K. M. (1994). Pain assessment: global use of the Brief Pain Inventory. Annals of the Academy of Medicine, Singapore, 23(2), 129-138.','2','','https://pubmed.ncbi.nlm.nih.gov/8080219/','Scientific Reference','2025-03-14 21:33:45','2025-03-14 21:33:45'),(14,'Rehm, J., Mathers, C., Popova, S., Thavorncharoensap, M., Teerawattananon, Y., & Patra, J. (2009). Global Burden of Disease and Injury and Economic Cost Attributable to Alcohol Use and Alcohol-Use Disorders. The Lancet.','3','','https://pubmed.ncbi.nlm.nih.gov/19560604/','Scientific Reference','2025-03-14 21:33:45','2025-03-14 21:33:45'),(15,'Hasin, D. S., Saha, T. D., Kerridge, B. T., Goldstein, R. B., Chou, S. P., Zhang, H., & Grant, B. F. (2016). The Epidemiology of Cannabis Use and Use Disorders. Biological Psychiatry.','3','','Hardback Publication','Scientific Reference','2025-03-14 21:33:45','2025-03-14 21:33:45'),(16,'Green, J. L., McKenzie, M., & O’Neill, D. (2019). Epidemiology of Opioid Overdoses and Naloxone. Epidemiologic Reviews.','3','','Hardback Publication','Scientific Reference','2025-03-14 21:33:45','2025-03-14 21:33:45'),(17,'Miech, R. A., Johnston, L. D., O\'Malley, P. M., Bachman, J. G., Schulenberg, J. E., & Patrick, M. E. (2019). Monitoring the Future national survey results on drug use, 1975-2018: Volume I, Secondary school students. National Institute on Drug Abuse.','3','','https://eric.ed.gov/?id=ED594190','Scientific Reference','2025-03-14 21:33:45','2025-03-14 21:33:45'),(18,'Glantz, S. A., Bareham, D. W. (2014). E-cigarettes and the Use of Conventional Cigarettes among U.S. Adolescents. JAMA Pediatrics.','3','','Hardback Publication','Scientific Reference','2025-03-14 21:33:45','2025-03-14 21:33:45'),(19,'Koob, G. F., & Volkow, N. D. (2010). Neurobiology of addiction: a neurocircuitry analysis. The Lancet.','3','','https://www.thelancet.com/journals/lancet/article/PIIS2215-0366(16)00104-8/abstract','Scientific Reference','2025-03-14 21:33:45','2025-03-14 21:33:45'),(20,'Strang, J., Groshkova, T., Uchtenhagen, A., van den Brink, W., Haasen, C., & Schechter, M. T. (2017). The Global Drug Gap. The Lancet.','3','','Hardback Publication','Scientific Reference','2025-03-14 21:33:45','2025-03-14 21:33:45'),(21,'Hall, W., & Degenhardt, L. (2015). Adverse Health Effects of Marijuana Use. The Lancet Psychiatry.','3','','Hardback Publication','Scientific Reference','2025-03-14 21:33:45','2025-03-14 21:33:45'),(22,'Spielberger, C. D., Gorsuch, R. L., & Lushene, R. E. (1970). Manual for the State-Trait Anxiety Inventory. Palo Alto, CA. Consulting Psychologists Press.','4','','Hardback Publication','Scientific Reference','2025-03-14 21:33:45','2025-03-14 21:33:45'),(23,'Cohen, S., Kamarck, T., & Mermelstein, R. (1983). A global measure of perceived stress. Journal of Health and Social Behavior, 24(4), 385-396.','4','','https://psycnet.apa.org/record/1984-24885-001','Scientific Reference','2025-03-14 21:33:45','2025-03-14 21:33:45'),(24,'Endler, N. S., & Kocovski, N. L. (2001). State and trait anxiety revisited. Journal of Anxiety Disorders, 15(3), 231-245.','4','','https://pubmed.ncbi.nlm.nih.gov/11442141/','Scientific Reference','2025-03-14 21:33:45','2025-03-14 21:33:45'),(25,'Hewitt, P. L., & Norton, G. R. (1993). The Beck Anxiety Inventory: A psychometric analysis. Psychological Assessment, 5(4), 408-412.','4','','https://psycnet.apa.org/record/1994-31981-001','Scientific Reference','2025-03-14 21:33:45','2025-03-14 21:33:45'),(26,'Cox, B. J., Cohen, E., Direnfeld, D. M., & Swinson, R. P. (1996). Does the Beck Anxiety Inventory measure anything beyond panic attack symptoms? Behaviour Research and Therapy, 34(11-12), 949-954.','4','','https://pubmed.ncbi.nlm.nih.gov/8990548/','Scientific Reference','2025-03-14 21:33:45','2025-03-14 21:33:45'),(27,'Julian, L. J. (2011). Measures of anxiety: State‐Trait Anxiety Inventory (STAI), Beck Anxiety Inventory (BAI), and Hospital Anxiety and Depression Scale‐Anxiety (HADS‐A). Arthritis Care & Research, 63(S11), S467-S472.','4','','https://pubmed.ncbi.nlm.nih.gov/22588767/','Scientific Reference','2025-03-14 21:33:45','2025-03-14 21:33:45'),(28,'Zung, W. W. (1971). A rating instrument for anxiety disorders. Psychosomatics, 12(6), 371-379.','4','','https://pubmed.ncbi.nlm.nih.gov/5172928/','Scientific Reference','2025-03-14 21:33:45','2025-03-14 21:33:45'),(29,'Osman, A., Bagge, C. L., Gutierrez, P. M., Konick, L. C., Kopper, B. A., & Barrios, F. X. (2001). The Suicidal Behaviors Questionnaire-Revised (SBQ-R): Validation with clinical and nonclinical samples. Assessment, 8(4), 443-454.','5','','https://pubmed.ncbi.nlm.nih.gov/11785588/','Scientific Reference','2025-03-14 21:33:45','2025-03-14 21:33:45'),(30,'Beck, A. T., Steer, R. A., & Brown, G. K. (1996). Manual for the Beck Depression Inventory-II. Psychological Corporation.','5','','Hardback Publication','Scientific Reference','2025-03-14 21:33:45','2025-03-14 21:33:45'),(31,'Kroenke, K., Spitzer, R. L., & Williams, J. B. (2001). The PHQ-9: validity of a brief depression severity measure. Journal of General Internal Medicine, 16(9), 606-613.','5','','https://pubmed.ncbi.nlm.nih.gov/11556941/','Scientific Reference','2025-03-14 21:33:45','2025-03-14 21:33:45'),(32,'Watson, D., Clark, L. A., & Tellegen, A. (1988). Development and validation of brief measures of positive and negative affect: The PANAS scales. Journal of Personality and Social Psychology, 54(6), 1063-1070.','5','','https://www.researchgate.net/publication/235726247_Development_and_Validation_of_Brief_Measures_of_Positive_and_Negative_Affect_The_PANAS_Scales','Scientific Reference','2025-03-14 21:33:45','2025-03-14 21:33:45'),(33,'Rosenberg, M. (1965). Society and the adolescent self-image. Princeton University Press.','5','','https://www.academia.edu/19813736/Rosenberg_M_Society_and_the_adolescent_self_image_Princeton_NJ_Princeton_University_Press_1965_326_p','Scientific Reference','2025-03-14 21:33:45','2025-03-14 21:33:45'),(34,'Spitzer, R. L., Kroenke, K., Williams, J. B., & Löwe, B. (2006). A brief measure for assessing generalised anxiety disorder: the GAD-7. Archives of Internal Medicine, 166(10), 1092-1097.','5','','https://pubmed.ncbi.nlm.nih.gov/16717171/','Scientific Reference','2025-03-14 21:33:45','2025-03-14 21:33:45'),(35,'Zimet, G. D., Dahlem, N. W., Zimet, S. G., & Farley, G. K. (1988). The multidimensional scale of perceived social support. Journal of Personality Assessment, 52(1), 30-41.','5','','https://www.researchgate.net/profile/Gregory-Zimet/publication/240290845_The_Multidimensional_Scale_of_Perceived_Social_Support/links/54cf9e250cf298d65664ac8d/The-Multidimensional-Scale-of-Perceived-Social-Support.pdf','Scientific Reference','2025-03-14 21:33:45','2025-03-14 21:33:45'),(36,'Lovibond, P. F., & Lovibond, S. H. (1995). The structure of negative emotional states: Comparison of the Depression Anxiety Stress Scales (DASS) with the Beck Depression and Anxiety Inventories. Behaviour Research and Therapy, 33(3), 335-343.','5','','https://pubmed.ncbi.nlm.nih.gov/7726811/','Scientific Reference','2025-03-14 21:33:45','2025-03-14 21:33:45'),(37,'Snaith, R. P., Hamilton, M., Morley, S., Humayan, A., & Hargreaves, D. (1995). A scale for the assessment of hedonic tone the Snaith-Hamilton Pleasure Scale. The British Journal of Psychiatry, 167(1), 99-103.','5','','https://pubmed.ncbi.nlm.nih.gov/7551619/','Scientific Reference','2025-03-14 21:33:45','2025-03-14 21:33:45'),(38,'Neff, K. D. (2003). The development and validation of a scale to measure self-compassion. Self and Identity, 2(3), 223-250.','5','','https://self-compassion.org/wp-content/uploads/publications/empirical.article.pdf','Scientific Reference','2025-03-14 21:33:45','2025-03-14 21:33:45'),(39,'American Psychiatric Association. (2013). Diagnostic and Statistical Manual of Mental Disorders (5th ed.). Arlington, VA: American Psychiatric Publishing.','6','','https://psycnet.apa.org/record/2013-14907-000','Scientific Reference','2025-03-14 21:33:45','2025-03-14 21:33:45'),(40,'Weathers, F. W., Litz, B. T., Keane, T. M., Palmieri, P. A., Marx, B. P., & Schnurr, P. P. (2013). The PTSD Checklist for DSM-5 (PCL-5). Scale available from the National Centre for PTSD. www.ptsd.va.gov.','6','','https://www.ptsd.va.gov/professional/assessment/adult-sr/ptsd-checklist.asp','Scientific Reference','2025-03-14 21:33:45','2025-03-14 21:33:45'),(41,'Blake, D. D., Weathers, F. W., Nagy, L. M., Kaloupek, D. G., Gusman, F. D., Charney, D. S., & Keane, T. M. (1995). The development of a Clinician-Administered PTSD Scale. Journal of Traumatic Stress, 8(1), 75-90.','6','','https://pubmed.ncbi.nlm.nih.gov/7712061/','Scientific Reference','2025-03-14 21:33:45','2025-03-14 21:33:45'),(42,'Blevins, C. A., Weathers, F. W., Davis, M. T., Witte, T. K., & Domino, J. L. (2015). The Posttraumatic Stress Disorder Checklist for DSM-5 (PCL-5): Development and initial psychometric evaluation. Journal of Traumatic Stress, 28(6), 489-498.','6','','https://pubmed.ncbi.nlm.nih.gov/26606250/','Scientific Reference','2025-03-14 21:33:45','2025-03-14 21:33:45'),(43,'Forbes, D., Creamer, M., & Biddle, D. (2001). The validity of the PTSD checklist as a measure of symptomatic change in combat-related PTSD. Behaviour Research and Therapy, 39(8), 977-986.','6','','https://pubmed.ncbi.nlm.nih.gov/11480838/','Scientific Reference','2025-03-14 21:33:45','2025-03-14 21:33:45'),(44,'Costa, P. T., Jr., & McCrae, R. R. (1992). NEO PI-R Professional Manual. Big Five Personality Test. Psychological Assessment Resources.','7','','https://www.researchgate.net/publication/240133762_Neo_PI-R_professional_manual','Scientific Reference','2025-03-14 21:33:45','2025-03-14 21:33:45'),(45,'Myers, I. B., & Myers, P. B. (1995). Myers-Briggs Type Indicator (MBTI). Gifts Differing: Understanding Personality Type. Davies-Black Publishing.','7','','Hardback Publication','Scientific Reference','2025-03-14 21:33:45','2025-03-14 21:33:45'),(46,'Cattell, R. B. (1989). The Sixteen Personality Factor Questionnaire (16PF). Institute for Personality and Ability Testing.','7','','https://people.wku.edu/richard.miller/520%2016PF%20Cattell%20and%20Mead.pdf','Scientific Reference','2025-03-14 21:33:45','2025-03-14 21:33:45'),(47,'Eysenck, H. J., & Eysenck, S. B. G. (1975). Manual of the Eysenck Personality Questionnaire. Hodder & Stoughton.','7','','Hardback Publication','Scientific Reference','2025-03-14 21:33:45','2025-03-14 21:33:45'),(48,'Butcher, J. N., Dahlstrom, W. G., Graham, J. R., Tellegen, A., & Kaemmer, B. (1989). Minnesota Multiphasic Personality Inventory (MMPI). Manual for the MMPI-2. University of Minnesota Press.','7','',' Hardback Publication','Scientific Reference','2025-03-14 21:33:45','2025-03-14 21:33:45'),(49,'Gough, H. G. (1987). California Psychological Inventory (CPI) Manual. Consulting Psychologists Press.','7','','https://www.researchgate.net/profile/Timothy-Elliott-4/publication/259187038_California_Personality_Inventory/links/0deec52a402f03978c000000/California-Personality-Inventory.pdf','Scientific Reference','2025-03-14 21:33:45','2025-03-14 21:33:45'),(50,'Costa, P. T., & McCrae, R. R. (1992). Revised NEO Personality Inventory (NEO-PI-R) and NEO Five-Factor Inventory (NEO-FFI) Manual. Psychological Assessment Resources.','7','','Hardback Publication','Scientific Reference','2025-03-14 21:33:45','2025-03-14 21:33:45'),(51,'Goldberg, L. R. (1999). International Personality Item Pool (IPIP). A broad-bandwidth, public domain, personality inventory measuring the lower-level facets of several five-factor models. Mervielde, I., Deary, I., de Fruyt, F., & Ostendorf , F. (Eds.) (1999). Personality Psychology in Europe. Tilburg University Press .','7','','https://ipip.ori.org/A%20broad-bandwidth%20inventory.pdf','Scientific Reference','2025-03-14 21:33:45','2025-03-14 21:33:45'),(52,'Personality and Social Dynamics Lab (North-Western University). ','7','','https://www.persweb.northwestern.edu/','Scientific Reference','2025-03-14 21:33:45','2025-03-14 21:33:45'),(53,'Matson, J. L., Rotatori, A. F., & Helsel, W. J. (1983). Development of a rating scale to measure social skills in children: The Matson Evaluation of Social Skills with Youngsters (MESSY). Behaviour Research and Therapy, 21(4), 335-340.','8','','https://www.sciencedirect.com/science/article/abs/pii/0005796783900013','Scientific Reference','2025-03-14 21:33:45','2025-03-14 21:33:45'),(54,'Spence, S. H. (1995). Social skills training: Enhancing social competence with children. NFER-Nelson.','8','','https://psycnet.apa.org/record/1999-13982-003','Scientific Reference','2025-03-14 21:33:45','2025-03-14 21:33:45'),(55,'Riggio, R. E. (1986). Assessment of basic social skills. Journal of Personality and Social Psychology, 51(3), 649-660.','8','','https://www.researchgate.net/profile/Ronald-Riggio/publication/232575173_Assessment_of_Basic_Social_Skills/links/553911b60cf226723ab89ce7/Assessment-of-Basic-Social-Skills.pdf','Scientific Reference','2025-03-14 21:33:45','2025-03-14 21:33:45'),(56,'Goldstein, A. P., & McGinnis, E. (1997). Skill streaming in early childhood: A guide for teaching prosocial skills (Revised 2nd ed.). Research Press.','8','','Hardback Publication','Scientific Reference','2025-03-14 21:33:45','2025-03-14 21:33:45'),(57,'Martin, A. J. (2002). Motivation and academic resilience: Developing a model of student enhancement. School Psychology International, 23(2), 131-145. ','9','','Hardback Publication','Scientific Reference','2025-03-14 21:33:45','2025-03-14 21:33:45'),(58,'Luthans, F., & Youssef, C. M. (2007). Emerging positive organizational behaviour. Journal of Management, 33(3), 321-349. ','9','','https://psycnet.apa.org/record/2007-08098-003','Scientific Reference','2025-03-14 21:33:45','2025-03-14 21:33:45'),(59,'Carver, C. S., Scheier, M. F., & Weintraub, J. K. (1989). Assessing coping strategies: A theoretically based approach. Journal of Personality and Social Psychology, 56(2), 267-283. ','9','','https://psycnet.apa.org/record/1989-17570-001','Scientific Reference','2025-03-14 21:33:45','2025-03-14 21:33:45'),(60,'Bond, F. W., & Bunce, D. (2003). The role of acceptance and job control in mental health, job satisfaction, and work performance. Journal of Applied Psychology, 88(6), 1057-1067.','9','','https://www.researchgate.net/publication/8988760_The_Role_of_Acceptance_and_Job_Control_in_Mental_Health_Job_Satisfaction_and_Work_Performance','Scientific Reference','2025-03-14 21:33:45','2025-03-14 21:33:45'),(61,'Bryant, F. B., & Cvengros, J. A. (2004). Distinguishing hope and optimism: Two sides of a coin, or two separate coins? Journal of Social and Clinical Psychology, 23(2), 273-302. ','9','','https://ecommons.luc.edu/cgi/viewcontent.cgi?article=1079&context=psychology_facpubs','Scientific Reference','2025-03-14 21:33:45','2025-03-14 21:33:45'),(62,'Hart, P. M., & Cooper, C. L. (2001). Occupational stress: Toward a more integrated framework. In J. C. Quick & L. E. Tetrick (Eds.), Handbook of occupational health psychology (pp. 51-74). ','9','','https://www.researchgate.net/publication/285307600_Occupational_stress_Toward_a_more_integrated_framework','Scientific Reference','2025-03-14 21:33:45','2025-03-14 21:33:45'),(63,'Newell, A., & Simon, H. A. (1972). Human problem solving. Prentice-Hall.','10','','https://learnlab.org/wiki/images/1/1d/Human_Problem_Solving.pdf','Scientific Reference','2025-03-14 21:33:45','2025-03-14 21:33:45'),(64,'Dörner, D. (1996). The logic of failure: Recognizing and avoiding error in complex situations. Perseus Books.','10','','Hardback Publication','Scientific Reference','2025-03-14 21:33:45','2025-03-14 21:33:45'),(65,'Gick, M. L., & Holyoak, K. J. (1980). Analogical problem solving. Cognitive Psychology, 12(3), 306-355.','10','','https://psycnet.apa.org/record/1980-24710-001','Scientific Reference','2025-03-14 21:33:45','2025-03-14 21:33:45'),(66,'Sternberg, R. J., & Frensch, P. A. (Eds.). (1991). Complex problem solving: Principles and mechanisms. Psychology Press.','10','','Hardback Publication','Scientific Reference','2025-03-14 21:33:45','2025-03-14 21:33:45'),(67,'Osman, M. (2017). The cognitive psychology of planning. Psychology Press.','10','','Hardback Publication','Scientific Reference','2025-03-14 21:33:45','2025-03-14 21:33:45'),(68,'Amabile, T. M. (1983). The social psychology of creativity. Springer.','11','','Hardback Publication','Scientific Reference','2025-03-14 21:33:45','2025-03-14 21:33:45'),(69,'Runco, M. A., & Pritzker, S. R. (Eds.). (1999). Encyclopaedia of creativity. Academic Press.','11','','Hardback Publication','Scientific Reference','2025-03-14 21:33:45','2025-03-14 21:33:45'),(70,'Guilford, J. P. (1950). Creativity. American Psychologist, 5(9), 444-454.','11','','https://psycnet.apa.org/record/1951-04354-001','Scientific Reference','2025-03-14 21:33:45','2025-03-14 21:33:45'),(71,'Simonton, D. K. (2012). Creativity from a multivariate neurocognitive perspective. Psychological Review, 119(1), 115-154.','11','','Hardback Publication','Scientific Reference','2025-03-14 21:33:45','2025-03-14 21:33:45'),(72,'Csikszentmihalyi, M. (1996). Creativity: Flow and the psychology of discovery and invention. HarperCollins.','11','','Hardback Publication','Scientific Reference','2025-03-14 21:33:45','2025-03-14 21:33:45'),(73,'Sun, J., Calvert, J., Ye, H., Mao, X., Liu, Y., Wang, Z., Wang, P., Wu, Q., Wei, X., & Kong, F. (2024). Interest paradigm for early identification of autism spectrum disorder. Frontiers in Neuroscience.','12','','https://pubmed.ncbi.nlm.nih.gov/396644471','Scientific Reference','2025-03-14 21:33:45','2025-03-14 21:33:45'),(74,'Zhang, L., Chen, Y., Wang, J., & Li, Z. (2023). Identification of diagnostic markers for ASD: A restrictive interest paradigm using EEG functional connectivity and eye tracking. Frontiers in Psychiatry. ','12','','https://doi.org/10.3389/fnins.2023.12366372','Scientific Reference','2025-03-14 21:33:45','2025-03-14 21:33:45'),(75,'Kong, F., et al. (2022). Eye gaze as a biomarker in the recognition of autism spectrum disorders: Improved sensitivity and specificity using novel metrics like fixation time and pupil dilation dynamics. Autism Research. ','12','','https://doi.org/10.1002/aur26366','Scientific Reference','2025-03-14 21:33:45','2025-03-14 21:33:45'),(76,'Hawelka S, Gagl B, Wimmer H (2010). A dual-route perspective on eye movements of dyslexic readers. Cognition, 115(3) 367-379','12','','https://10.1016/j.cognition.2009.11.004','Scientific Reference','2025-03-14 21:33:45','2025-03-14 21:33:45'),(77,'Heth I, Lavidor M (2015). Improved reading measures in adults with dyslexia following transcranial direct current stimulation. PLoS ONE, 10(5) e0126802','12','','https://doi.org/10.1016/j.neuropsychologia.2015.02.022 ','Scientific Reference','2025-03-14 21:33:45','2025-03-14 21:33:45'),(78,'Costanzo F, Rossi S, Varuzza C, Varvara P, Vicari S, Menghini D (2016). Long-lasting improvement following tDCS treatment combined with reading training in children with dyslexia. Neuropsychologia, 93(Pt A) 202–209','12','','https://doi.org/10.1016/j.neuropsychologia.2018.03.016 ','Scientific Reference','2025-03-14 21:33:45','2025-03-14 21:33:45'),(79,'Bloch Y, Harel EV, Aviram S, Govezensky J, Ratzoni G, Levkovitz Y (2010). Positive effects of repetitive transcranial magnetic stimulation on attention in ADHD subjects: A randomized controlled pilot study. The World Journal of Biological Psychiatry, 11(5) 755–758','12','','https://doi.org/10.3109/15622975.2010.484466 ','Scientific Reference','2025-03-14 21:33:45','2025-03-14 21:33:45');
/*!40000 ALTER TABLE `references` ENABLE KEYS */;
UNLOCK TABLES;

--
-- Table structure for table `regions`
--

DROP TABLE IF EXISTS `regions`;
/*!40101 SET @saved_cs_client     = @@character_set_client */;
/*!50503 SET character_set_client = utf8mb4 */;
CREATE TABLE `regions` (
  `id` bigint unsigned NOT NULL AUTO_INCREMENT,
  `name` varchar(255) COLLATE utf8mb4_unicode_ci NOT NULL,
  PRIMARY KEY (`id`)
) ENGINE=InnoDB AUTO_INCREMENT=28 DEFAULT CHARSET=utf8mb4 COLLATE=utf8mb4_unicode_ci;
/*!40101 SET character_set_client = @saved_cs_client */;

--
-- Dumping data for table `regions`
--

LOCK TABLES `regions` WRITE;
/*!40000 ALTER TABLE `regions` DISABLE KEYS */;
INSERT INTO `regions` VALUES (1,'Avtonomna Respublika Krym'),(2,'Cherkaska Oblast'),(3,'Chernihivska Oblast'),(4,'Chernivetska Oblast'),(5,'Dnipropetrovska Oblast'),(6,'Donetska Oblast'),(7,'Ivano - Frankivska Oblast'),(8,'Kharkivska Oblast'),(9,'Khersonska Oblast'),(10,'Khmelnytska Oblast'),(11,'Kirovohradska Oblast'),(12,'Kyivska Oblast'),(13,'Luhanska Oblast'),(14,'Lvivska Oblast'),(15,'Misto Kyiv'),(16,'Misto Sevastopol'),(17,'Mykolaivska Oblast'),(18,'Odeska Oblast'),(19,'Poltavska Oblast'),(20,'Rivnenska Oblast'),(21,'Sumska Oblast'),(22,'Ternopilska Oblast'),(23,'Vinnytska Oblast'),(24,'Volynska Oblast'),(25,'Zakarpatska Oblast'),(26,'Zaporizka Oblast'),(27,'Zhytomyrska Oblast');
/*!40000 ALTER TABLE `regions` ENABLE KEYS */;
UNLOCK TABLES;

--
-- Table structure for table `report_files`
--

DROP TABLE IF EXISTS `report_files`;
/*!40101 SET @saved_cs_client     = @@character_set_client */;
/*!50503 SET character_set_client = utf8mb4 */;
CREATE TABLE `report_files` (
  `id` bigint unsigned NOT NULL AUTO_INCREMENT,
  `practitioner_user_id` bigint unsigned NOT NULL,
  `patient_user_id` bigint unsigned NOT NULL,
  `test_id` bigint unsigned NOT NULL,
  `uuid` varchar(255) COLLATE utf8mb4_unicode_ci NOT NULL,
  `created_at` timestamp NULL DEFAULT NULL,
  `updated_at` timestamp NULL DEFAULT NULL,
  PRIMARY KEY (`id`),
  KEY `report_files_practitioner_user_id_foreign` (`practitioner_user_id`),
  KEY `report_files_patient_user_id_foreign` (`patient_user_id`),
  KEY `report_files_test_id_foreign` (`test_id`),
  CONSTRAINT `report_files_patient_user_id_foreign` FOREIGN KEY (`patient_user_id`) REFERENCES `users` (`id`) ON DELETE CASCADE,
  CONSTRAINT `report_files_practitioner_user_id_foreign` FOREIGN KEY (`practitioner_user_id`) REFERENCES `users` (`id`) ON DELETE CASCADE,
  CONSTRAINT `report_files_test_id_foreign` FOREIGN KEY (`test_id`) REFERENCES `tests` (`id`) ON DELETE CASCADE
) ENGINE=InnoDB AUTO_INCREMENT=18 DEFAULT CHARSET=utf8mb4 COLLATE=utf8mb4_unicode_ci;
/*!40101 SET character_set_client = @saved_cs_client */;

--
-- Dumping data for table `report_files`
--

LOCK TABLES `report_files` WRITE;
/*!40000 ALTER TABLE `report_files` DISABLE KEYS */;
INSERT INTO `report_files` VALUES (1,4,37,23,'2b54cc82-dae1-4c65-8187-5318bd17c0f4','2025-03-17 10:24:38','2025-03-17 10:24:38'),(2,4,37,12,'248e550f-d685-44f1-bac6-3255470ab660','2025-03-17 10:27:46','2025-03-17 10:27:46'),(3,4,37,13,'1a5b08df-7dc0-4033-8c5d-b2545038936a','2025-03-17 10:29:32','2025-03-17 10:29:32'),(4,4,37,13,'eab62c93-0273-4f20-a0a1-464fd807b765','2025-03-17 10:29:33','2025-03-17 10:29:33'),(5,4,37,18,'2535e091-b174-4026-83c7-3e9ac354010d','2025-03-17 10:30:25','2025-03-17 10:30:25'),(6,4,37,18,'309b6cc2-9fed-4ff1-80da-db1624ee1f87','2025-03-17 10:30:39','2025-03-17 10:30:39'),(7,5,38,18,'90e13b22-7f89-4473-8e6a-f1377b28d32b','2025-03-17 14:15:52','2025-03-17 14:15:52'),(8,5,38,13,'14350643-2c6a-4435-94b6-1b239e643305','2025-03-17 14:22:32','2025-03-17 14:22:32'),(9,5,38,19,'22da740e-232e-46d2-bb51-a2ba01bd919a','2025-03-17 14:31:20','2025-03-17 14:31:20'),(10,5,38,19,'198976fe-6b2c-47f5-bbaf-00186d171f1b','2025-03-17 14:31:40','2025-03-17 14:31:40'),(11,5,38,20,'b5fc34a4-c8a0-4745-8288-a7af616a71a0','2025-03-17 14:31:55','2025-03-17 14:31:55'),(12,5,38,19,'976b4850-2cb8-484c-8df1-050193a28363','2025-03-17 14:32:38','2025-03-17 14:32:38'),(13,5,38,21,'497f0283-a40b-485f-8612-f987c39501ac','2025-03-17 14:32:59','2025-03-17 14:32:59'),(14,5,38,22,'a7015b85-33a8-438b-b505-458dec4fb0b0','2025-03-17 14:36:45','2025-03-17 14:36:45'),(15,5,38,22,'667ec533-5603-460c-92eb-cc0865648b82','2025-03-17 14:36:59','2025-03-17 14:36:59'),(16,5,38,23,'d5229846-fd86-4bdd-8224-16d9a1906cf3','2025-03-17 14:56:37','2025-03-17 14:56:37'),(17,6,39,9,'c3cc68bb-5b5e-4afc-a4ae-382065d1cf12','2025-03-17 15:15:57','2025-03-17 15:15:57');
/*!40000 ALTER TABLE `report_files` ENABLE KEYS */;
UNLOCK TABLES;

--
-- Table structure for table `responses`
--

DROP TABLE IF EXISTS `responses`;
/*!40101 SET @saved_cs_client     = @@character_set_client */;
/*!50503 SET character_set_client = utf8mb4 */;
CREATE TABLE `responses` (
  `id` bigint unsigned NOT NULL AUTO_INCREMENT,
  `title` varchar(255) COLLATE utf8mb4_unicode_ci NOT NULL,
  `type` smallint NOT NULL,
  `sort` int unsigned DEFAULT NULL,
  `created_at` timestamp NULL DEFAULT NULL,
  `updated_at` timestamp NULL DEFAULT NULL,
  PRIMARY KEY (`id`)
) ENGINE=InnoDB AUTO_INCREMENT=311 DEFAULT CHARSET=utf8mb4 COLLATE=utf8mb4_unicode_ci;
/*!40101 SET character_set_client = @saved_cs_client */;

--
-- Dumping data for table `responses`
--

LOCK TABLES `responses` WRITE;
/*!40000 ALTER TABLE `responses` DISABLE KEYS */;
INSERT INTO `responses` VALUES (1,'Male',1,NULL,'2025-03-14 21:33:46','2025-03-14 21:33:46'),(2,'Female',1,NULL,'2025-03-14 21:33:46','2025-03-14 21:33:46'),(3,'Single',1,NULL,'2025-03-14 21:33:46','2025-03-14 21:33:46'),(4,'Married ',1,NULL,'2025-03-14 21:33:46','2025-03-14 21:33:46'),(5,'In a relationship',1,NULL,'2025-03-14 21:33:46','2025-03-14 21:33:46'),(6,'Divorced',1,NULL,'2025-03-14 21:33:46','2025-03-14 21:33:46'),(7,'Widowed',1,NULL,'2025-03-14 21:33:46','2025-03-14 21:33:46'),(8,'Other',1,NULL,'2025-03-14 21:33:46','2025-03-14 21:33:46'),(9,'Wife',1,NULL,'2025-03-14 21:33:46','2025-03-14 21:33:46'),(10,'Husband',1,NULL,'2025-03-14 21:33:46','2025-03-14 21:33:46'),(11,'Partner',1,NULL,'2025-03-14 21:33:46','2025-03-14 21:33:46'),(12,'Parents',1,NULL,'2025-03-14 21:33:46','2025-03-14 21:33:46'),(13,'Children',1,NULL,'2025-03-14 21:33:46','2025-03-14 21:33:46'),(14,'Close relatives',1,NULL,'2025-03-14 21:33:46','2025-03-14 21:33:46'),(15,'No immediate family',1,NULL,'2025-03-14 21:33:46','2025-03-14 21:33:46'),(16,'High School',1,NULL,'2025-03-14 21:33:46','2025-03-14 21:33:46'),(17,'College',1,NULL,'2025-03-14 21:33:46','2025-03-14 21:33:46'),(18,'University - Baccalaureate',1,NULL,'2025-03-14 21:33:46','2025-03-14 21:33:46'),(19,'University - Master',1,NULL,'2025-03-14 21:33:46','2025-03-14 21:33:46'),(20,'Postgraduate (PhD, DSc)',1,NULL,'2025-03-14 21:33:46','2025-03-14 21:33:46'),(21,'Accountancy, Banking, Finance',3,NULL,'2025-03-14 21:33:46','2025-03-14 21:33:46'),(22,'Agriculture',3,NULL,'2025-03-14 21:33:46','2025-03-14 21:33:46'),(23,'Art & Design',3,NULL,'2025-03-14 21:33:46','2025-03-14 21:33:46'),(24,'Business, Consulting, Management',3,NULL,'2025-03-14 21:33:46','2025-03-14 21:33:46'),(25,'Charity, Volunteer Sector',3,NULL,'2025-03-14 21:33:46','2025-03-14 21:33:46'),(26,'Education',3,NULL,'2025-03-14 21:33:46','2025-03-14 21:33:46'),(27,'Energy, Utilities',3,NULL,'2025-03-14 21:33:46','2025-03-14 21:33:46'),(28,'Engineering, Manufacturing',3,NULL,'2025-03-14 21:33:46','2025-03-14 21:33:46'),(29,'Healthcare',3,NULL,'2025-03-14 21:33:46','2025-03-14 21:33:46'),(30,'Hospitality, Leisure, Tourism',3,NULL,'2025-03-14 21:33:46','2025-03-14 21:33:46'),(31,'Information Technology',3,NULL,'2025-03-14 21:33:46','2025-03-14 21:33:46'),(32,'Law',3,NULL,'2025-03-14 21:33:46','2025-03-14 21:33:46'),(33,'Law Enforcement, Security',3,NULL,'2025-03-14 21:33:46','2025-03-14 21:33:46'),(34,'Marketing, Advertising, Public Relations',3,NULL,'2025-03-14 21:33:46','2025-03-14 21:33:46'),(35,'Media Sector',3,NULL,'2025-03-14 21:33:46','2025-03-14 21:33:46'),(36,'Military - Full-Time Career',3,NULL,'2025-03-14 21:33:46','2025-03-14 21:33:46'),(37,'Property, Construction',3,NULL,'2025-03-14 21:33:46','2025-03-14 21:33:46'),(38,'Public Service Sector',3,NULL,'2025-03-14 21:33:46','2025-03-14 21:33:46'),(39,'Recruitment, HR',3,NULL,'2025-03-14 21:33:46','2025-03-14 21:33:46'),(40,'Retail Sector',3,NULL,'2025-03-14 21:33:46','2025-03-14 21:33:46'),(41,'Science, Pharmaceutical',3,NULL,'2025-03-14 21:33:46','2025-03-14 21:33:46'),(42,'Social Care',3,NULL,'2025-03-14 21:33:46','2025-03-14 21:33:46'),(43,'Transport, Logistics',3,NULL,'2025-03-14 21:33:46','2025-03-14 21:33:46'),(44,'Army',1,NULL,'2025-03-14 21:33:46','2025-03-14 21:33:46'),(45,'Home',1,NULL,'2025-03-14 21:33:46','2025-03-14 21:33:46'),(46,'Internally displaced ',1,NULL,'2025-03-14 21:33:46','2025-03-14 21:33:46'),(47,'Externally displaced returning civilian',1,NULL,'2025-03-14 21:33:46','2025-03-14 21:33:46'),(48,'1-3 Months',1,NULL,'2025-03-14 21:33:46','2025-03-14 21:33:46'),(49,'4-6 Months',1,NULL,'2025-03-14 21:33:46','2025-03-14 21:33:46'),(50,'7-9 Months',1,NULL,'2025-03-14 21:33:46','2025-03-14 21:33:46'),(51,'10-12 Months',1,NULL,'2025-03-14 21:33:46','2025-03-14 21:33:46'),(52,'More than one year',1,NULL,'2025-03-14 21:33:46','2025-03-14 21:33:46'),(53,'More than two years',1,NULL,'2025-03-14 21:33:46','2025-03-14 21:33:46'),(54,'Once',1,NULL,'2025-03-14 21:33:46','2025-03-14 21:33:46'),(55,'Twice',1,NULL,'2025-03-14 21:33:46','2025-03-14 21:33:46'),(56,'Three times',1,NULL,'2025-03-14 21:33:46','2025-03-14 21:33:46'),(57,'Four times',1,NULL,'2025-03-14 21:33:46','2025-03-14 21:33:46'),(58,'More than four times',1,NULL,'2025-03-14 21:33:46','2025-03-14 21:33:46'),(59,'Afghanistan',1,NULL,'2025-03-14 21:33:46','2025-03-14 21:33:46'),(60,'Albania',1,NULL,'2025-03-14 21:33:46','2025-03-14 21:33:46'),(61,'Algeria',1,NULL,'2025-03-14 21:33:46','2025-03-14 21:33:46'),(62,'Andorra',1,NULL,'2025-03-14 21:33:46','2025-03-14 21:33:46'),(63,'Angola',1,NULL,'2025-03-14 21:33:47','2025-03-14 21:33:47'),(64,'Antigua and Barbuda',1,NULL,'2025-03-14 21:33:47','2025-03-14 21:33:47'),(65,'Argentina',1,NULL,'2025-03-14 21:33:47','2025-03-14 21:33:47'),(66,'Armenia',1,NULL,'2025-03-14 21:33:47','2025-03-14 21:33:47'),(67,'Australia',1,NULL,'2025-03-14 21:33:47','2025-03-14 21:33:47'),(68,'Austria',1,NULL,'2025-03-14 21:33:47','2025-03-14 21:33:47'),(69,'Azerbaijan',1,NULL,'2025-03-14 21:33:47','2025-03-14 21:33:47'),(70,'Bahamas',1,NULL,'2025-03-14 21:33:47','2025-03-14 21:33:47'),(71,'Bahrain',1,NULL,'2025-03-14 21:33:47','2025-03-14 21:33:47'),(72,'Bangladesh',1,NULL,'2025-03-14 21:33:47','2025-03-14 21:33:47'),(73,'Barbados',1,NULL,'2025-03-14 21:33:47','2025-03-14 21:33:47'),(74,'Belarus',1,NULL,'2025-03-14 21:33:47','2025-03-14 21:33:47'),(75,'Belgium',1,NULL,'2025-03-14 21:33:47','2025-03-14 21:33:47'),(76,'Belize',1,NULL,'2025-03-14 21:33:47','2025-03-14 21:33:47'),(77,'Benin',1,NULL,'2025-03-14 21:33:47','2025-03-14 21:33:47'),(78,'Bhutan',1,NULL,'2025-03-14 21:33:47','2025-03-14 21:33:47'),(79,'Bolivia',1,NULL,'2025-03-14 21:33:47','2025-03-14 21:33:47'),(80,'Bosnia and Herzegovina',1,NULL,'2025-03-14 21:33:47','2025-03-14 21:33:47'),(81,'Botswana',1,NULL,'2025-03-14 21:33:47','2025-03-14 21:33:47'),(82,'Brazil',1,NULL,'2025-03-14 21:33:47','2025-03-14 21:33:47'),(83,'Brunei',1,NULL,'2025-03-14 21:33:47','2025-03-14 21:33:47'),(84,'Bulgaria',1,NULL,'2025-03-14 21:33:47','2025-03-14 21:33:47'),(85,'Burkina Faso',1,NULL,'2025-03-14 21:33:47','2025-03-14 21:33:47'),(86,'Burundi',1,NULL,'2025-03-14 21:33:47','2025-03-14 21:33:47'),(87,'Cabo Verde',1,NULL,'2025-03-14 21:33:47','2025-03-14 21:33:47'),(88,'Cambodia',1,NULL,'2025-03-14 21:33:47','2025-03-14 21:33:47'),(89,'Cameroon',1,NULL,'2025-03-14 21:33:47','2025-03-14 21:33:47'),(90,'Canada',1,NULL,'2025-03-14 21:33:47','2025-03-14 21:33:47'),(91,'Central African Republic',1,NULL,'2025-03-14 21:33:47','2025-03-14 21:33:47'),(92,'Chad',1,NULL,'2025-03-14 21:33:47','2025-03-14 21:33:47'),(93,'Chile',1,NULL,'2025-03-14 21:33:47','2025-03-14 21:33:47'),(94,'China',1,NULL,'2025-03-14 21:33:47','2025-03-14 21:33:47'),(95,'Colombia',1,NULL,'2025-03-14 21:33:47','2025-03-14 21:33:47'),(96,'Comoros',1,NULL,'2025-03-14 21:33:47','2025-03-14 21:33:47'),(97,'Congo (Congo-Brazzaville)',1,NULL,'2025-03-14 21:33:47','2025-03-14 21:33:47'),(98,'Costa Rica',1,NULL,'2025-03-14 21:33:47','2025-03-14 21:33:47'),(99,'Croatia',1,NULL,'2025-03-14 21:33:47','2025-03-14 21:33:47'),(100,'Cuba',1,NULL,'2025-03-14 21:33:47','2025-03-14 21:33:47'),(101,'Cyprus',1,NULL,'2025-03-14 21:33:47','2025-03-14 21:33:47'),(102,'Czechia (Czech Republic)',1,NULL,'2025-03-14 21:33:47','2025-03-14 21:33:47'),(103,'Democratic Republic of the Congo',1,NULL,'2025-03-14 21:33:47','2025-03-14 21:33:47'),(104,'Denmark',1,NULL,'2025-03-14 21:33:47','2025-03-14 21:33:47'),(105,'Djibouti',1,NULL,'2025-03-14 21:33:47','2025-03-14 21:33:47'),(106,'Dominica',1,NULL,'2025-03-14 21:33:47','2025-03-14 21:33:47'),(107,'Dominican Republic',1,NULL,'2025-03-14 21:33:47','2025-03-14 21:33:47'),(108,'Ecuador',1,NULL,'2025-03-14 21:33:47','2025-03-14 21:33:47'),(109,'Egypt',1,NULL,'2025-03-14 21:33:47','2025-03-14 21:33:47'),(110,'El Salvador',1,NULL,'2025-03-14 21:33:47','2025-03-14 21:33:47'),(111,'Equatorial Guinea',1,NULL,'2025-03-14 21:33:47','2025-03-14 21:33:47'),(112,'Eritrea',1,NULL,'2025-03-14 21:33:47','2025-03-14 21:33:47'),(113,'Estonia',1,NULL,'2025-03-14 21:33:47','2025-03-14 21:33:47'),(114,'Eswatini (Swaziland)',1,NULL,'2025-03-14 21:33:47','2025-03-14 21:33:47'),(115,'Ethiopia',1,NULL,'2025-03-14 21:33:47','2025-03-14 21:33:47'),(116,'Fiji',1,NULL,'2025-03-14 21:33:47','2025-03-14 21:33:47'),(117,'Finland',1,NULL,'2025-03-14 21:33:47','2025-03-14 21:33:47'),(118,'France',1,NULL,'2025-03-14 21:33:47','2025-03-14 21:33:47'),(119,'Gabon',1,NULL,'2025-03-14 21:33:47','2025-03-14 21:33:47'),(120,'Gambia',1,NULL,'2025-03-14 21:33:47','2025-03-14 21:33:47'),(121,'Georgia',1,NULL,'2025-03-14 21:33:47','2025-03-14 21:33:47'),(122,'Germany',1,NULL,'2025-03-14 21:33:47','2025-03-14 21:33:47'),(123,'Ghana',1,NULL,'2025-03-14 21:33:47','2025-03-14 21:33:47'),(124,'Greece',1,NULL,'2025-03-14 21:33:47','2025-03-14 21:33:47'),(125,'Grenada',1,NULL,'2025-03-14 21:33:47','2025-03-14 21:33:47'),(126,'Guatemala',1,NULL,'2025-03-14 21:33:47','2025-03-14 21:33:47'),(127,'Guinea',1,NULL,'2025-03-14 21:33:47','2025-03-14 21:33:47'),(128,'Guinea-Bissau',1,NULL,'2025-03-14 21:33:47','2025-03-14 21:33:47'),(129,'Guyana',1,NULL,'2025-03-14 21:33:47','2025-03-14 21:33:47'),(130,'Haiti',1,NULL,'2025-03-14 21:33:47','2025-03-14 21:33:47'),(131,'Honduras',1,NULL,'2025-03-14 21:33:47','2025-03-14 21:33:47'),(132,'Hungary',1,NULL,'2025-03-14 21:33:47','2025-03-14 21:33:47'),(133,'Iceland',1,NULL,'2025-03-14 21:33:47','2025-03-14 21:33:47'),(134,'India',1,NULL,'2025-03-14 21:33:47','2025-03-14 21:33:47'),(135,'Indonesia',1,NULL,'2025-03-14 21:33:47','2025-03-14 21:33:47'),(136,'Iran',1,NULL,'2025-03-14 21:33:47','2025-03-14 21:33:47'),(137,'Iraq',1,NULL,'2025-03-14 21:33:47','2025-03-14 21:33:47'),(138,'Ireland',1,NULL,'2025-03-14 21:33:47','2025-03-14 21:33:47'),(139,'Israel',1,NULL,'2025-03-14 21:33:47','2025-03-14 21:33:47'),(140,'Italy',1,NULL,'2025-03-14 21:33:47','2025-03-14 21:33:47'),(141,'Jamaica',1,NULL,'2025-03-14 21:33:47','2025-03-14 21:33:47'),(142,'Japan',1,NULL,'2025-03-14 21:33:47','2025-03-14 21:33:47'),(143,'Jordan',1,NULL,'2025-03-14 21:33:47','2025-03-14 21:33:47'),(144,'Kazakhstan',1,NULL,'2025-03-14 21:33:47','2025-03-14 21:33:47'),(145,'Kenya',1,NULL,'2025-03-14 21:33:47','2025-03-14 21:33:47'),(146,'Kiribati',1,NULL,'2025-03-14 21:33:47','2025-03-14 21:33:47'),(147,'Kuwait',1,NULL,'2025-03-14 21:33:47','2025-03-14 21:33:47'),(148,'Kyrgyzstan',1,NULL,'2025-03-14 21:33:47','2025-03-14 21:33:47'),(149,'Laos',1,NULL,'2025-03-14 21:33:47','2025-03-14 21:33:47'),(150,'Latvia',1,NULL,'2025-03-14 21:33:47','2025-03-14 21:33:47'),(151,'Lebanon',1,NULL,'2025-03-14 21:33:47','2025-03-14 21:33:47'),(152,'Lesotho',1,NULL,'2025-03-14 21:33:47','2025-03-14 21:33:47'),(153,'Liberia',1,NULL,'2025-03-14 21:33:47','2025-03-14 21:33:47'),(154,'Libya',1,NULL,'2025-03-14 21:33:47','2025-03-14 21:33:47'),(155,'Liechtenstein',1,NULL,'2025-03-14 21:33:47','2025-03-14 21:33:47'),(156,'Lithuania',1,NULL,'2025-03-14 21:33:47','2025-03-14 21:33:47'),(157,'Luxembourg',1,NULL,'2025-03-14 21:33:47','2025-03-14 21:33:47'),(158,'Madagascar',1,NULL,'2025-03-14 21:33:47','2025-03-14 21:33:47'),(159,'Malawi',1,NULL,'2025-03-14 21:33:47','2025-03-14 21:33:47'),(160,'Malaysia',1,NULL,'2025-03-14 21:33:48','2025-03-14 21:33:48'),(161,'Maldives',1,NULL,'2025-03-14 21:33:48','2025-03-14 21:33:48'),(162,'Mali',1,NULL,'2025-03-14 21:33:48','2025-03-14 21:33:48'),(163,'Malta',1,NULL,'2025-03-14 21:33:48','2025-03-14 21:33:48'),(164,'Marshall Islands',1,NULL,'2025-03-14 21:33:48','2025-03-14 21:33:48'),(165,'Mauritania',1,NULL,'2025-03-14 21:33:48','2025-03-14 21:33:48'),(166,'Mauritius',1,NULL,'2025-03-14 21:33:48','2025-03-14 21:33:48'),(167,'Mexico',1,NULL,'2025-03-14 21:33:48','2025-03-14 21:33:48'),(168,'Micronesia',1,NULL,'2025-03-14 21:33:48','2025-03-14 21:33:48'),(169,'Moldova',1,NULL,'2025-03-14 21:33:48','2025-03-14 21:33:48'),(170,'Monaco',1,NULL,'2025-03-14 21:33:48','2025-03-14 21:33:48'),(171,'Mongolia',1,NULL,'2025-03-14 21:33:48','2025-03-14 21:33:48'),(172,'Montenegro',1,NULL,'2025-03-14 21:33:48','2025-03-14 21:33:48'),(173,'Morocco',1,NULL,'2025-03-14 21:33:48','2025-03-14 21:33:48'),(174,'Mozambique',1,NULL,'2025-03-14 21:33:48','2025-03-14 21:33:48'),(175,'Myanmar (Burma)',1,NULL,'2025-03-14 21:33:48','2025-03-14 21:33:48'),(176,'Namibia',1,NULL,'2025-03-14 21:33:48','2025-03-14 21:33:48'),(177,'Nauru',1,NULL,'2025-03-14 21:33:48','2025-03-14 21:33:48'),(178,'Nepal',1,NULL,'2025-03-14 21:33:48','2025-03-14 21:33:48'),(179,'Netherlands',1,NULL,'2025-03-14 21:33:48','2025-03-14 21:33:48'),(180,'New Zealand',1,NULL,'2025-03-14 21:33:48','2025-03-14 21:33:48'),(181,'Nicaragua',1,NULL,'2025-03-14 21:33:48','2025-03-14 21:33:48'),(182,'Niger',1,NULL,'2025-03-14 21:33:48','2025-03-14 21:33:48'),(183,'Nigeria',1,NULL,'2025-03-14 21:33:48','2025-03-14 21:33:48'),(184,'North Korea',1,NULL,'2025-03-14 21:33:48','2025-03-14 21:33:48'),(185,'North Macedonia',1,NULL,'2025-03-14 21:33:48','2025-03-14 21:33:48'),(186,'Norway',1,NULL,'2025-03-14 21:33:48','2025-03-14 21:33:48'),(187,'Oman',1,NULL,'2025-03-14 21:33:48','2025-03-14 21:33:48'),(188,'Pakistan',1,NULL,'2025-03-14 21:33:48','2025-03-14 21:33:48'),(189,'Palau',1,NULL,'2025-03-14 21:33:48','2025-03-14 21:33:48'),(190,'Palestine',1,NULL,'2025-03-14 21:33:48','2025-03-14 21:33:48'),(191,'Panama',1,NULL,'2025-03-14 21:33:48','2025-03-14 21:33:48'),(192,'Papua New Guinea',1,NULL,'2025-03-14 21:33:48','2025-03-14 21:33:48'),(193,'Paraguay',1,NULL,'2025-03-14 21:33:48','2025-03-14 21:33:48'),(194,'Peru',1,NULL,'2025-03-14 21:33:48','2025-03-14 21:33:48'),(195,'Philippines',1,NULL,'2025-03-14 21:33:48','2025-03-14 21:33:48'),(196,'Poland',1,NULL,'2025-03-14 21:33:48','2025-03-14 21:33:48'),(197,'Portugal',1,NULL,'2025-03-14 21:33:48','2025-03-14 21:33:48'),(198,'Qatar',1,NULL,'2025-03-14 21:33:48','2025-03-14 21:33:48'),(199,'Romania',1,NULL,'2025-03-14 21:33:48','2025-03-14 21:33:48'),(200,'Russia',1,NULL,'2025-03-14 21:33:48','2025-03-14 21:33:48'),(201,'Rwanda',1,NULL,'2025-03-14 21:33:48','2025-03-14 21:33:48'),(202,'Saint Kitts and Nevis',1,NULL,'2025-03-14 21:33:48','2025-03-14 21:33:48'),(203,'Saint Lucia',1,NULL,'2025-03-14 21:33:48','2025-03-14 21:33:48'),(204,'Saint Vincent and the Grenadines',1,NULL,'2025-03-14 21:33:48','2025-03-14 21:33:48'),(205,'Samoa',1,NULL,'2025-03-14 21:33:48','2025-03-14 21:33:48'),(206,'San Marino',1,NULL,'2025-03-14 21:33:48','2025-03-14 21:33:48'),(207,'Sao Tome and Principe',1,NULL,'2025-03-14 21:33:48','2025-03-14 21:33:48'),(208,'Saudi Arabia',1,NULL,'2025-03-14 21:33:48','2025-03-14 21:33:48'),(209,'Senegal',1,NULL,'2025-03-14 21:33:48','2025-03-14 21:33:48'),(210,'Serbia',1,NULL,'2025-03-14 21:33:48','2025-03-14 21:33:48'),(211,'Seychelles',1,NULL,'2025-03-14 21:33:48','2025-03-14 21:33:48'),(212,'Sierra Leone',1,NULL,'2025-03-14 21:33:48','2025-03-14 21:33:48'),(213,'Singapore',1,NULL,'2025-03-14 21:33:48','2025-03-14 21:33:48'),(214,'Slovakia',1,NULL,'2025-03-14 21:33:48','2025-03-14 21:33:48'),(215,'Slovenia',1,NULL,'2025-03-14 21:33:48','2025-03-14 21:33:48'),(216,'Solomon Islands',1,NULL,'2025-03-14 21:33:48','2025-03-14 21:33:48'),(217,'Somalia',1,NULL,'2025-03-14 21:33:48','2025-03-14 21:33:48'),(218,'South Africa',1,NULL,'2025-03-14 21:33:48','2025-03-14 21:33:48'),(219,'South Korea',1,NULL,'2025-03-14 21:33:48','2025-03-14 21:33:48'),(220,'South Sudan',1,NULL,'2025-03-14 21:33:48','2025-03-14 21:33:48'),(221,'Spain',1,NULL,'2025-03-14 21:33:48','2025-03-14 21:33:48'),(222,'Sri Lanka',1,NULL,'2025-03-14 21:33:48','2025-03-14 21:33:48'),(223,'Sudan',1,NULL,'2025-03-14 21:33:48','2025-03-14 21:33:48'),(224,'Suriname',1,NULL,'2025-03-14 21:33:48','2025-03-14 21:33:48'),(225,'Sweden',1,NULL,'2025-03-14 21:33:48','2025-03-14 21:33:48'),(226,'Switzerland',1,NULL,'2025-03-14 21:33:48','2025-03-14 21:33:48'),(227,'Syria',1,NULL,'2025-03-14 21:33:48','2025-03-14 21:33:48'),(228,'Tajikistan',1,NULL,'2025-03-14 21:33:48','2025-03-14 21:33:48'),(229,'Tanzania',1,NULL,'2025-03-14 21:33:48','2025-03-14 21:33:48'),(230,'Thailand',1,NULL,'2025-03-14 21:33:48','2025-03-14 21:33:48'),(231,'Timor-Leste',1,NULL,'2025-03-14 21:33:48','2025-03-14 21:33:48'),(232,'Togo',1,NULL,'2025-03-14 21:33:48','2025-03-14 21:33:48'),(233,'Tonga',1,NULL,'2025-03-14 21:33:48','2025-03-14 21:33:48'),(234,'Trinidad and Tobago',1,NULL,'2025-03-14 21:33:48','2025-03-14 21:33:48'),(235,'Tunisia',1,NULL,'2025-03-14 21:33:48','2025-03-14 21:33:48'),(236,'Turkey',1,NULL,'2025-03-14 21:33:48','2025-03-14 21:33:48'),(237,'Turkmenistan',1,NULL,'2025-03-14 21:33:48','2025-03-14 21:33:48'),(238,'Tuvalu',1,NULL,'2025-03-14 21:33:48','2025-03-14 21:33:48'),(239,'Uganda',1,NULL,'2025-03-14 21:33:48','2025-03-14 21:33:48'),(240,'Ukraine',1,NULL,'2025-03-14 21:33:48','2025-03-14 21:33:48'),(241,'United Arab Emirates',1,NULL,'2025-03-14 21:33:48','2025-03-14 21:33:48'),(242,'United Kingdom',1,NULL,'2025-03-14 21:33:48','2025-03-14 21:33:48'),(243,'United States',1,NULL,'2025-03-14 21:33:48','2025-03-14 21:33:48'),(244,'Uruguay',1,NULL,'2025-03-14 21:33:48','2025-03-14 21:33:48'),(245,'Uzbekistan',1,NULL,'2025-03-14 21:33:48','2025-03-14 21:33:48'),(246,'Vanuatu',1,NULL,'2025-03-14 21:33:48','2025-03-14 21:33:48'),(247,'Vatican City',1,NULL,'2025-03-14 21:33:48','2025-03-14 21:33:48'),(248,'Venezuela',1,NULL,'2025-03-14 21:33:48','2025-03-14 21:33:48'),(249,'Vietnam',1,NULL,'2025-03-14 21:33:48','2025-03-14 21:33:48'),(250,'Yemen',1,NULL,'2025-03-14 21:33:48','2025-03-14 21:33:48'),(251,'Zambia',1,NULL,'2025-03-14 21:33:48','2025-03-14 21:33:48'),(252,'Zimbabwe',1,NULL,'2025-03-14 21:33:48','2025-03-14 21:33:48'),(253,'Yes',1,NULL,'2025-03-14 21:33:49','2025-03-14 21:33:49'),(254,'No',1,NULL,'2025-03-14 21:33:49','2025-03-14 21:33:49'),(255,'Paralysis',1,NULL,'2025-03-14 21:33:49','2025-03-14 21:33:49'),(256,'Limb amputation',1,NULL,'2025-03-14 21:33:49','2025-03-14 21:33:49'),(257,'Muscular dystrophy',1,NULL,'2025-03-14 21:33:49','2025-03-14 21:33:49'),(258,'Spinal cord injury',1,NULL,'2025-03-14 21:33:49','2025-03-14 21:33:49'),(259,'Bone disorder',1,NULL,'2025-03-14 21:33:49','2025-03-14 21:33:49'),(260,'Joint or limb disorder',1,NULL,'2025-03-14 21:33:49','2025-03-14 21:33:49'),(261,'Cerebral palsy',1,NULL,'2025-03-14 21:33:49','2025-03-14 21:33:49'),(262,'Multiple sclerosis',1,NULL,'2025-03-14 21:33:49','2025-03-14 21:33:49'),(263,'Amyotrophic lateral sclerosis',1,NULL,'2025-03-14 21:33:49','2025-03-14 21:33:49'),(264,'Fibromyalgia',1,NULL,'2025-03-14 21:33:49','2025-03-14 21:33:49'),(265,'Complex regional pain syndrome',1,NULL,'2025-03-14 21:33:49','2025-03-14 21:33:49'),(266,'Asthma',1,NULL,'2025-03-14 21:33:49','2025-03-14 21:33:49'),(267,'Partial sight or low vision',1,NULL,'2025-03-14 21:33:49','2025-03-14 21:33:49'),(268,'Chronic obstructive pulmonary disease (COPD)',1,NULL,'2025-03-14 21:33:49','2025-03-14 21:33:49'),(269,'Complete blindness',1,NULL,'2025-03-14 21:33:49','2025-03-14 21:33:49'),(270,'Hearing loss',1,NULL,'2025-03-14 21:33:49','2025-03-14 21:33:49'),(271,'Complete deafness',1,NULL,'2025-03-14 21:33:49','2025-03-14 21:33:49'),(272,'Short stature or dwarfism',1,NULL,'2025-03-14 21:33:49','2025-03-14 21:33:49'),(273,'Chronic fatigue syndrome',1,NULL,'2025-03-14 21:33:49','2025-03-14 21:33:49'),(274,'Rarely',1,NULL,'2025-03-14 21:33:49','2025-03-14 21:33:49'),(275,'Sometimes',1,NULL,'2025-03-14 21:33:49','2025-03-14 21:33:49'),(276,'Often',1,NULL,'2025-03-14 21:33:49','2025-03-14 21:33:49'),(277,'Fully recovered',1,NULL,'2025-03-14 21:33:51','2025-03-14 21:33:51'),(278,'In recovery',1,NULL,'2025-03-14 21:33:51','2025-03-14 21:33:51'),(279,'Awaiting treatment',1,NULL,'2025-03-14 21:33:51','2025-03-14 21:33:51'),(280,'Hospital ',1,NULL,'2025-03-14 21:33:51','2025-03-14 21:33:51'),(281,'Clinic',1,NULL,'2025-03-14 21:33:51','2025-03-14 21:33:51'),(282,'Medical practitioner',1,NULL,'2025-03-14 21:33:51','2025-03-14 21:33:51'),(283,'Non-governmental organisation',1,NULL,'2025-03-14 21:33:51','2025-03-14 21:33:51'),(284,'Not at all ',1,NULL,'2025-03-14 21:33:51','2025-03-14 21:33:51'),(285,'Most of the time',1,NULL,'2025-03-14 21:33:51','2025-03-14 21:33:51'),(286,'All of the time ',1,NULL,'2025-03-14 21:33:51','2025-03-14 21:33:51'),(287,'Strongly agree',1,NULL,'2025-03-14 21:33:54','2025-03-14 21:33:54'),(288,'Moderately agree',1,NULL,'2025-03-14 21:33:54','2025-03-14 21:33:54'),(289,'Slightly agree',1,NULL,'2025-03-14 21:33:54','2025-03-14 21:33:54'),(290,'Neutral',1,NULL,'2025-03-14 21:33:54','2025-03-14 21:33:54'),(291,'Slightly disagree',1,NULL,'2025-03-14 21:33:54','2025-03-14 21:33:54'),(292,'Moderately disagree',1,NULL,'2025-03-14 21:33:54','2025-03-14 21:33:54'),(293,'Strongly disagree ',1,NULL,'2025-03-14 21:33:54','2025-03-14 21:33:54'),(294,'Never',1,NULL,'2025-03-14 21:34:00','2025-03-14 21:34:00'),(295,'Always',1,NULL,'2025-03-14 21:34:00','2025-03-14 21:34:00'),(296,'Anxiety',1,NULL,'2025-03-14 21:34:03','2025-03-14 21:34:03'),(297,'Depression',1,NULL,'2025-03-14 21:34:03','2025-03-14 21:34:03'),(298,'Post-Traumatic Stress Disorder (PTSD)',1,NULL,'2025-03-14 21:34:03','2025-03-14 21:34:03'),(299,'Received care regularly',1,NULL,'2025-03-14 21:34:03','2025-03-14 21:34:03'),(300,'Received occasional care',1,NULL,'2025-03-14 21:34:03','2025-03-14 21:34:03'),(301,'Received care once',1,NULL,'2025-03-14 21:34:03','2025-03-14 21:34:03'),(302,'Army medical care',1,NULL,'2025-03-14 21:34:04','2025-03-14 21:34:04'),(303,'Ministry of Health Services',1,NULL,'2025-03-14 21:34:04','2025-03-14 21:34:04'),(304,'Private care',1,NULL,'2025-03-14 21:34:04','2025-03-14 21:34:04'),(305,'Disagree',1,NULL,'2025-03-14 21:34:25','2025-03-14 21:34:25'),(306,'Agree',1,NULL,'2025-03-14 21:34:25','2025-03-14 21:34:25'),(307,'Almost Never',1,NULL,'2025-03-14 21:34:30','2025-03-14 21:34:30'),(308,'Almost Always',1,NULL,'2025-03-14 21:34:31','2025-03-14 21:34:31'),(309,'Prescribed',1,NULL,'2025-03-14 21:36:58','2025-03-14 21:36:58'),(310,'Self-administered',1,NULL,'2025-03-14 21:36:58','2025-03-14 21:36:58');
/*!40000 ALTER TABLE `responses` ENABLE KEYS */;
UNLOCK TABLES;

--
-- Table structure for table `responses_languages`
--

DROP TABLE IF EXISTS `responses_languages`;
/*!40101 SET @saved_cs_client     = @@character_set_client */;
/*!50503 SET character_set_client = utf8mb4 */;
CREATE TABLE `responses_languages` (
  `id` bigint unsigned NOT NULL AUTO_INCREMENT,
  `question` text COLLATE utf8mb4_unicode_ci NOT NULL,
  `language_id` bigint unsigned NOT NULL,
  `response_id` bigint unsigned NOT NULL,
  `created_at` timestamp NULL DEFAULT NULL,
  `updated_at` timestamp NULL DEFAULT NULL,
  PRIMARY KEY (`id`),
  KEY `responses_languages_language_id_foreign` (`language_id`),
  KEY `responses_languages_response_id_foreign` (`response_id`),
  CONSTRAINT `responses_languages_language_id_foreign` FOREIGN KEY (`language_id`) REFERENCES `languages` (`id`) ON DELETE CASCADE,
  CONSTRAINT `responses_languages_response_id_foreign` FOREIGN KEY (`response_id`) REFERENCES `responses` (`id`) ON DELETE CASCADE
) ENGINE=InnoDB AUTO_INCREMENT=311 DEFAULT CHARSET=utf8mb4 COLLATE=utf8mb4_unicode_ci;
/*!40101 SET character_set_client = @saved_cs_client */;

--
-- Dumping data for table `responses_languages`
--

LOCK TABLES `responses_languages` WRITE;
/*!40000 ALTER TABLE `responses_languages` DISABLE KEYS */;
INSERT INTO `responses_languages` VALUES (1,'Male',1,1,NULL,NULL),(2,'Female',1,2,NULL,NULL),(3,'Single',1,3,NULL,NULL),(4,'Married ',1,4,NULL,NULL),(5,'In a relationship',1,5,NULL,NULL),(6,'Divorced',1,6,NULL,NULL),(7,'Widowed',1,7,NULL,NULL),(8,'Other',1,8,NULL,NULL),(9,'Wife',1,9,NULL,NULL),(10,'Husband',1,10,NULL,NULL),(11,'Partner',1,11,NULL,NULL),(12,'Parents',1,12,NULL,NULL),(13,'Children',1,13,NULL,NULL),(14,'Close relatives',1,14,NULL,NULL),(15,'No immediate family',1,15,NULL,NULL),(16,'High School',1,16,NULL,NULL),(17,'College',1,17,NULL,NULL),(18,'University - Baccalaureate',1,18,NULL,NULL),(19,'University - Master',1,19,NULL,NULL),(20,'Postgraduate (PhD, DSc)',1,20,NULL,NULL),(21,'Accountancy, Banking, Finance',1,21,NULL,NULL),(22,'Agriculture',1,22,NULL,NULL),(23,'Art & Design',1,23,NULL,NULL),(24,'Business, Consulting, Management',1,24,NULL,NULL),(25,'Charity, Volunteer Sector',1,25,NULL,NULL),(26,'Education',1,26,NULL,NULL),(27,'Energy, Utilities',1,27,NULL,NULL),(28,'Engineering, Manufacturing',1,28,NULL,NULL),(29,'Healthcare',1,29,NULL,NULL),(30,'Hospitality, Leisure, Tourism',1,30,NULL,NULL),(31,'Information Technology',1,31,NULL,NULL),(32,'Law',1,32,NULL,NULL),(33,'Law Enforcement, Security',1,33,NULL,NULL),(34,'Marketing, Advertising, Public Relations',1,34,NULL,NULL),(35,'Media Sector',1,35,NULL,NULL),(36,'Military - Full-Time Career',1,36,NULL,NULL),(37,'Property, Construction',1,37,NULL,NULL),(38,'Public Service Sector',1,38,NULL,NULL),(39,'Recruitment, HR',1,39,NULL,NULL),(40,'Retail Sector',1,40,NULL,NULL),(41,'Science, Pharmaceutical',1,41,NULL,NULL),(42,'Social Care',1,42,NULL,NULL),(43,'Transport, Logistics',1,43,NULL,NULL),(44,'Army',1,44,NULL,NULL),(45,'Home',1,45,NULL,NULL),(46,'Internally displaced ',1,46,NULL,NULL),(47,'Externally displaced returning civilian',1,47,NULL,NULL),(48,'1-3 Months',1,48,NULL,NULL),(49,'4-6 Months',1,49,NULL,NULL),(50,'7-9 Months',1,50,NULL,NULL),(51,'10-12 Months',1,51,NULL,NULL),(52,'More than one year',1,52,NULL,NULL),(53,'More than two years',1,53,NULL,NULL),(54,'Once',1,54,NULL,NULL),(55,'Twice',1,55,NULL,NULL),(56,'Three times',1,56,NULL,NULL),(57,'Four times',1,57,NULL,NULL),(58,'More than four times',1,58,NULL,NULL),(59,'Afghanistan',1,59,NULL,NULL),(60,'Albania',1,60,NULL,NULL),(61,'Algeria',1,61,NULL,NULL),(62,'Andorra',1,62,NULL,NULL),(63,'Angola',1,63,NULL,NULL),(64,'Antigua and Barbuda',1,64,NULL,NULL),(65,'Argentina',1,65,NULL,NULL),(66,'Armenia',1,66,NULL,NULL),(67,'Australia',1,67,NULL,NULL),(68,'Austria',1,68,NULL,NULL),(69,'Azerbaijan',1,69,NULL,NULL),(70,'Bahamas',1,70,NULL,NULL),(71,'Bahrain',1,71,NULL,NULL),(72,'Bangladesh',1,72,NULL,NULL),(73,'Barbados',1,73,NULL,NULL),(74,'Belarus',1,74,NULL,NULL),(75,'Belgium',1,75,NULL,NULL),(76,'Belize',1,76,NULL,NULL),(77,'Benin',1,77,NULL,NULL),(78,'Bhutan',1,78,NULL,NULL),(79,'Bolivia',1,79,NULL,NULL),(80,'Bosnia and Herzegovina',1,80,NULL,NULL),(81,'Botswana',1,81,NULL,NULL),(82,'Brazil',1,82,NULL,NULL),(83,'Brunei',1,83,NULL,NULL),(84,'Bulgaria',1,84,NULL,NULL),(85,'Burkina Faso',1,85,NULL,NULL),(86,'Burundi',1,86,NULL,NULL),(87,'Cabo Verde',1,87,NULL,NULL),(88,'Cambodia',1,88,NULL,NULL),(89,'Cameroon',1,89,NULL,NULL),(90,'Canada',1,90,NULL,NULL),(91,'Central African Republic',1,91,NULL,NULL),(92,'Chad',1,92,NULL,NULL),(93,'Chile',1,93,NULL,NULL),(94,'China',1,94,NULL,NULL),(95,'Colombia',1,95,NULL,NULL),(96,'Comoros',1,96,NULL,NULL),(97,'Congo (Congo-Brazzaville)',1,97,NULL,NULL),(98,'Costa Rica',1,98,NULL,NULL),(99,'Croatia',1,99,NULL,NULL),(100,'Cuba',1,100,NULL,NULL),(101,'Cyprus',1,101,NULL,NULL),(102,'Czechia (Czech Republic)',1,102,NULL,NULL),(103,'Democratic Republic of the Congo',1,103,NULL,NULL),(104,'Denmark',1,104,NULL,NULL),(105,'Djibouti',1,105,NULL,NULL),(106,'Dominica',1,106,NULL,NULL),(107,'Dominican Republic',1,107,NULL,NULL),(108,'Ecuador',1,108,NULL,NULL),(109,'Egypt',1,109,NULL,NULL),(110,'El Salvador',1,110,NULL,NULL),(111,'Equatorial Guinea',1,111,NULL,NULL),(112,'Eritrea',1,112,NULL,NULL),(113,'Estonia',1,113,NULL,NULL),(114,'Eswatini (Swaziland)',1,114,NULL,NULL),(115,'Ethiopia',1,115,NULL,NULL),(116,'Fiji',1,116,NULL,NULL),(117,'Finland',1,117,NULL,NULL),(118,'France',1,118,NULL,NULL),(119,'Gabon',1,119,NULL,NULL),(120,'Gambia',1,120,NULL,NULL),(121,'Georgia',1,121,NULL,NULL),(122,'Germany',1,122,NULL,NULL),(123,'Ghana',1,123,NULL,NULL),(124,'Greece',1,124,NULL,NULL),(125,'Grenada',1,125,NULL,NULL),(126,'Guatemala',1,126,NULL,NULL),(127,'Guinea',1,127,NULL,NULL),(128,'Guinea-Bissau',1,128,NULL,NULL),(129,'Guyana',1,129,NULL,NULL),(130,'Haiti',1,130,NULL,NULL),(131,'Honduras',1,131,NULL,NULL),(132,'Hungary',1,132,NULL,NULL),(133,'Iceland',1,133,NULL,NULL),(134,'India',1,134,NULL,NULL),(135,'Indonesia',1,135,NULL,NULL),(136,'Iran',1,136,NULL,NULL),(137,'Iraq',1,137,NULL,NULL),(138,'Ireland',1,138,NULL,NULL),(139,'Israel',1,139,NULL,NULL),(140,'Italy',1,140,NULL,NULL),(141,'Jamaica',1,141,NULL,NULL),(142,'Japan',1,142,NULL,NULL),(143,'Jordan',1,143,NULL,NULL),(144,'Kazakhstan',1,144,NULL,NULL),(145,'Kenya',1,145,NULL,NULL),(146,'Kiribati',1,146,NULL,NULL),(147,'Kuwait',1,147,NULL,NULL),(148,'Kyrgyzstan',1,148,NULL,NULL),(149,'Laos',1,149,NULL,NULL),(150,'Latvia',1,150,NULL,NULL),(151,'Lebanon',1,151,NULL,NULL),(152,'Lesotho',1,152,NULL,NULL),(153,'Liberia',1,153,NULL,NULL),(154,'Libya',1,154,NULL,NULL),(155,'Liechtenstein',1,155,NULL,NULL),(156,'Lithuania',1,156,NULL,NULL),(157,'Luxembourg',1,157,NULL,NULL),(158,'Madagascar',1,158,NULL,NULL),(159,'Malawi',1,159,NULL,NULL),(160,'Malaysia',1,160,NULL,NULL),(161,'Maldives',1,161,NULL,NULL),(162,'Mali',1,162,NULL,NULL),(163,'Malta',1,163,NULL,NULL),(164,'Marshall Islands',1,164,NULL,NULL),(165,'Mauritania',1,165,NULL,NULL),(166,'Mauritius',1,166,NULL,NULL),(167,'Mexico',1,167,NULL,NULL),(168,'Micronesia',1,168,NULL,NULL),(169,'Moldova',1,169,NULL,NULL),(170,'Monaco',1,170,NULL,NULL),(171,'Mongolia',1,171,NULL,NULL),(172,'Montenegro',1,172,NULL,NULL),(173,'Morocco',1,173,NULL,NULL),(174,'Mozambique',1,174,NULL,NULL),(175,'Myanmar (Burma)',1,175,NULL,NULL),(176,'Namibia',1,176,NULL,NULL),(177,'Nauru',1,177,NULL,NULL),(178,'Nepal',1,178,NULL,NULL),(179,'Netherlands',1,179,NULL,NULL),(180,'New Zealand',1,180,NULL,NULL),(181,'Nicaragua',1,181,NULL,NULL),(182,'Niger',1,182,NULL,NULL),(183,'Nigeria',1,183,NULL,NULL),(184,'North Korea',1,184,NULL,NULL),(185,'North Macedonia',1,185,NULL,NULL),(186,'Norway',1,186,NULL,NULL),(187,'Oman',1,187,NULL,NULL),(188,'Pakistan',1,188,NULL,NULL),(189,'Palau',1,189,NULL,NULL),(190,'Palestine',1,190,NULL,NULL),(191,'Panama',1,191,NULL,NULL),(192,'Papua New Guinea',1,192,NULL,NULL),(193,'Paraguay',1,193,NULL,NULL),(194,'Peru',1,194,NULL,NULL),(195,'Philippines',1,195,NULL,NULL),(196,'Poland',1,196,NULL,NULL),(197,'Portugal',1,197,NULL,NULL),(198,'Qatar',1,198,NULL,NULL),(199,'Romania',1,199,NULL,NULL),(200,'Russia',1,200,NULL,NULL),(201,'Rwanda',1,201,NULL,NULL),(202,'Saint Kitts and Nevis',1,202,NULL,NULL),(203,'Saint Lucia',1,203,NULL,NULL),(204,'Saint Vincent and the Grenadines',1,204,NULL,NULL),(205,'Samoa',1,205,NULL,NULL),(206,'San Marino',1,206,NULL,NULL),(207,'Sao Tome and Principe',1,207,NULL,NULL),(208,'Saudi Arabia',1,208,NULL,NULL),(209,'Senegal',1,209,NULL,NULL),(210,'Serbia',1,210,NULL,NULL),(211,'Seychelles',1,211,NULL,NULL),(212,'Sierra Leone',1,212,NULL,NULL),(213,'Singapore',1,213,NULL,NULL),(214,'Slovakia',1,214,NULL,NULL),(215,'Slovenia',1,215,NULL,NULL),(216,'Solomon Islands',1,216,NULL,NULL),(217,'Somalia',1,217,NULL,NULL),(218,'South Africa',1,218,NULL,NULL),(219,'South Korea',1,219,NULL,NULL),(220,'South Sudan',1,220,NULL,NULL),(221,'Spain',1,221,NULL,NULL),(222,'Sri Lanka',1,222,NULL,NULL),(223,'Sudan',1,223,NULL,NULL),(224,'Suriname',1,224,NULL,NULL),(225,'Sweden',1,225,NULL,NULL),(226,'Switzerland',1,226,NULL,NULL),(227,'Syria',1,227,NULL,NULL),(228,'Tajikistan',1,228,NULL,NULL),(229,'Tanzania',1,229,NULL,NULL),(230,'Thailand',1,230,NULL,NULL),(231,'Timor-Leste',1,231,NULL,NULL),(232,'Togo',1,232,NULL,NULL),(233,'Tonga',1,233,NULL,NULL),(234,'Trinidad and Tobago',1,234,NULL,NULL),(235,'Tunisia',1,235,NULL,NULL),(236,'Turkey',1,236,NULL,NULL),(237,'Turkmenistan',1,237,NULL,NULL),(238,'Tuvalu',1,238,NULL,NULL),(239,'Uganda',1,239,NULL,NULL),(240,'Ukraine',1,240,NULL,NULL),(241,'United Arab Emirates',1,241,NULL,NULL),(242,'United Kingdom',1,242,NULL,NULL),(243,'United States',1,243,NULL,NULL),(244,'Uruguay',1,244,NULL,NULL),(245,'Uzbekistan',1,245,NULL,NULL),(246,'Vanuatu',1,246,NULL,NULL),(247,'Vatican City',1,247,NULL,NULL),(248,'Venezuela',1,248,NULL,NULL),(249,'Vietnam',1,249,NULL,NULL),(250,'Yemen',1,250,NULL,NULL),(251,'Zambia',1,251,NULL,NULL),(252,'Zimbabwe',1,252,NULL,NULL),(253,'Yes',1,253,NULL,NULL),(254,'No',1,254,NULL,NULL),(255,'Paralysis',1,255,NULL,NULL),(256,'Limb amputation',1,256,NULL,NULL),(257,'Muscular dystrophy',1,257,NULL,NULL),(258,'Spinal cord injury',1,258,NULL,NULL),(259,'Bone disorder',1,259,NULL,NULL),(260,'Joint or limb disorder',1,260,NULL,NULL),(261,'Cerebral palsy',1,261,NULL,NULL),(262,'Multiple sclerosis',1,262,NULL,NULL),(263,'Amyotrophic lateral sclerosis',1,263,NULL,NULL),(264,'Fibromyalgia',1,264,NULL,NULL),(265,'Complex regional pain syndrome',1,265,NULL,NULL),(266,'Asthma',1,266,NULL,NULL),(267,'Partial sight or low vision',1,267,NULL,NULL),(268,'Chronic obstructive pulmonary disease (COPD)',1,268,NULL,NULL),(269,'Complete blindness',1,269,NULL,NULL),(270,'Hearing loss',1,270,NULL,NULL),(271,'Complete deafness',1,271,NULL,NULL),(272,'Short stature or dwarfism',1,272,NULL,NULL),(273,'Chronic fatigue syndrome',1,273,NULL,NULL),(274,'Rarely',1,274,NULL,NULL),(275,'Sometimes',1,275,NULL,NULL),(276,'Often',1,276,NULL,NULL),(277,'Fully recovered',1,277,NULL,NULL),(278,'In recovery',1,278,NULL,NULL),(279,'Awaiting treatment',1,279,NULL,NULL),(280,'Hospital ',1,280,NULL,NULL),(281,'Clinic',1,281,NULL,NULL),(282,'Medical practitioner',1,282,NULL,NULL),(283,'Non-governmental organisation',1,283,NULL,NULL),(284,'Not at all ',1,284,NULL,NULL),(285,'Most of the time',1,285,NULL,NULL),(286,'All of the time ',1,286,NULL,NULL),(287,'Strongly Agree',1,287,NULL,NULL),(288,'Moderately agree',1,288,NULL,NULL),(289,'Slightly agree',1,289,NULL,NULL),(290,'Neutral',1,290,NULL,NULL),(291,'Slightly disagree',1,291,NULL,NULL),(292,'Moderately disagree',1,292,NULL,NULL),(293,'Strongly Disagree',1,293,NULL,NULL),(294,'Never',1,294,NULL,NULL),(295,'Always',1,295,NULL,NULL),(296,'Anxiety',1,296,NULL,NULL),(297,'Depression',1,297,NULL,NULL),(298,'Post-Traumatic Stress Disorder (PTSD)',1,298,NULL,NULL),(299,'Received care regularly',1,299,NULL,NULL),(300,'Received occasional care',1,300,NULL,NULL),(301,'Received care once',1,301,NULL,NULL),(302,'Army medical care',1,302,NULL,NULL),(303,'Ministry of Health Services',1,303,NULL,NULL),(304,'Private care',1,304,NULL,NULL),(305,'Disagree',1,305,NULL,NULL),(306,'Agree',1,306,NULL,NULL),(307,'Almost Never',1,307,NULL,NULL),(308,'Almost Always',1,308,NULL,NULL),(309,'Prescribed',1,309,NULL,NULL),(310,'Self-administered',1,310,NULL,NULL);
/*!40000 ALTER TABLE `responses_languages` ENABLE KEYS */;
UNLOCK TABLES;

--
-- Table structure for table `role_has_permissions`
--

DROP TABLE IF EXISTS `role_has_permissions`;
/*!40101 SET @saved_cs_client     = @@character_set_client */;
/*!50503 SET character_set_client = utf8mb4 */;
CREATE TABLE `role_has_permissions` (
  `permission_id` bigint unsigned NOT NULL,
  `role_id` bigint unsigned NOT NULL,
  PRIMARY KEY (`permission_id`,`role_id`),
  KEY `role_has_permissions_role_id_foreign` (`role_id`),
  CONSTRAINT `role_has_permissions_permission_id_foreign` FOREIGN KEY (`permission_id`) REFERENCES `permissions` (`id`) ON DELETE CASCADE,
  CONSTRAINT `role_has_permissions_role_id_foreign` FOREIGN KEY (`role_id`) REFERENCES `roles` (`id`) ON DELETE CASCADE
) ENGINE=InnoDB DEFAULT CHARSET=utf8mb4 COLLATE=utf8mb4_unicode_ci;
/*!40101 SET character_set_client = @saved_cs_client */;

--
-- Dumping data for table `role_has_permissions`
--

LOCK TABLES `role_has_permissions` WRITE;
/*!40000 ALTER TABLE `role_has_permissions` DISABLE KEYS */;
INSERT INTO `role_has_permissions` VALUES (1,1),(2,1),(3,1),(4,1),(5,1),(6,1),(7,1),(8,1),(9,1),(10,1),(11,1),(20,1),(21,1),(22,1),(30,1),(31,1),(32,1),(33,1),(34,1),(35,1),(36,1),(37,1),(38,1),(39,1),(40,1),(41,1),(42,1),(43,1),(1,2),(2,2),(3,2),(4,2),(5,2),(6,2),(7,2),(8,2),(9,2),(10,2),(11,2),(20,2),(21,2),(22,2),(30,2),(31,2),(32,2),(33,2),(34,2),(35,2),(36,2),(37,2),(38,2),(39,2),(40,2),(41,2),(42,2),(43,2),(44,3);
/*!40000 ALTER TABLE `role_has_permissions` ENABLE KEYS */;
UNLOCK TABLES;

--
-- Table structure for table `roles`
--

DROP TABLE IF EXISTS `roles`;
/*!40101 SET @saved_cs_client     = @@character_set_client */;
/*!50503 SET character_set_client = utf8mb4 */;
CREATE TABLE `roles` (
  `id` bigint unsigned NOT NULL AUTO_INCREMENT,
  `name` varchar(255) COLLATE utf8mb4_unicode_ci NOT NULL,
  `guard_name` varchar(255) COLLATE utf8mb4_unicode_ci NOT NULL,
  `created_at` timestamp NULL DEFAULT NULL,
  `updated_at` timestamp NULL DEFAULT NULL,
  PRIMARY KEY (`id`),
  UNIQUE KEY `roles_name_guard_name_unique` (`name`,`guard_name`)
) ENGINE=InnoDB AUTO_INCREMENT=12 DEFAULT CHARSET=utf8mb4 COLLATE=utf8mb4_unicode_ci;
/*!40101 SET character_set_client = @saved_cs_client */;

--
-- Dumping data for table `roles`
--

LOCK TABLES `roles` WRITE;
/*!40000 ALTER TABLE `roles` DISABLE KEYS */;
INSERT INTO `roles` VALUES (1,'super-admin','web','2025-03-14 21:32:24','2025-03-14 21:32:24'),(2,'Administrator','web','2025-03-14 21:32:24','2025-03-14 21:32:24'),(3,'Api','web','2025-03-14 21:32:25','2025-03-14 21:32:25'),(10,'Practitioner','web','2025-03-14 21:32:24','2025-03-14 21:32:24'),(11,'Patient','web','2025-03-14 21:32:24','2025-03-14 21:32:24');
/*!40000 ALTER TABLE `roles` ENABLE KEYS */;
UNLOCK TABLES;

--
-- Table structure for table `sessions`
--

DROP TABLE IF EXISTS `sessions`;
/*!40101 SET @saved_cs_client     = @@character_set_client */;
/*!50503 SET character_set_client = utf8mb4 */;
CREATE TABLE `sessions` (
  `id` varchar(255) COLLATE utf8mb4_unicode_ci NOT NULL,
  `user_id` bigint unsigned DEFAULT NULL,
  `ip_address` varchar(45) COLLATE utf8mb4_unicode_ci DEFAULT NULL,
  `user_agent` text COLLATE utf8mb4_unicode_ci,
  `payload` text COLLATE utf8mb4_unicode_ci NOT NULL,
  `last_activity` int NOT NULL,
  PRIMARY KEY (`id`),
  KEY `sessions_user_id_index` (`user_id`),
  KEY `sessions_last_activity_index` (`last_activity`)
) ENGINE=InnoDB DEFAULT CHARSET=utf8mb4 COLLATE=utf8mb4_unicode_ci;
/*!40101 SET character_set_client = @saved_cs_client */;

--
-- Dumping data for table `sessions`
--

LOCK TABLES `sessions` WRITE;
/*!40000 ALTER TABLE `sessions` DISABLE KEYS */;
INSERT INTO `sessions` VALUES ('9qEKGHYbx8obzko4pMpyyaGypkjUOnpwIGO0nmNn',37,'80.106.31.17','Mozilla/5.0 (Macintosh; Intel Mac OS X 10_15_7) AppleWebKit/537.36 (KHTML, like Gecko) Chrome/134.0.0.0 Safari/537.36','YTo0OntzOjY6Il90b2tlbiI7czo0MDoiZE5QcU4wbmhKMXdLdEJabHg4MU1rU2xlTVEzMzFLc3NIRDdOYjBBZSI7czo2OiJfZmxhc2giO2E6Mjp7czozOiJvbGQiO2E6MDp7fXM6MzoibmV3IjthOjA6e319czo1MDoibG9naW5fd2ViXzU5YmEzNmFkZGMyYjJmOTQwMTU4MGYwMTRjN2Y1OGVhNGUzMDk4OWQiO2k6Mzc7czo5OiJfcHJldmlvdXMiO2E6MTp7czozOiJ1cmwiO3M6NDE6Imh0dHBzOi8vcGxhdGZvcm0ucmVnYWluLndvcmxkL2hvbWU/YmFjaz0wIjt9fQ==',1742211274),('J2AjOF1W8tAedAxl2hVj87yrjYTXW1vPXu7wcx1j',6,'80.106.31.17','Mozilla/5.0 (Macintosh; Intel Mac OS X 10_15_7) AppleWebKit/537.36 (KHTML, like Gecko) Chrome/134.0.0.0 Safari/537.36','YTo0OntzOjY6Il90b2tlbiI7czo0MDoiUllzTzRaM2hpYkZ1RUxxNUVMOGRoUlFjOVdPQ1oya2k1TTFqSWNBTSI7czo2OiJfZmxhc2giO2E6Mjp7czozOiJvbGQiO2E6MDp7fXM6MzoibmV3IjthOjA6e319czo5OiJfcHJldmlvdXMiO2E6MTp7czozOiJ1cmwiO3M6NTQ6Imh0dHBzOi8vcGxhdGZvcm0ucmVnYWluLndvcmxkL3ByYWN0aXRpb25lci9wYXRpZW50cy8zOSI7fXM6NTA6ImxvZ2luX3dlYl81OWJhMzZhZGRjMmIyZjk0MDE1ODBmMDE0YzdmNThlYTRlMzA5ODlkIjtpOjY7fQ==',1742217475),('nbILIynGxWf4QsxSk9iwy5YcAr9lfuLxNI11LfAK',NULL,'80.106.31.17','Mozilla/5.0 (Macintosh; Intel Mac OS X 10_15_7) AppleWebKit/605.1.15 (KHTML, like Gecko) Version/18.3 Safari/605.1.15','YTozOntzOjY6Il90b2tlbiI7czo0MDoicGVBVmRYdE0wcU1NM2s0ZTNNcjJCWFIyRFoyb1hKODJJTk91bVQwWSI7czo5OiJfcHJldmlvdXMiO2E6MTp7czozOiJ1cmwiO3M6Mzg6Imh0dHBzOi8vcGxhdGZvcm0ucmVnYWluLndvcmxkL3JlZ2lzdGVyIjt9czo2OiJfZmxhc2giO2E6Mjp7czozOiJvbGQiO2E6MDp7fXM6MzoibmV3IjthOjA6e319fQ==',1742212913);
/*!40000 ALTER TABLE `sessions` ENABLE KEYS */;
UNLOCK TABLES;

--
-- Table structure for table `subscales`
--

DROP TABLE IF EXISTS `subscales`;
/*!40101 SET @saved_cs_client     = @@character_set_client */;
/*!50503 SET character_set_client = utf8mb4 */;
CREATE TABLE `subscales` (
  `id` bigint unsigned NOT NULL AUTO_INCREMENT,
  `test_id` bigint unsigned NOT NULL,
  `name` text COLLATE utf8mb4_unicode_ci NOT NULL,
  `required_questions` smallint unsigned DEFAULT NULL,
  `calculate_score` tinyint(1) NOT NULL DEFAULT '1',
  `sort` int unsigned DEFAULT NULL,
  `created_at` timestamp NULL DEFAULT NULL,
  `updated_at` timestamp NULL DEFAULT NULL,
  PRIMARY KEY (`id`),
  KEY `subscales_test_id_foreign` (`test_id`),
  CONSTRAINT `subscales_test_id_foreign` FOREIGN KEY (`test_id`) REFERENCES `tests` (`id`) ON DELETE CASCADE
) ENGINE=InnoDB AUTO_INCREMENT=67 DEFAULT CHARSET=utf8mb4 COLLATE=utf8mb4_unicode_ci;
/*!40101 SET character_set_client = @saved_cs_client */;

--
-- Dumping data for table `subscales`
--

LOCK TABLES `subscales` WRITE;
/*!40000 ALTER TABLE `subscales` DISABLE KEYS */;
INSERT INTO `subscales` VALUES (1,5,'',NULL,1,NULL,'2025-03-14 21:33:46','2025-03-14 21:33:46'),(2,6,'Internally Displaced',NULL,1,NULL,'2025-03-14 21:33:46','2025-03-14 21:33:46'),(3,6,'Externally Displaced',NULL,1,NULL,'2025-03-14 21:33:46','2025-03-14 21:33:46'),(4,9,'Dyslexia ',NULL,1,NULL,'2025-03-14 21:33:49','2025-03-14 21:33:49'),(5,9,'Autism Spectrum Disorder ',NULL,1,NULL,'2025-03-14 21:33:50','2025-03-14 21:33:50'),(6,9,'Attention Deficit Hyperactivity Disorder',NULL,1,NULL,'2025-03-14 21:33:50','2025-03-14 21:33:50'),(7,10,'Treatment',NULL,1,NULL,'2025-03-14 21:33:51','2025-03-14 21:33:51'),(8,12,'Physical Function',5,1,NULL,'2025-03-14 21:33:52','2025-03-14 21:33:52'),(9,12,'Emotional Impact ',5,1,NULL,'2025-03-14 21:33:53','2025-03-14 21:33:53'),(10,13,'Psychological Factors',NULL,1,NULL,'2025-03-14 21:33:54','2025-03-14 21:33:54'),(11,13,'Social Factors',NULL,1,NULL,'2025-03-14 21:33:56','2025-03-14 21:33:56'),(12,13,'Physical Factors',NULL,1,NULL,'2025-03-14 21:33:58','2025-03-14 21:33:58'),(13,14,'Difficulty Falling Asleep',NULL,1,NULL,'2025-03-14 21:34:00','2025-03-14 21:34:00'),(14,14,'Difficulty Staying Asleep',NULL,1,NULL,'2025-03-14 21:34:00','2025-03-14 21:34:00'),(15,14,'Daytime Impairment',NULL,1,NULL,'2025-03-14 21:34:00','2025-03-14 21:34:00'),(16,14,'Sleep Apnea',NULL,1,NULL,'2025-03-14 21:34:01','2025-03-14 21:34:01'),(17,14,'Restless Leg Syndrome',NULL,1,NULL,'2025-03-14 21:34:01','2025-03-14 21:34:01'),(18,14,'Narcolepsy',NULL,1,NULL,'2025-03-14 21:34:02','2025-03-14 21:34:02'),(19,14,'Parasomnias',NULL,1,NULL,'2025-03-14 21:34:02','2025-03-14 21:34:02'),(20,14,'Excessive Daytime Sleepiness',NULL,1,NULL,'2025-03-14 21:34:03','2025-03-14 21:34:03'),(21,14,'Impact on Daily Life',NULL,1,NULL,'2025-03-14 21:34:03','2025-03-14 21:34:03'),(22,16,'General Stress ',4,1,NULL,'2025-03-14 21:34:04','2025-03-14 21:34:04'),(23,16,'Social Anxiety ',4,1,NULL,'2025-03-14 21:34:05','2025-03-14 21:34:05'),(24,16,'Physical Symptoms ',4,1,NULL,'2025-03-14 21:34:07','2025-03-14 21:34:07'),(25,17,'Emotional Distress',2,1,NULL,'2025-03-14 21:34:09','2025-03-14 21:34:09'),(26,17,'Cognitive Distortions ',2,1,NULL,'2025-03-14 21:34:10','2025-03-14 21:34:10'),(27,17,'Social Isolation ',2,1,NULL,'2025-03-14 21:34:11','2025-03-14 21:34:11'),(28,17,'Physical Symptoms ',2,1,NULL,'2025-03-14 21:34:12','2025-03-14 21:34:12'),(29,17,'Suicidal Thoughts ',2,1,NULL,'2025-03-14 21:34:14','2025-03-14 21:34:14'),(30,17,'Self-Esteem ',2,1,NULL,'2025-03-14 21:34:15','2025-03-14 21:34:15'),(31,18,'Intrusion Symptoms',2,1,NULL,'2025-03-14 21:34:16','2025-03-14 21:34:16'),(32,18,'Avoidance Symptoms',2,1,NULL,'2025-03-14 21:34:17','2025-03-14 21:34:17'),(33,18,'Negative Alterations in Cognition and Mood',2,1,NULL,'2025-03-14 21:34:18','2025-03-14 21:34:18'),(34,18,'Alterations in Arousal and Reactivity',2,1,NULL,'2025-03-14 21:34:19','2025-03-14 21:34:19'),(35,18,'Additional Symptoms',2,1,NULL,'2025-03-14 21:34:20','2025-03-14 21:34:20'),(36,18,'Duration and Impact',2,1,NULL,'2025-03-14 21:34:22','2025-03-14 21:34:22'),(37,18,'Impact on Daily Life',2,1,NULL,'2025-03-14 21:34:23','2025-03-14 21:34:23'),(38,19,'Openness to Experience',NULL,1,NULL,'2025-03-14 21:34:25','2025-03-14 21:34:25'),(39,19,'Conscientiousness',NULL,1,NULL,'2025-03-14 21:34:26','2025-03-14 21:34:26'),(40,19,'Extraversion',NULL,1,NULL,'2025-03-14 21:34:27','2025-03-14 21:34:27'),(41,19,'Agreeableness',NULL,1,NULL,'2025-03-14 21:34:28','2025-03-14 21:34:28'),(42,19,'Neuroticism',NULL,1,NULL,'2025-03-14 21:34:29','2025-03-14 21:34:29'),(43,20,'Communication Skills',3,1,NULL,'2025-03-14 21:34:30','2025-03-14 21:34:30'),(44,20,'Empathy and Perspective-Taking',3,1,NULL,'2025-03-14 21:34:32','2025-03-14 21:34:32'),(45,20,'Interpersonal Relationships',3,1,NULL,'2025-03-14 21:34:33','2025-03-14 21:34:33'),(46,20,'Assertiveness and Boundary Setting',3,1,NULL,'2025-03-14 21:34:35','2025-03-14 21:34:35'),(47,21,'Openness to Change and Novelty',3,1,NULL,'2025-03-14 21:34:37','2025-03-14 21:34:37'),(48,21,'Problem Solving and Resourcefulness',3,1,NULL,'2025-03-14 21:34:38','2025-03-14 21:34:38'),(49,21,'Adaptability in Work and Goal Adjustment',3,1,NULL,'2025-03-14 21:34:39','2025-03-14 21:34:39'),(50,21,'Interpersonal Flexibility',3,1,NULL,'2025-03-14 21:34:40','2025-03-14 21:34:40'),(51,21,'Stress Resilience and Composure',3,1,NULL,'2025-03-14 21:34:42','2025-03-14 21:34:42'),(52,21,'Learning and Skill Acquisition',3,1,NULL,'2025-03-14 21:34:43','2025-03-14 21:34:43'),(53,22,'Problem Solving - Analytical Problem Solving',NULL,1,NULL,'2025-03-14 21:34:45','2025-03-14 21:34:45'),(54,22,'Problem Solving - Creative Problem Solving',NULL,1,NULL,'2025-03-14 21:34:49','2025-03-14 21:34:49'),(55,22,'Problem Solving - Decision Making',NULL,1,NULL,'2025-03-14 21:34:51','2025-03-14 21:34:51'),(56,22,'Problem Solving - Practical Problem Solving',NULL,1,NULL,'2025-03-14 21:34:53','2025-03-14 21:34:53'),(57,22,'Creativity - Divergent Thinking',NULL,1,NULL,'2025-03-14 21:34:54','2025-03-14 21:34:54'),(58,22,'Creativity - Convergent Thinking',NULL,1,NULL,'2025-03-14 21:35:19','2025-03-14 21:35:19'),(59,22,'Creativity - Environmental Sensitivity',NULL,1,NULL,'2025-03-14 21:35:21','2025-03-14 21:35:21'),(60,22,'Creativity - Perseverance and Risk-Taking',NULL,1,NULL,'2025-03-14 21:35:23','2025-03-14 21:35:23'),(61,23,'Social History',NULL,1,NULL,'2025-03-14 21:36:57','2025-03-14 21:36:57'),(62,23,'Drug History',NULL,1,NULL,'2025-03-14 21:36:57','2025-03-14 21:36:57'),(63,23,'Allergies',NULL,1,NULL,'2025-03-14 21:36:58','2025-03-14 21:36:58'),(64,23,'Systems Review - Gastrointestinal',NULL,1,NULL,'2025-03-14 21:36:58','2025-03-14 21:36:58'),(65,23,'Systems Review - Neurological',NULL,1,NULL,'2025-03-14 21:36:58','2025-03-14 21:36:58'),(66,23,'Systems Review - Psychiatric',NULL,1,NULL,'2025-03-14 21:36:58','2025-03-14 21:36:58');
/*!40000 ALTER TABLE `subscales` ENABLE KEYS */;
UNLOCK TABLES;

--
-- Table structure for table `tests`
--

DROP TABLE IF EXISTS `tests`;
/*!40101 SET @saved_cs_client     = @@character_set_client */;
/*!50503 SET character_set_client = utf8mb4 */;
CREATE TABLE `tests` (
  `id` bigint unsigned NOT NULL AUTO_INCREMENT,
  `category_id` bigint unsigned DEFAULT NULL,
  `name` text COLLATE utf8mb4_unicode_ci NOT NULL,
  `sort` int unsigned DEFAULT NULL,
  `created_at` timestamp NULL DEFAULT NULL,
  `updated_at` timestamp NULL DEFAULT NULL,
  PRIMARY KEY (`id`),
  KEY `tests_category_id_foreign` (`category_id`),
  CONSTRAINT `tests_category_id_foreign` FOREIGN KEY (`category_id`) REFERENCES `categories` (`id`) ON DELETE SET NULL
) ENGINE=InnoDB AUTO_INCREMENT=24 DEFAULT CHARSET=utf8mb4 COLLATE=utf8mb4_unicode_ci;
/*!40101 SET character_set_client = @saved_cs_client */;

--
-- Dumping data for table `tests`
--

LOCK TABLES `tests` WRITE;
/*!40000 ALTER TABLE `tests` DISABLE KEYS */;
INSERT INTO `tests` VALUES (1,1,'Gender',NULL,'2025-03-14 21:33:46','2025-03-14 21:33:46'),(2,1,'Social Status',NULL,'2025-03-14 21:33:46','2025-03-14 21:33:46'),(3,1,'Support Network',NULL,'2025-03-14 21:33:46','2025-03-14 21:33:46'),(4,1,'Education',NULL,'2025-03-14 21:33:46','2025-03-14 21:33:46'),(5,1,'Professional Sector',NULL,'2025-03-14 21:33:46','2025-03-14 21:33:46'),(6,1,'Location',NULL,'2025-03-14 21:33:46','2025-03-14 21:33:46'),(7,1,'Disability',NULL,'2025-03-14 21:33:49','2025-03-14 21:33:49'),(8,1,'Learning Disorder',NULL,'2025-03-14 21:33:49','2025-03-14 21:33:49'),(9,1,'Neurodevelopmental Disorder Rapid Test',NULL,'2025-03-14 21:33:49','2025-03-14 21:33:49'),(10,1,'Physical Status',NULL,'2025-03-14 21:33:51','2025-03-14 21:33:51'),(11,1,'Sleep Disorder',NULL,'2025-03-14 21:33:51','2025-03-14 21:33:51'),(12,1,'Pain Disability Index',NULL,'2025-03-14 21:33:52','2025-03-14 21:33:52'),(13,1,'Indirect Substance Abuse ',NULL,'2025-03-14 21:33:54','2025-03-14 21:33:54'),(14,1,'Sleep Disorder Index',NULL,'2025-03-14 21:34:00','2025-03-14 21:34:00'),(15,1,'Mental Wellbeing',NULL,'2025-03-14 21:34:03','2025-03-14 21:34:03'),(16,2,'Stress and Anxiety ',NULL,'2025-03-14 21:34:04','2025-03-14 21:34:04'),(17,2,'Mental Health and Mental Pain',NULL,'2025-03-14 21:34:09','2025-03-14 21:34:09'),(18,2,'Post-Traumatic Stress Disorder Checklist ',NULL,'2025-03-14 21:34:16','2025-03-14 21:34:16'),(19,3,'Personality Survey ',NULL,'2025-03-14 21:34:25','2025-03-14 21:34:25'),(20,3,'Social Skills Survey ',NULL,'2025-03-14 21:34:30','2025-03-14 21:34:30'),(21,3,'Adaptability and Flexibility Test ',NULL,'2025-03-14 21:34:37','2025-03-14 21:34:37'),(22,3,'Problem Solving and Creativity Survey ',NULL,'2025-03-14 21:34:45','2025-03-14 21:34:45'),(23,4,'MEDICAL HISTORY',NULL,'2025-03-14 21:36:57','2025-03-14 21:36:57');
/*!40000 ALTER TABLE `tests` ENABLE KEYS */;
UNLOCK TABLES;

--
-- Table structure for table `threshold_subscale_limits`
--

DROP TABLE IF EXISTS `threshold_subscale_limits`;
/*!40101 SET @saved_cs_client     = @@character_set_client */;
/*!50503 SET character_set_client = utf8mb4 */;
CREATE TABLE `threshold_subscale_limits` (
  `id` bigint unsigned NOT NULL AUTO_INCREMENT,
  `threshold_id` bigint unsigned NOT NULL,
  `subscale_id` bigint unsigned NOT NULL,
  `low` int NOT NULL,
  `high` int NOT NULL,
  `label` varchar(255) COLLATE utf8mb4_unicode_ci NOT NULL,
  `notes` text COLLATE utf8mb4_unicode_ci,
  `created_at` timestamp NULL DEFAULT NULL,
  `updated_at` timestamp NULL DEFAULT NULL,
  PRIMARY KEY (`id`),
  KEY `threshold_subscale_limits_threshold_id_foreign` (`threshold_id`),
  KEY `threshold_subscale_limits_subscale_id_foreign` (`subscale_id`),
  CONSTRAINT `threshold_subscale_limits_subscale_id_foreign` FOREIGN KEY (`subscale_id`) REFERENCES `subscales` (`id`) ON DELETE CASCADE,
  CONSTRAINT `threshold_subscale_limits_threshold_id_foreign` FOREIGN KEY (`threshold_id`) REFERENCES `thresholds` (`id`) ON DELETE CASCADE
) ENGINE=InnoDB AUTO_INCREMENT=182 DEFAULT CHARSET=utf8mb4 COLLATE=utf8mb4_unicode_ci;
/*!40101 SET character_set_client = @saved_cs_client */;

--
-- Dumping data for table `threshold_subscale_limits`
--

LOCK TABLES `threshold_subscale_limits` WRITE;
/*!40000 ALTER TABLE `threshold_subscale_limits` DISABLE KEYS */;
INSERT INTO `threshold_subscale_limits` VALUES (1,2,4,0,2,'Low Probability of Dyslexia',NULL,'2025-03-14 21:35:33','2025-03-14 21:35:33'),(2,2,4,3,5,'Medium Probability of Dyslexia',NULL,'2025-03-14 21:35:33','2025-03-14 21:35:33'),(3,2,4,6,10,'High Probability of Dyslexia',NULL,'2025-03-14 21:35:33','2025-03-14 21:35:33'),(4,2,5,0,2,'Low Probability of Autism Spectrum Disorder',NULL,'2025-03-14 21:35:34','2025-03-14 21:35:34'),(5,2,5,3,5,'Medium Probability of Autism Spectrum Disorder',NULL,'2025-03-14 21:35:34','2025-03-14 21:35:34'),(6,2,5,6,12,'High Probability of Autism Spectrum Disorder',NULL,'2025-03-14 21:35:34','2025-03-14 21:35:34'),(7,2,6,0,2,'Low Probability of Attention Deficit Hyperactivity Disorder',NULL,'2025-03-14 21:35:34','2025-03-14 21:35:34'),(8,2,6,3,5,'Medium Probability of Attention Deficit Hyperactivity Disorder',NULL,'2025-03-14 21:35:34','2025-03-14 21:35:34'),(9,2,6,6,12,'High Probability of Attention Deficit Hyperactivity Disorder',NULL,'2025-03-14 21:35:34','2025-03-14 21:35:34'),(10,4,8,0,5,' Very low pain ',NULL,'2025-03-14 21:35:34','2025-03-14 21:35:34'),(11,4,8,6,10,' Medium pain ',NULL,'2025-03-14 21:35:34','2025-03-14 21:35:34'),(12,4,8,11,15,' High pain ',NULL,'2025-03-14 21:35:34','2025-03-14 21:35:34'),(13,4,8,16,20,' Severe pain - Seek professional help  ',NULL,'2025-03-14 21:35:34','2025-03-14 21:35:34'),(14,4,9,0,5,' Very low emotional impact ',NULL,'2025-03-14 21:35:34','2025-03-14 21:35:34'),(15,4,9,6,10,' Emotional impact ',NULL,'2025-03-14 21:35:34','2025-03-14 21:35:34'),(16,4,9,11,15,' High emotional impact ',NULL,'2025-03-14 21:35:34','2025-03-14 21:35:34'),(17,4,9,16,20,' Severe emotional impact - seek professional help  ',NULL,'2025-03-14 21:35:34','2025-03-14 21:35:34'),(18,5,10,10,20,' Low risk of substance abuse ',NULL,'2025-03-14 21:35:34','2025-03-14 21:35:34'),(19,5,10,21,50,' Medium risk of substance abuse ',NULL,'2025-03-14 21:35:34','2025-03-14 21:35:34'),(20,5,10,51,70,' High risk of substance abuse ',NULL,'2025-03-14 21:35:34','2025-03-14 21:35:34'),(21,5,11,10,20,' Low risk of substance abuse ',NULL,'2025-03-14 21:35:34','2025-03-14 21:35:34'),(22,5,11,21,50,' Medium risk of substance abuse ',NULL,'2025-03-14 21:35:34','2025-03-14 21:35:34'),(23,5,11,51,70,' High risk of substance abuse ',NULL,'2025-03-14 21:35:34','2025-03-14 21:35:34'),(24,5,12,10,20,' Low risk of substance abuse ',NULL,'2025-03-14 21:35:34','2025-03-14 21:35:34'),(25,5,12,21,50,' Medium risk of substance abuse ',NULL,'2025-03-14 21:35:34','2025-03-14 21:35:34'),(26,5,12,51,70,' High risk of substance abuse ',NULL,'2025-03-14 21:35:34','2025-03-14 21:35:34'),(27,6,13,0,4,' No or little difficulty falling asleep ',NULL,'2025-03-14 21:35:34','2025-03-14 21:35:34'),(28,6,13,5,6,' Low difficulty falling asleep ',NULL,'2025-03-14 21:35:34','2025-03-14 21:35:34'),(29,6,13,7,8,' High difficulty falling asleep ',NULL,'2025-03-14 21:35:34','2025-03-14 21:35:34'),(30,6,14,0,4,' No or little difficulty staying asleep ',NULL,'2025-03-14 21:35:34','2025-03-14 21:35:34'),(31,6,14,5,6,' Low difficulty staying asleep ',NULL,'2025-03-14 21:35:34','2025-03-14 21:35:34'),(32,6,14,7,8,' High difficulty staying asleep',NULL,'2025-03-14 21:35:34','2025-03-14 21:35:34'),(33,6,15,0,4,' No or little daytime impairment   ',NULL,'2025-03-14 21:35:34','2025-03-14 21:35:34'),(34,6,15,5,6,' Low daytime impairment  ',NULL,'2025-03-14 21:35:34','2025-03-14 21:35:34'),(35,6,15,7,8,' High daytime impairment ',NULL,'2025-03-14 21:35:34','2025-03-14 21:35:34'),(36,6,16,0,4,' No or little sleep apnea risk ',NULL,'2025-03-14 21:35:34','2025-03-14 21:35:34'),(37,6,16,5,6,' Low sleep apnea risk ',NULL,'2025-03-14 21:35:34','2025-03-14 21:35:34'),(38,6,16,7,8,' High sleep apnea risk ',NULL,'2025-03-14 21:35:34','2025-03-14 21:35:34'),(39,6,17,0,4,' No or little restless leg syndrome risk ',NULL,'2025-03-14 21:35:34','2025-03-14 21:35:34'),(40,6,17,5,6,' Low restless leg syndrome risk ',NULL,'2025-03-14 21:35:34','2025-03-14 21:35:34'),(41,6,17,7,8,' High restless leg syndrome risk ',NULL,'2025-03-14 21:35:34','2025-03-14 21:35:34'),(42,6,18,0,4,' No or little narcolepsy risk ',NULL,'2025-03-14 21:35:34','2025-03-14 21:35:34'),(43,6,18,5,6,' Low narcolepsy risk ',NULL,'2025-03-14 21:35:34','2025-03-14 21:35:34'),(44,6,18,7,8,' High narcolepsy risk ',NULL,'2025-03-14 21:35:34','2025-03-14 21:35:34'),(45,6,19,0,4,' No or little parasomnia risk ',NULL,'2025-03-14 21:35:34','2025-03-14 21:35:34'),(46,6,19,5,6,' Low parasomnia risk ',NULL,'2025-03-14 21:35:34','2025-03-14 21:35:34'),(47,6,19,7,8,' High parasomnia risk ',NULL,'2025-03-14 21:35:34','2025-03-14 21:35:34'),(48,6,20,0,4,' No or little excessive daytime sleepiness risk ',NULL,'2025-03-14 21:35:34','2025-03-14 21:35:34'),(49,6,20,5,6,' Low excessive daytime sleepiness risk ',NULL,'2025-03-14 21:35:34','2025-03-14 21:35:34'),(50,6,20,7,8,' High excessive daytime sleepiness risk ',NULL,'2025-03-14 21:35:34','2025-03-14 21:35:34'),(51,6,21,0,4,' No or little impact on daily life ',NULL,'2025-03-14 21:35:34','2025-03-14 21:35:34'),(52,6,21,5,6,' Low impact on daily life ',NULL,'2025-03-14 21:35:34','2025-03-14 21:35:34'),(53,6,21,7,8,' High impact on daily life ',NULL,'2025-03-14 21:35:34','2025-03-14 21:35:34'),(54,7,22,0,4,' Low stress and anxiety ',NULL,'2025-03-14 21:35:34','2025-03-14 21:35:34'),(55,7,22,5,8,' Medium stress and anxiety ',NULL,'2025-03-14 21:35:34','2025-03-14 21:35:34'),(56,7,22,9,12,' High stress and anxiety ',NULL,'2025-03-14 21:35:34','2025-03-14 21:35:34'),(57,7,22,13,16,' Severe stress and anxiety - seek professional help ',NULL,'2025-03-14 21:35:34','2025-03-14 21:35:34'),(58,7,23,0,4,' Low stress and anxiety ',NULL,'2025-03-14 21:35:34','2025-03-14 21:35:34'),(59,7,23,5,8,' Medium stress and anxiety ',NULL,'2025-03-14 21:35:34','2025-03-14 21:35:34'),(60,7,23,9,12,' High stress and anxiety ',NULL,'2025-03-14 21:35:34','2025-03-14 21:35:34'),(61,7,23,13,16,' Severe stress and anxiety - seek professional help ',NULL,'2025-03-14 21:35:34','2025-03-14 21:35:34'),(62,7,24,0,4,' Low stress and anxiety ',NULL,'2025-03-14 21:35:34','2025-03-14 21:35:34'),(63,7,24,5,8,' Medium stress and anxiety ',NULL,'2025-03-14 21:35:34','2025-03-14 21:35:34'),(64,7,24,9,12,' High stress and anxiety ',NULL,'2025-03-14 21:35:34','2025-03-14 21:35:34'),(65,7,24,13,16,' Severe stress and anxiety - seek professional help ',NULL,'2025-03-14 21:35:34','2025-03-14 21:35:34'),(66,8,25,0,4,' No or little emotional distress ',NULL,'2025-03-14 21:35:34','2025-03-14 21:35:34'),(67,8,25,5,10,' Medium emotional distress ',NULL,'2025-03-14 21:35:34','2025-03-14 21:35:34'),(68,8,25,11,14,' High emotional distress ',NULL,'2025-03-14 21:35:34','2025-03-14 21:35:34'),(69,8,26,0,4,' No or little risk of cognitive distortions ',NULL,'2025-03-14 21:35:34','2025-03-14 21:35:34'),(70,8,26,5,10,' Medium risk of cognitive distortions ',NULL,'2025-03-14 21:35:34','2025-03-14 21:35:34'),(71,8,26,11,14,' High risk of cognitive distortions ',NULL,'2025-03-14 21:35:34','2025-03-14 21:35:34'),(72,8,27,0,4,' No or little social isolation ',NULL,'2025-03-14 21:35:34','2025-03-14 21:35:34'),(73,8,27,5,10,' Medium social isolation  ',NULL,'2025-03-14 21:35:34','2025-03-14 21:35:34'),(74,8,27,11,14,' High social isolation ',NULL,'2025-03-14 21:35:34','2025-03-14 21:35:34'),(75,8,28,0,4,' No or little rate of physical symptoms ',NULL,'2025-03-14 21:35:34','2025-03-14 21:35:34'),(76,8,28,5,10,' Medium rate of physical symptoms ',NULL,'2025-03-14 21:35:34','2025-03-14 21:35:34'),(77,8,28,11,14,' High rate of social isolation ',NULL,'2025-03-14 21:35:34','2025-03-14 21:35:34'),(78,8,29,0,4,' No or little risk of suicidal thoughts ',NULL,'2025-03-14 21:35:34','2025-03-14 21:35:34'),(79,8,29,5,10,' Medium risk of suicidal thoughts ',NULL,'2025-03-14 21:35:34','2025-03-14 21:35:34'),(80,8,29,11,14,' High risk of suicidal thoughts ',NULL,'2025-03-14 21:35:34','2025-03-14 21:35:34'),(81,8,30,0,4,' No or little issues with self esteem ',NULL,'2025-03-14 21:35:34','2025-03-14 21:35:34'),(82,8,30,5,10,' Medium issues with self esteem ',NULL,'2025-03-14 21:35:34','2025-03-14 21:35:34'),(83,8,30,11,14,' Severe issues with self esteem ',NULL,'2025-03-14 21:35:34','2025-03-14 21:35:34'),(84,9,31,0,2,' No or little intrusion symptoms ',NULL,'2025-03-14 21:35:34','2025-03-14 21:35:34'),(85,9,31,3,4,' Medium intrusion symptoms ',NULL,'2025-03-14 21:35:34','2025-03-14 21:35:34'),(86,9,31,5,8,' High intrusion symptoms ',NULL,'2025-03-14 21:35:34','2025-03-14 21:35:34'),(87,9,32,0,2,' No or little avoidance symptoms ',NULL,'2025-03-14 21:35:34','2025-03-14 21:35:34'),(88,9,32,3,4,' Medium avoidance symptoms ',NULL,'2025-03-14 21:35:34','2025-03-14 21:35:34'),(89,9,32,5,8,' High avoidance symptoms ',NULL,'2025-03-14 21:35:34','2025-03-14 21:35:34'),(90,9,33,0,2,' No or little negative alterations in cognition and mood ',NULL,'2025-03-14 21:35:34','2025-03-14 21:35:34'),(91,9,33,3,4,' Medium negative alterations in cognition and mood ',NULL,'2025-03-14 21:35:34','2025-03-14 21:35:34'),(92,9,33,5,8,' High negative alterations in cognition and mood ',NULL,'2025-03-14 21:35:34','2025-03-14 21:35:34'),(93,9,34,0,2,' No or little negative alterations in arousal and reactivity ',NULL,'2025-03-14 21:35:34','2025-03-14 21:35:34'),(94,9,34,3,4,' Medium negative alterations in arousal and reactivity ',NULL,'2025-03-14 21:35:34','2025-03-14 21:35:34'),(95,9,34,5,8,' High negative alterations in arousal and reactivity ',NULL,'2025-03-14 21:35:34','2025-03-14 21:35:34'),(96,9,35,0,2,' No or little additional symptoms ',NULL,'2025-03-14 21:35:34','2025-03-14 21:35:34'),(97,9,35,3,4,' Medium additional symptoms ',NULL,'2025-03-14 21:35:34','2025-03-14 21:35:34'),(98,9,35,5,8,' Increased additional symptoms ',NULL,'2025-03-14 21:35:34','2025-03-14 21:35:34'),(99,9,36,0,2,' No or little issues with duration and impact ',NULL,'2025-03-14 21:35:34','2025-03-14 21:35:34'),(100,9,36,3,4,' Medium issues with duration and impact ',NULL,'2025-03-14 21:35:34','2025-03-14 21:35:34'),(101,9,36,5,8,' Increased issues with duration and impact ',NULL,'2025-03-14 21:35:34','2025-03-14 21:35:34'),(102,9,37,0,2,' No or little impact on daily life ',NULL,'2025-03-14 21:35:34','2025-03-14 21:35:34'),(103,9,37,3,4,' Medium impact on daily life ',NULL,'2025-03-14 21:35:34','2025-03-14 21:35:34'),(104,9,37,5,8,' Increased impact on daily life ',NULL,'2025-03-14 21:35:34','2025-03-14 21:35:34'),(105,10,38,17,25,' Likely open-minded, curious, and enjoy exploring new ideas and experiences ','-','2025-03-14 21:35:34','2025-03-14 21:35:34'),(106,10,38,8,16,' Moderately open to new experiences but may also value routine and familiarity ','-','2025-03-14 21:35:34','2025-03-14 21:35:34'),(107,10,38,5,7,' Prefer the familiar and may be more resistant to change and novelty ','-','2025-03-14 21:35:34','2025-03-14 21:35:34'),(108,10,39,17,25,' Organised, reliable, and attentive to detail, with strong time management skills ','-','2025-03-14 21:35:34','2025-03-14 21:35:34'),(109,10,39,8,16,' Balanced approach to organisation, maybe reliable but not overly rigid ','-','2025-03-14 21:35:34','2025-03-14 21:35:34'),(110,10,39,5,7,' May struggle with organisation and time management. However, might be more spontaneous ','-','2025-03-14 21:35:34','2025-03-14 21:35:34'),(111,10,40,17,25,' Outgoing, social, and enjoy the company of others ','-','2025-03-14 21:35:34','2025-03-14 21:35:34'),(112,10,40,8,16,' Balanced approach to social interaction, enjoying both alone time and socialising ','-','2025-03-14 21:35:34','2025-03-14 21:35:34'),(113,10,40,5,7,' May be more introverted, preferring solitary activities over social ones ','-','2025-03-14 21:35:34','2025-03-14 21:35:34'),(114,10,41,17,25,' Empathetic, cooperative, and considerate of others\' feelings ','-','2025-03-14 21:35:34','2025-03-14 21:35:34'),(115,10,41,8,16,' Balanced approach, being both assertive and cooperative as need ','-','2025-03-14 21:35:34','2025-03-14 21:35:34'),(116,10,41,5,7,' May have a more competitive or critical nature, valuing personal goals over group harmony ','-','2025-03-14 21:35:34','2025-03-14 21:35:34'),(117,10,42,17,25,' May experience more emotional instability, anxiety, and mood swings ','-','2025-03-14 21:35:34','2025-03-14 21:35:34'),(118,10,42,8,16,' Balanced emotional state, able to cope with stress and worry to some extent. ','-','2025-03-14 21:35:34','2025-03-14 21:35:34'),(119,10,42,5,7,' Tend to be emotionally stable, calm, and composed under stress. ','-','2025-03-14 21:35:34','2025-03-14 21:35:34'),(120,11,43,0,3,'Low performance in social skills. Suggest potential areas for improvement in communication skills, such as active listening, expressing thoughts, or conflict resolution',NULL,'2025-03-14 21:35:34','2025-03-14 21:35:34'),(121,11,43,4,9,' Good performance in social skills ',NULL,'2025-03-14 21:35:34','2025-03-14 21:35:34'),(122,11,43,10,15,'Very good performance in social skills . Good listener, expresses thoughts and feelings clearly, and handles conflicts effectively.',NULL,'2025-03-14 21:35:34','2025-03-14 21:35:34'),(123,11,44,0,3,'Low performance in empathy and perspective taking. suggest potential areas for improvement in empathy, perspective-taking, and recognizing non-verbal cues',NULL,'2025-03-14 21:35:34','2025-03-14 21:35:34'),(124,11,44,4,9,'Good performance in empathy and perspective taking',NULL,'2025-03-14 21:35:34','2025-03-14 21:35:34'),(125,11,44,10,15,'Very good performance in empathy and perspective taking. Strong ability to understand and consider the perspectives and emotions of others',NULL,'2025-03-14 21:35:34','2025-03-14 21:35:34'),(126,11,45,0,3,'Low performance in interpersonal relationships. Challenges in forming and maintaining relationships, or difficulties in social situations',NULL,'2025-03-14 21:35:34','2025-03-14 21:35:34'),(127,11,45,4,9,'Good performance in interpersonal relationships',NULL,'2025-03-14 21:35:34','2025-03-14 21:35:34'),(128,11,45,10,15,'Very good performance in interpersonal relationships. The person has a wide circle of friends, maintains meaningful relationships, and excels at building rapport and conflict resolution',NULL,'2025-03-14 21:35:34','2025-03-14 21:35:34'),(129,11,46,0,3,'Low performance in assertiveness and boundary setting. Difficulties in setting boundaries, expressing needs, or standing up for oneself',NULL,'2025-03-14 21:35:34','2025-03-14 21:35:34'),(130,11,46,4,9,'Good performance in assertiveness and boundary setting',NULL,'2025-03-14 21:35:34','2025-03-14 21:35:34'),(131,11,46,10,15,'Very good performance in assertiveness and boundary setting. Strong assertiveness, boundary-setting skills, and an ability to communicate needs effectively',NULL,'2025-03-14 21:35:34','2025-03-14 21:35:34'),(132,12,47,0,2,'No or little openness to change and novelty ','Higher scores in this subscale indicate a greater willingness to embrace change, try new experiences, and adapt to novel situations. Individuals with high scores in this area are likely to be open to new ideas and opportunities. The total score can provide an overall assessment of an individual\'s adaptability and flexibility across all areas. A higher total score indicates a greater overall adaptability and flexibility.','2025-03-14 21:35:35','2025-03-14 21:35:35'),(133,12,47,3,6,' Medium openness to change and novelty ','Higher scores in this subscale indicate a greater willingness to embrace change, try new experiences, and adapt to novel situations. Individuals with high scores in this area are likely to be open to new ideas and opportunities. The total score can provide an overall assessment of an individual\'s adaptability and flexibility across all areas. A higher total score indicates a greater overall adaptability and flexibility.','2025-03-14 21:35:35','2025-03-14 21:35:35'),(134,12,47,7,10,' High openness to change and novelty ','Higher scores in this subscale indicate a greater willingness to embrace change, try new experiences, and adapt to novel situations. Individuals with high scores in this area are likely to be open to new ideas and opportunities. The total score can provide an overall assessment of an individual\'s adaptability and flexibility across all areas. A higher total score indicates a greater overall adaptability and flexibility.','2025-03-14 21:35:35','2025-03-14 21:35:35'),(135,12,48,0,2,' No or little problem-solving and resourcefulness ','Higher scores in this subscale indicate a greater willingness to embrace change, try new experiences, and adapt to novel situations. Individuals with high scores in this area are likely to be open to new ideas and opportunities. The total score can provide an overall assessment of an individual\'s adaptability and flexibility across all areas. A higher total score indicates a greater overall adaptability and flexibility.','2025-03-14 21:35:35','2025-03-14 21:35:35'),(136,12,48,3,6,' Medium problem-solving and resourcefulness ','Higher scores in this subscale indicate a greater willingness to embrace change, try new experiences, and adapt to novel situations. Individuals with high scores in this area are likely to be open to new ideas and opportunities. The total score can provide an overall assessment of an individual\'s adaptability and flexibility across all areas. A higher total score indicates a greater overall adaptability and flexibility.','2025-03-14 21:35:35','2025-03-14 21:35:35'),(137,12,48,7,10,' High problem-solving and resourcefulness ','Higher scores in this subscale indicate a greater willingness to embrace change, try new experiences, and adapt to novel situations. Individuals with high scores in this area are likely to be open to new ideas and opportunities. The total score can provide an overall assessment of an individual\'s adaptability and flexibility across all areas. A higher total score indicates a greater overall adaptability and flexibility.','2025-03-14 21:35:35','2025-03-14 21:35:35'),(138,12,49,0,2,' No or little adaptability in work and goal adjustment ','Higher scores in this subscale indicate a greater willingness to embrace change, try new experiences, and adapt to novel situations. Individuals with high scores in this area are likely to be open to new ideas and opportunities. The total score can provide an overall assessment of an individual\'s adaptability and flexibility across all areas. A higher total score indicates a greater overall adaptability and flexibility.','2025-03-14 21:35:35','2025-03-14 21:35:35'),(139,12,49,3,6,' Medium adaptability in work and goal adjustment ','Higher scores in this subscale indicate a greater willingness to embrace change, try new experiences, and adapt to novel situations. Individuals with high scores in this area are likely to be open to new ideas and opportunities. The total score can provide an overall assessment of an individual\'s adaptability and flexibility across all areas. A higher total score indicates a greater overall adaptability and flexibility.','2025-03-14 21:35:35','2025-03-14 21:35:35'),(140,12,49,7,10,' High adaptability in work and goal adjustment ','Higher scores in this subscale indicate a greater willingness to embrace change, try new experiences, and adapt to novel situations. Individuals with high scores in this area are likely to be open to new ideas and opportunities. The total score can provide an overall assessment of an individual\'s adaptability and flexibility across all areas. A higher total score indicates a greater overall adaptability and flexibility.','2025-03-14 21:35:35','2025-03-14 21:35:35'),(141,12,50,0,2,' No or little interpersonal flexibility ','Higher scores in this subscale indicate a greater willingness to embrace change, try new experiences, and adapt to novel situations. Individuals with high scores in this area are likely to be open to new ideas and opportunities. The total score can provide an overall assessment of an individual\'s adaptability and flexibility across all areas. A higher total score indicates a greater overall adaptability and flexibility.','2025-03-14 21:35:35','2025-03-14 21:35:35'),(142,12,50,3,6,' Medium interpersonal flexibility ','Higher scores in this subscale indicate a greater willingness to embrace change, try new experiences, and adapt to novel situations. Individuals with high scores in this area are likely to be open to new ideas and opportunities. The total score can provide an overall assessment of an individual\'s adaptability and flexibility across all areas. A higher total score indicates a greater overall adaptability and flexibility.','2025-03-14 21:35:35','2025-03-14 21:35:35'),(143,12,50,7,10,' High interpersonal flexibility ','Higher scores in this subscale indicate a greater willingness to embrace change, try new experiences, and adapt to novel situations. Individuals with high scores in this area are likely to be open to new ideas and opportunities. The total score can provide an overall assessment of an individual\'s adaptability and flexibility across all areas. A higher total score indicates a greater overall adaptability and flexibility.','2025-03-14 21:35:35','2025-03-14 21:35:35'),(144,12,51,0,2,' No or little stress resilience and composure ','Higher scores in this subscale indicate a greater willingness to embrace change, try new experiences, and adapt to novel situations. Individuals with high scores in this area are likely to be open to new ideas and opportunities. The total score can provide an overall assessment of an individual\'s adaptability and flexibility across all areas. A higher total score indicates a greater overall adaptability and flexibility.','2025-03-14 21:35:35','2025-03-14 21:35:35'),(145,12,51,3,6,' Medium stress resilience and composure ','Higher scores in this subscale indicate a greater willingness to embrace change, try new experiences, and adapt to novel situations. Individuals with high scores in this area are likely to be open to new ideas and opportunities. The total score can provide an overall assessment of an individual\'s adaptability and flexibility across all areas. A higher total score indicates a greater overall adaptability and flexibility.','2025-03-14 21:35:35','2025-03-14 21:35:35'),(146,12,51,7,10,' High stress resilience and composure ','Higher scores in this subscale indicate a greater willingness to embrace change, try new experiences, and adapt to novel situations. Individuals with high scores in this area are likely to be open to new ideas and opportunities. The total score can provide an overall assessment of an individual\'s adaptability and flexibility across all areas. A higher total score indicates a greater overall adaptability and flexibility.','2025-03-14 21:35:35','2025-03-14 21:35:35'),(147,12,52,0,2,' No or little learning and skill acquisition ','Higher scores in this subscale indicate a greater willingness to embrace change, try new experiences, and adapt to novel situations. Individuals with high scores in this area are likely to be open to new ideas and opportunities. The total score can provide an overall assessment of an individual\'s adaptability and flexibility across all areas. A higher total score indicates a greater overall adaptability and flexibility.','2025-03-14 21:35:35','2025-03-14 21:35:35'),(148,12,52,3,6,' Medium learning and skill acquisition ','Higher scores in this subscale indicate a greater willingness to embrace change, try new experiences, and adapt to novel situations. Individuals with high scores in this area are likely to be open to new ideas and opportunities. The total score can provide an overall assessment of an individual\'s adaptability and flexibility across all areas. A higher total score indicates a greater overall adaptability and flexibility.','2025-03-14 21:35:35','2025-03-14 21:35:35'),(149,12,52,7,10,' High learning and skill acquisition ','Higher scores in this subscale indicate a greater willingness to embrace change, try new experiences, and adapt to novel situations. Individuals with high scores in this area are likely to be open to new ideas and opportunities. The total score can provide an overall assessment of an individual\'s adaptability and flexibility across all areas. A higher total score indicates a greater overall adaptability and flexibility.','2025-03-14 21:35:35','2025-03-14 21:35:35'),(150,13,53,0,5,' No or little ability for analytical problem solving ','A higher score in this subscale indicates a strong ability to analyse and break down complex problems, identify root causes, and evaluate alternatives. Lower scores may suggest a need to enhance analytical problem-solving skills. Total Problem Solving & Creativity Score Thresholds Score <40 No or little Problem Solving Skills / Score 41-120 Medium Problem Solving Skills / Score 121-160 High Problem Solving Skills / Score 161-200 Excellent Problem Solving Skills.','2025-03-14 21:35:35','2025-03-14 21:35:35'),(151,13,53,6,15,' Medium analytical problem solving skills ','A higher score in this subscale indicates a strong ability to analyse and break down complex problems, identify root causes, and evaluate alternatives. Lower scores may suggest a need to enhance analytical problem-solving skills. Total Problem Solving & Creativity Score Thresholds Score <40 No or little Problem Solving Skills / Score 41-120 Medium Problem Solving Skills / Score 121-160 High Problem Solving Skills / Score 161-200 Excellent Problem Solving Skills.','2025-03-14 21:35:35','2025-03-14 21:35:35'),(152,13,53,16,20,'High analytical problem solving skills','A higher score in this subscale indicates a strong ability to analyse and break down complex problems, identify root causes, and evaluate alternatives. Lower scores may suggest a need to enhance analytical problem-solving skills. Total Problem Solving & Creativity Score Thresholds Score <40 No or little Problem Solving Skills / Score 41-120 Medium Problem Solving Skills / Score 121-160 High Problem Solving Skills / Score 161-200 Excellent Problem Solving Skills.','2025-03-14 21:35:35','2025-03-14 21:35:35'),(153,13,53,21,25,' Excellent analytical problem solving skills ','A higher score in this subscale indicates a strong ability to analyse and break down complex problems, identify root causes, and evaluate alternatives. Lower scores may suggest a need to enhance analytical problem-solving skills. Total Problem Solving & Creativity Score Thresholds Score <40 No or little Problem Solving Skills / Score 41-120 Medium Problem Solving Skills / Score 121-160 High Problem Solving Skills / Score 161-200 Excellent Problem Solving Skills.','2025-03-14 21:35:35','2025-03-14 21:35:35'),(154,13,54,0,5,' No or little creative problem solving skills ','A higher score in this subscale indicates a strong ability to analyse and break down complex problems, identify root causes, and evaluate alternatives. Lower scores may suggest a need to enhance analytical problem-solving skills. Total Problem Solving & Creativity Score Thresholds Score <40 No or little Problem Solving Skills / Score 41-120 Medium Problem Solving Skills / Score 121-160 High Problem Solving Skills / Score 161-200 Excellent Problem Solving Skills.','2025-03-14 21:35:35','2025-03-14 21:35:35'),(155,13,54,6,15,' Medium creative problem solving skills ','A higher score in this subscale indicates a strong ability to analyse and break down complex problems, identify root causes, and evaluate alternatives. Lower scores may suggest a need to enhance analytical problem-solving skills. Total Problem Solving & Creativity Score Thresholds Score <40 No or little Problem Solving Skills / Score 41-120 Medium Problem Solving Skills / Score 121-160 High Problem Solving Skills / Score 161-200 Excellent Problem Solving Skills.','2025-03-14 21:35:35','2025-03-14 21:35:35'),(156,13,54,16,20,'High creative problem solving skills','A higher score in this subscale indicates a strong ability to analyse and break down complex problems, identify root causes, and evaluate alternatives. Lower scores may suggest a need to enhance analytical problem-solving skills. Total Problem Solving & Creativity Score Thresholds Score <40 No or little Problem Solving Skills / Score 41-120 Medium Problem Solving Skills / Score 121-160 High Problem Solving Skills / Score 161-200 Excellent Problem Solving Skills.','2025-03-14 21:35:35','2025-03-14 21:35:35'),(157,13,54,21,25,' Excellent creative problem solving skills ','A higher score in this subscale indicates a strong ability to analyse and break down complex problems, identify root causes, and evaluate alternatives. Lower scores may suggest a need to enhance analytical problem-solving skills. Total Problem Solving & Creativity Score Thresholds Score <40 No or little Problem Solving Skills / Score 41-120 Medium Problem Solving Skills / Score 121-160 High Problem Solving Skills / Score 161-200 Excellent Problem Solving Skills.','2025-03-14 21:35:35','2025-03-14 21:35:35'),(158,13,55,0,5,' No or little decision making skills ','A higher score in this subscale indicates a strong ability to analyse and break down complex problems, identify root causes, and evaluate alternatives. Lower scores may suggest a need to enhance analytical problem-solving skills. Total Problem Solving & Creativity Score Thresholds Score <40 No or little Problem Solving Skills / Score 41-120 Medium Problem Solving Skills / Score 121-160 High Problem Solving Skills / Score 161-200 Excellent Problem Solving Skills.','2025-03-14 21:35:35','2025-03-14 21:35:35'),(159,13,55,6,15,' Medium decision making skills  ','A higher score in this subscale indicates a strong ability to analyse and break down complex problems, identify root causes, and evaluate alternatives. Lower scores may suggest a need to enhance analytical problem-solving skills. Total Problem Solving & Creativity Score Thresholds Score <40 No or little Problem Solving Skills / Score 41-120 Medium Problem Solving Skills / Score 121-160 High Problem Solving Skills / Score 161-200 Excellent Problem Solving Skills.','2025-03-14 21:35:35','2025-03-14 21:35:35'),(160,13,55,16,20,'High decision making skills','A higher score in this subscale indicates a strong ability to analyse and break down complex problems, identify root causes, and evaluate alternatives. Lower scores may suggest a need to enhance analytical problem-solving skills. Total Problem Solving & Creativity Score Thresholds Score <40 No or little Problem Solving Skills / Score 41-120 Medium Problem Solving Skills / Score 121-160 High Problem Solving Skills / Score 161-200 Excellent Problem Solving Skills.','2025-03-14 21:35:35','2025-03-14 21:35:35'),(161,13,55,21,25,' Excellent decision making skills ','A higher score in this subscale indicates a strong ability to analyse and break down complex problems, identify root causes, and evaluate alternatives. Lower scores may suggest a need to enhance analytical problem-solving skills. Total Problem Solving & Creativity Score Thresholds Score <40 No or little Problem Solving Skills / Score 41-120 Medium Problem Solving Skills / Score 121-160 High Problem Solving Skills / Score 161-200 Excellent Problem Solving Skills.','2025-03-14 21:35:35','2025-03-14 21:35:35'),(162,13,56,0,5,' No or little Practical Problem Solving skills ','A higher score in this subscale indicates a strong ability to analyse and break down complex problems, identify root causes, and evaluate alternatives. Lower scores may suggest a need to enhance analytical problem-solving skills. Total Problem Solving & Creativity Score Thresholds Score <40 No or little Problem Solving Skills / Score 41-120 Medium Problem Solving Skills / Score 121-160 High Problem Solving Skills / Score 161-200 Excellent Problem Solving Skills.','2025-03-14 21:35:35','2025-03-14 21:35:35'),(163,13,56,6,15,' Medium Practical Problem Solving skills ','A higher score in this subscale indicates a strong ability to analyse and break down complex problems, identify root causes, and evaluate alternatives. Lower scores may suggest a need to enhance analytical problem-solving skills. Total Problem Solving & Creativity Score Thresholds Score <40 No or little Problem Solving Skills / Score 41-120 Medium Problem Solving Skills / Score 121-160 High Problem Solving Skills / Score 161-200 Excellent Problem Solving Skills.','2025-03-14 21:35:35','2025-03-14 21:35:35'),(164,13,56,16,20,'High Practical Problem Solving skills','A higher score in this subscale indicates a strong ability to analyse and break down complex problems, identify root causes, and evaluate alternatives. Lower scores may suggest a need to enhance analytical problem-solving skills. Total Problem Solving & Creativity Score Thresholds Score <40 No or little Problem Solving Skills / Score 41-120 Medium Problem Solving Skills / Score 121-160 High Problem Solving Skills / Score 161-200 Excellent Problem Solving Skills.','2025-03-14 21:35:35','2025-03-14 21:35:35'),(165,13,56,21,25,' Excellent Practical Problem Solving skills ','A higher score in this subscale indicates a strong ability to analyse and break down complex problems, identify root causes, and evaluate alternatives. Lower scores may suggest a need to enhance analytical problem-solving skills. Total Problem Solving & Creativity Score Thresholds Score <40 No or little Problem Solving Skills / Score 41-120 Medium Problem Solving Skills / Score 121-160 High Problem Solving Skills / Score 161-200 Excellent Problem Solving Skills.','2025-03-14 21:35:35','2025-03-14 21:35:35'),(166,13,57,0,5,' No or little divergent thinking skills ','Higher scores here suggest a rich imagination and a willingness to explore a wide range of creative ideas. Lower scores may indicate a preference for more structured and limited creative thinking. Total Problem Solving & Creativity Score Thresholds Score <40 No or little Problem Solving Skills / Score 41-120 Medium Problem Solving Skills / Score 121-160 High Problem Solving Skills / Score 161-200 Excellent Problem Solving Skills.','2025-03-14 21:35:35','2025-03-14 21:35:35'),(167,13,57,6,15,' Medium divergent thinking skills ','Higher scores here suggest a rich imagination and a willingness to explore a wide range of creative ideas. Lower scores may indicate a preference for more structured and limited creative thinking. Total Problem Solving & Creativity Score Thresholds Score <40 No or little Problem Solving Skills / Score 41-120 Medium Problem Solving Skills / Score 121-160 High Problem Solving Skills / Score 161-200 Excellent Problem Solving Skills.','2025-03-14 21:35:35','2025-03-14 21:35:35'),(168,13,57,16,20,'High divergent thinking skills','Higher scores here suggest a rich imagination and a willingness to explore a wide range of creative ideas. Lower scores may indicate a preference for more structured and limited creative thinking. Total Problem Solving & Creativity Score Thresholds Score <40 No or little Problem Solving Skills / Score 41-120 Medium Problem Solving Skills / Score 121-160 High Problem Solving Skills / Score 161-200 Excellent Problem Solving Skills.','2025-03-14 21:35:35','2025-03-14 21:35:35'),(169,13,57,21,25,' Excellent divergent thinking skills ','Higher scores here suggest a rich imagination and a willingness to explore a wide range of creative ideas. Lower scores may indicate a preference for more structured and limited creative thinking. Total Problem Solving & Creativity Score Thresholds Score <40 No or little Problem Solving Skills / Score 41-120 Medium Problem Solving Skills / Score 121-160 High Problem Solving Skills / Score 161-200 Excellent Problem Solving Skills.','2025-03-14 21:35:35','2025-03-14 21:35:35'),(170,13,58,0,5,' No or little convergent thinking skills ','Higher scores here suggest a rich imagination and a willingness to explore a wide range of creative ideas. Lower scores may indicate a preference for more structured and limited creative thinking. Total Problem Solving & Creativity Score Thresholds Score <40 No or little Problem Solving Skills / Score 41-120 Medium Problem Solving Skills / Score 121-160 High Problem Solving Skills / Score 161-200 Excellent Problem Solving Skills.','2025-03-14 21:35:35','2025-03-14 21:35:35'),(171,13,58,6,15,' Medium convergent thinking skills  ','Higher scores here suggest a rich imagination and a willingness to explore a wide range of creative ideas. Lower scores may indicate a preference for more structured and limited creative thinking. Total Problem Solving & Creativity Score Thresholds Score <40 No or little Problem Solving Skills / Score 41-120 Medium Problem Solving Skills / Score 121-160 High Problem Solving Skills / Score 161-200 Excellent Problem Solving Skills.','2025-03-14 21:35:35','2025-03-14 21:35:35'),(172,13,58,16,20,'High convergent thinking skills','Higher scores here suggest a rich imagination and a willingness to explore a wide range of creative ideas. Lower scores may indicate a preference for more structured and limited creative thinking. Total Problem Solving & Creativity Score Thresholds Score <40 No or little Problem Solving Skills / Score 41-120 Medium Problem Solving Skills / Score 121-160 High Problem Solving Skills / Score 161-200 Excellent Problem Solving Skills.','2025-03-14 21:35:35','2025-03-14 21:35:35'),(173,13,58,21,25,' Excellent convergent thinking skills ','Higher scores here suggest a rich imagination and a willingness to explore a wide range of creative ideas. Lower scores may indicate a preference for more structured and limited creative thinking. Total Problem Solving & Creativity Score Thresholds Score <40 No or little Problem Solving Skills / Score 41-120 Medium Problem Solving Skills / Score 121-160 High Problem Solving Skills / Score 161-200 Excellent Problem Solving Skills.','2025-03-14 21:35:35','2025-03-14 21:35:35'),(174,13,59,0,5,' No or little environmental sensitivity skills ','Higher scores here suggest a rich imagination and a willingness to explore a wide range of creative ideas. Lower scores may indicate a preference for more structured and limited creative thinking. Total Problem Solving & Creativity Score Thresholds Score <40 No or little Problem Solving Skills / Score 41-120 Medium Problem Solving Skills / Score 121-160 High Problem Solving Skills / Score 161-200 Excellent Problem Solving Skills.','2025-03-14 21:35:35','2025-03-14 21:35:35'),(175,13,59,6,15,' Medium environmental sensitivity skills ','Higher scores here suggest a rich imagination and a willingness to explore a wide range of creative ideas. Lower scores may indicate a preference for more structured and limited creative thinking. Total Problem Solving & Creativity Score Thresholds Score <40 No or little Problem Solving Skills / Score 41-120 Medium Problem Solving Skills / Score 121-160 High Problem Solving Skills / Score 161-200 Excellent Problem Solving Skills.','2025-03-14 21:35:35','2025-03-14 21:35:35'),(176,13,59,16,20,'High environmental sensitivity skills','Higher scores here suggest a rich imagination and a willingness to explore a wide range of creative ideas. Lower scores may indicate a preference for more structured and limited creative thinking. Total Problem Solving & Creativity Score Thresholds Score <40 No or little Problem Solving Skills / Score 41-120 Medium Problem Solving Skills / Score 121-160 High Problem Solving Skills / Score 161-200 Excellent Problem Solving Skills.','2025-03-14 21:35:35','2025-03-14 21:35:35'),(177,13,59,21,25,' Excellent environmental sensitivity skills ','Higher scores here suggest a rich imagination and a willingness to explore a wide range of creative ideas. Lower scores may indicate a preference for more structured and limited creative thinking. Total Problem Solving & Creativity Score Thresholds Score <40 No or little Problem Solving Skills / Score 41-120 Medium Problem Solving Skills / Score 121-160 High Problem Solving Skills / Score 161-200 Excellent Problem Solving Skills.','2025-03-14 21:35:35','2025-03-14 21:35:35'),(178,13,60,0,5,' No or little perseverance and risk-taking skills ','Higher scores here suggest a rich imagination and a willingness to explore a wide range of creative ideas. Lower scores may indicate a preference for more structured and limited creative thinking. Total Problem Solving & Creativity Score Thresholds Score <40 No or little Problem Solving Skills / Score 41-120 Medium Problem Solving Skills / Score 121-160 High Problem Solving Skills / Score 161-200 Excellent Problem Solving Skills.','2025-03-14 21:35:35','2025-03-14 21:35:35'),(179,13,60,6,15,' Medium perseverance and risk-taking skills ','Higher scores here suggest a rich imagination and a willingness to explore a wide range of creative ideas. Lower scores may indicate a preference for more structured and limited creative thinking. Total Problem Solving & Creativity Score Thresholds Score <40 No or little Problem Solving Skills / Score 41-120 Medium Problem Solving Skills / Score 121-160 High Problem Solving Skills / Score 161-200 Excellent Problem Solving Skills.','2025-03-14 21:35:35','2025-03-14 21:35:35'),(180,13,60,16,20,'High perseverance and risk-taking skills','Higher scores here suggest a rich imagination and a willingness to explore a wide range of creative ideas. Lower scores may indicate a preference for more structured and limited creative thinking. Total Problem Solving & Creativity Score Thresholds Score <40 No or little Problem Solving Skills / Score 41-120 Medium Problem Solving Skills / Score 121-160 High Problem Solving Skills / Score 161-200 Excellent Problem Solving Skills.','2025-03-14 21:35:35','2025-03-14 21:35:35'),(181,13,60,21,25,' Excellent perseverance and risk-taking skills ','Higher scores here suggest a rich imagination and a willingness to explore a wide range of creative ideas. Lower scores may indicate a preference for more structured and limited creative thinking. Total Problem Solving & Creativity Score Thresholds Score <40 No or little Problem Solving Skills / Score 41-120 Medium Problem Solving Skills / Score 121-160 High Problem Solving Skills / Score 161-200 Excellent Problem Solving Skills.','2025-03-14 21:35:35','2025-03-14 21:35:35');
/*!40000 ALTER TABLE `threshold_subscale_limits` ENABLE KEYS */;
UNLOCK TABLES;

--
-- Table structure for table `threshold_test_limits`
--

DROP TABLE IF EXISTS `threshold_test_limits`;
/*!40101 SET @saved_cs_client     = @@character_set_client */;
/*!50503 SET character_set_client = utf8mb4 */;
CREATE TABLE `threshold_test_limits` (
  `id` bigint unsigned NOT NULL AUTO_INCREMENT,
  `threshold_id` bigint unsigned NOT NULL,
  `low` int NOT NULL,
  `high` int NOT NULL,
  `label` varchar(255) COLLATE utf8mb4_unicode_ci NOT NULL,
  `notes` text COLLATE utf8mb4_unicode_ci,
  `created_at` timestamp NULL DEFAULT NULL,
  `updated_at` timestamp NULL DEFAULT NULL,
  PRIMARY KEY (`id`),
  KEY `threshold_test_limits_threshold_id_foreign` (`threshold_id`),
  CONSTRAINT `threshold_test_limits_threshold_id_foreign` FOREIGN KEY (`threshold_id`) REFERENCES `thresholds` (`id`) ON DELETE CASCADE
) ENGINE=InnoDB AUTO_INCREMENT=39 DEFAULT CHARSET=utf8mb4 COLLATE=utf8mb4_unicode_ci;
/*!40101 SET character_set_client = @saved_cs_client */;

--
-- Dumping data for table `threshold_test_limits`
--

LOCK TABLES `threshold_test_limits` WRITE;
/*!40000 ALTER TABLE `threshold_test_limits` DISABLE KEYS */;
INSERT INTO `threshold_test_limits` VALUES (1,2,0,6,'Low Probability of Neurodevelopmental Disorder',NULL,'2025-03-14 21:35:33','2025-03-14 21:35:33'),(2,2,7,15,'Medium Probability of Neurodevelopmental Disorder',NULL,'2025-03-14 21:35:33','2025-03-14 21:35:33'),(3,2,16,35,'High Probability of Neurodevelopmental Disorder',NULL,'2025-03-14 21:35:34','2025-03-14 21:35:34'),(4,3,0,2,'No particular sleep disorder',NULL,'2025-03-14 21:35:34','2025-03-14 21:35:34'),(5,3,3,6,'Moderate sleep disorder issues - refer to sleep expert',NULL,'2025-03-14 21:35:34','2025-03-14 21:35:34'),(6,3,7,8,'Intense sleep disorder - refer to sleep expert without delay',NULL,'2025-03-14 21:35:34','2025-03-14 21:35:34'),(7,4,0,10,'Experiencing Very Low Pain ',NULL,'2025-03-14 21:35:34','2025-03-14 21:35:34'),(8,4,11,20,'Experiencing Medium Pain',NULL,'2025-03-14 21:35:34','2025-03-14 21:35:34'),(9,4,21,30,'Experiencing High Pain',NULL,'2025-03-14 21:35:34','2025-03-14 21:35:34'),(10,4,31,40,'Experiencing Severe Pain',NULL,'2025-03-14 21:35:34','2025-03-14 21:35:34'),(11,5,0,60,'Low risk of substance abuse',NULL,'2025-03-14 21:35:34','2025-03-14 21:35:34'),(12,5,61,150,' Medium Risk of substance abuse',NULL,'2025-03-14 21:35:34','2025-03-14 21:35:34'),(13,5,151,210,'High Risk of substance abuse',NULL,'2025-03-14 21:35:34','2025-03-14 21:35:34'),(14,6,0,36,'Low risk for Sleep Disorders',NULL,'2025-03-14 21:35:34','2025-03-14 21:35:34'),(15,6,37,54,'Medium risk for sleep disorders',NULL,'2025-03-14 21:35:34','2025-03-14 21:35:34'),(16,6,55,72,'High risk for sleep disorders',NULL,'2025-03-14 21:35:34','2025-03-14 21:35:34'),(17,7,0,12,'Experiencing limited Stress and Anxiety',NULL,'2025-03-14 21:35:34','2025-03-14 21:35:34'),(18,7,13,24,'Experiencing Medium Stress and Anxiety',NULL,'2025-03-14 21:35:34','2025-03-14 21:35:34'),(19,7,25,36,' Experiencing Stress and Anxiety',NULL,'2025-03-14 21:35:34','2025-03-14 21:35:34'),(20,7,37,48,' Experiencing Severe Stress and Anxiety',NULL,'2025-03-14 21:35:34','2025-03-14 21:35:34'),(21,8,0,36,'No or little Mental Pain - Mental Health in good condition',NULL,'2025-03-14 21:35:34','2025-03-14 21:35:34'),(22,8,37,60,'Concern about Mental Pain - Mental health in poor condition',NULL,'2025-03-14 21:35:34','2025-03-14 21:35:34'),(23,8,61,84,'Severe Mental Pain - Critical condition of Mental Health',NULL,'2025-03-14 21:35:34','2025-03-14 21:35:34'),(24,9,0,4,'No Post Traumatic Disorder',NULL,'2025-03-14 21:35:34','2025-03-14 21:35:34'),(25,9,5,18,'Medium Post Traumatic Disorder',NULL,'2025-03-14 21:35:34','2025-03-14 21:35:34'),(26,9,19,30,'High Post Traumatic Disorder',NULL,'2025-03-14 21:35:34','2025-03-14 21:35:34'),(27,9,31,56,'Very High Post Traumatic Disorder',NULL,'2025-03-14 21:35:34','2025-03-14 21:35:34'),(28,11,0,9,'Very Low performance in Social Skills',NULL,'2025-03-14 21:35:34','2025-03-14 21:35:34'),(29,11,10,20,'Low Performance in Social Skills',NULL,'2025-03-14 21:35:34','2025-03-14 21:35:34'),(30,11,21,36,'Medium Performance in social skills',NULL,'2025-03-14 21:35:34','2025-03-14 21:35:34'),(31,11,37,60,'Very good performance in social skills',NULL,'2025-03-14 21:35:34','2025-03-14 21:35:34'),(32,12,0,12,'No or little adaptability and flexibility','Higher scores in this subscale indicate a greater willingness to embrace change, try new experiences, and adapt to novel situations. Individuals with high scores in this area are likely to be open to new ideas and opportunities. The total score can provide an overall assessment of an individual\'s adaptability and flexibility across all areas. A higher total score indicates a greater overall adaptability and flexibility.','2025-03-14 21:35:35','2025-03-14 21:35:35'),(33,12,13,36,'Medium adaptability and flexibility','Higher scores in this subscale indicate a greater willingness to embrace change, try new experiences, and adapt to novel situations. Individuals with high scores in this area are likely to be open to new ideas and opportunities. The total score can provide an overall assessment of an individual\'s adaptability and flexibility across all areas. A higher total score indicates a greater overall adaptability and flexibility.','2025-03-14 21:35:35','2025-03-14 21:35:35'),(34,12,37,60,'High adaptability and flexibility','Higher scores in this subscale indicate a greater willingness to embrace change, try new experiences, and adapt to novel situations. Individuals with high scores in this area are likely to be open to new ideas and opportunities. The total score can provide an overall assessment of an individual\'s adaptability and flexibility across all areas. A higher total score indicates a greater overall adaptability and flexibility.','2025-03-14 21:35:35','2025-03-14 21:35:35'),(35,13,0,20,'No or little Problem Solving Skills','A higher score in this subscale indicates a strong ability to analyse and break down complex problems, identify root causes, and evaluate alternatives. Lower scores may suggest a need to enhance analytical problem-solving skills. Total Problem Solving & Creativity Score Thresholds Score <40 No or little Problem Solving Skills / Score 41-120 Medium Problem Solving Skills / Score 121-160 High Problem Solving Skills / Score 161-200 Excellent Problem Solving Skills.','2025-03-14 21:35:35','2025-03-14 21:35:35'),(36,13,21,60,'Medium Problem Solving Skills','A higher score in this subscale indicates a strong ability to analyse and break down complex problems, identify root causes, and evaluate alternatives. Lower scores may suggest a need to enhance analytical problem-solving skills. Total Problem Solving & Creativity Score Thresholds Score <40 No or little Problem Solving Skills / Score 41-120 Medium Problem Solving Skills / Score 121-160 High Problem Solving Skills / Score 161-200 Excellent Problem Solving Skills.','2025-03-14 21:35:35','2025-03-14 21:35:35'),(37,13,61,80,'High Problem Solving Skills','A higher score in this subscale indicates a strong ability to analyse and break down complex problems, identify root causes, and evaluate alternatives. Lower scores may suggest a need to enhance analytical problem-solving skills. Total Problem Solving & Creativity Score Thresholds Score <40 No or little Problem Solving Skills / Score 41-120 Medium Problem Solving Skills / Score 121-160 High Problem Solving Skills / Score 161-200 Excellent Problem Solving Skills.','2025-03-14 21:35:35','2025-03-14 21:35:35'),(38,13,81,100,'Excellent Problem Solving Skills','A higher score in this subscale indicates a strong ability to analyse and break down complex problems, identify root causes, and evaluate alternatives. Lower scores may suggest a need to enhance analytical problem-solving skills. Total Problem Solving & Creativity Score Thresholds Score <40 No or little Problem Solving Skills / Score 41-120 Medium Problem Solving Skills / Score 121-160 High Problem Solving Skills / Score 161-200 Excellent Problem Solving Skills.','2025-03-14 21:35:35','2025-03-14 21:35:35');
/*!40000 ALTER TABLE `threshold_test_limits` ENABLE KEYS */;
UNLOCK TABLES;

--
-- Table structure for table `thresholds`
--

DROP TABLE IF EXISTS `thresholds`;
/*!40101 SET @saved_cs_client     = @@character_set_client */;
/*!50503 SET character_set_client = utf8mb4 */;
CREATE TABLE `thresholds` (
  `id` bigint unsigned NOT NULL AUTO_INCREMENT,
  `test_id` bigint unsigned NOT NULL,
  `question_start` bigint unsigned DEFAULT NULL,
  `question_end` bigint unsigned DEFAULT NULL,
  `display_type` smallint NOT NULL,
  `created_at` timestamp NULL DEFAULT NULL,
  `updated_at` timestamp NULL DEFAULT NULL,
  PRIMARY KEY (`id`),
  UNIQUE KEY `thresholds_test_id_unique` (`test_id`),
  KEY `thresholds_question_start_foreign` (`question_start`),
  KEY `thresholds_question_end_foreign` (`question_end`),
  CONSTRAINT `thresholds_question_end_foreign` FOREIGN KEY (`question_end`) REFERENCES `questions` (`id`) ON DELETE SET NULL,
  CONSTRAINT `thresholds_question_start_foreign` FOREIGN KEY (`question_start`) REFERENCES `questions` (`id`) ON DELETE SET NULL,
  CONSTRAINT `thresholds_test_id_foreign` FOREIGN KEY (`test_id`) REFERENCES `tests` (`id`) ON DELETE CASCADE
) ENGINE=InnoDB AUTO_INCREMENT=14 DEFAULT CHARSET=utf8mb4 COLLATE=utf8mb4_unicode_ci;
/*!40101 SET character_set_client = @saved_cs_client */;

--
-- Dumping data for table `thresholds`
--

LOCK TABLES `thresholds` WRITE;
/*!40000 ALTER TABLE `thresholds` DISABLE KEYS */;
INSERT INTO `thresholds` VALUES (1,8,14,16,1,'2025-03-14 21:35:33','2025-03-14 21:35:33'),(2,9,17,21,3,'2025-03-14 21:35:33','2025-03-14 21:35:33'),(3,11,38,39,3,'2025-03-14 21:35:34','2025-03-14 21:35:34'),(4,12,40,49,3,'2025-03-14 21:35:34','2025-03-14 21:35:34'),(5,13,60,69,3,'2025-03-14 21:35:34','2025-03-14 21:35:34'),(6,14,90,91,3,'2025-03-14 21:35:34','2025-03-14 21:35:34'),(7,16,111,118,3,'2025-03-14 21:35:34','2025-03-14 21:35:34'),(8,17,135,138,3,'2025-03-14 21:35:34','2025-03-14 21:35:34'),(9,18,159,162,3,'2025-03-14 21:35:34','2025-03-14 21:35:34'),(10,19,187,191,3,'2025-03-14 21:35:34','2025-03-14 21:35:34'),(11,20,212,217,3,'2025-03-14 21:35:34','2025-03-14 21:35:34'),(12,21,236,239,3,'2025-03-14 21:35:35','2025-03-14 21:35:35'),(13,22,260,264,3,'2025-03-14 21:35:35','2025-03-14 21:35:35');
/*!40000 ALTER TABLE `thresholds` ENABLE KEYS */;
UNLOCK TABLES;

--
-- Table structure for table `user_questionnaires`
--

DROP TABLE IF EXISTS `user_questionnaires`;
/*!40101 SET @saved_cs_client     = @@character_set_client */;
/*!50503 SET character_set_client = utf8mb4 */;
CREATE TABLE `user_questionnaires` (
  `id` bigint unsigned NOT NULL AUTO_INCREMENT,
  `user_id` bigint unsigned NOT NULL,
  `questionnaire_flow_type` smallint unsigned NOT NULL,
  `for_user_id` bigint unsigned DEFAULT NULL,
  `generated_questions` text COLLATE utf8mb4_unicode_ci NOT NULL,
  `completed` tinyint(1) NOT NULL DEFAULT '0',
  `created_at` timestamp NULL DEFAULT NULL,
  `updated_at` timestamp NULL DEFAULT NULL,
  PRIMARY KEY (`id`),
  UNIQUE KEY `unique_user_questionnaire_flow` (`user_id`,`questionnaire_flow_type`,`for_user_id`),
  KEY `user_questionnaires_questionnaire_flow_type_foreign` (`questionnaire_flow_type`),
  KEY `user_questionnaires_for_user_id_foreign` (`for_user_id`),
  CONSTRAINT `user_questionnaires_for_user_id_foreign` FOREIGN KEY (`for_user_id`) REFERENCES `users` (`id`) ON DELETE CASCADE,
  CONSTRAINT `user_questionnaires_questionnaire_flow_type_foreign` FOREIGN KEY (`questionnaire_flow_type`) REFERENCES `questionnaire_flows` (`flow_type`) ON DELETE CASCADE,
  CONSTRAINT `user_questionnaires_user_id_foreign` FOREIGN KEY (`user_id`) REFERENCES `users` (`id`) ON DELETE CASCADE
) ENGINE=InnoDB AUTO_INCREMENT=9 DEFAULT CHARSET=utf8mb4 COLLATE=utf8mb4_unicode_ci;
/*!40101 SET character_set_client = @saved_cs_client */;

--
-- Dumping data for table `user_questionnaires`
--

LOCK TABLES `user_questionnaires` WRITE;
/*!40000 ALTER TABLE `user_questionnaires` DISABLE KEYS */;
INSERT INTO `user_questionnaires` VALUES (1,30,1,NULL,'a:136:{i:0;i:1;i:1;i:2;i:2;i:3;i:3;i:4;i:4;i:5;i:5;i:6;i:6;i:7;i:7;i:8;i:8;i:11;i:9;i:12;i:10;i:13;i:11;i:14;i:12;i:15;i:13;i:16;i:14;i:17;i:15;i:18;i:16;i:19;i:17;i:20;i:18;i:21;i:19;i:22;i:20;i:23;i:21;i:24;i:22;i:25;i:23;i:26;i:24;i:27;i:25;i:28;i:26;i:29;i:27;i:30;i:28;i:31;i:29;i:32;i:30;i:33;i:31;i:34;i:32;i:35;i:33;i:36;i:34;i:37;i:35;i:38;i:36;i:39;i:37;i:42;i:38;i:43;i:39;i:44;i:40;i:45;i:41;i:48;i:42;i:52;i:43;i:53;i:44;i:54;i:45;i:55;i:46;i:56;i:47;i:60;i:48;i:61;i:49;i:62;i:50;i:63;i:51;i:64;i:52;i:65;i:53;i:66;i:54;i:67;i:55;i:68;i:56;i:69;i:57;i:70;i:58;i:71;i:59;i:72;i:60;i:73;i:61;i:74;i:62;i:75;i:63;i:76;i:64;i:77;i:65;i:78;i:66;i:79;i:67;i:80;i:68;i:81;i:69;i:82;i:70;i:83;i:71;i:84;i:72;i:85;i:73;i:86;i:74;i:87;i:75;i:88;i:76;i:89;i:77;i:90;i:78;i:91;i:79;i:92;i:80;i:93;i:81;i:94;i:82;i:95;i:83;i:96;i:84;i:97;i:85;i:98;i:86;i:99;i:87;i:100;i:88;i:101;i:89;i:102;i:90;i:103;i:91;i:104;i:92;i:105;i:93;i:106;i:94;i:107;i:95;i:108;i:96;i:109;i:97;i:110;i:98;i:111;i:99;i:112;i:100;i:115;i:101;i:117;i:102;i:121;i:103;i:122;i:104;i:124;i:105;i:125;i:106;i:128;i:107;i:129;i:108;i:132;i:109;i:133;i:110;i:136;i:111;i:138;i:112;i:139;i:113;i:140;i:114;i:144;i:115;i:146;i:116;i:147;i:117;i:150;i:118;i:151;i:119;i:153;i:120;i:155;i:121;i:156;i:122;i:161;i:123;i:162;i:124;i:165;i:125;i:166;i:126;i:168;i:127;i:169;i:128;i:172;i:129;i:174;i:130;i:175;i:131;i:176;i:132;i:179;i:133;i:182;i:134;i:183;i:135;i:186;}',0,'2025-03-14 21:37:31','2025-03-14 21:37:31'),(2,37,1,NULL,'a:136:{i:0;i:1;i:1;i:2;i:2;i:3;i:3;i:4;i:4;i:5;i:5;i:6;i:6;i:7;i:7;i:8;i:8;i:11;i:9;i:12;i:10;i:13;i:11;i:14;i:12;i:15;i:13;i:16;i:14;i:17;i:15;i:18;i:16;i:19;i:17;i:20;i:18;i:21;i:19;i:22;i:20;i:23;i:21;i:24;i:22;i:25;i:23;i:26;i:24;i:27;i:25;i:28;i:26;i:29;i:27;i:30;i:28;i:31;i:29;i:32;i:30;i:33;i:31;i:34;i:32;i:35;i:33;i:36;i:34;i:37;i:35;i:38;i:36;i:39;i:37;i:41;i:38;i:45;i:39;i:46;i:40;i:47;i:41;i:49;i:42;i:51;i:43;i:52;i:44;i:53;i:45;i:54;i:46;i:55;i:47;i:60;i:48;i:61;i:49;i:62;i:50;i:63;i:51;i:64;i:52;i:65;i:53;i:66;i:54;i:67;i:55;i:68;i:56;i:69;i:57;i:70;i:58;i:71;i:59;i:72;i:60;i:73;i:61;i:74;i:62;i:75;i:63;i:76;i:64;i:77;i:65;i:78;i:66;i:79;i:67;i:80;i:68;i:81;i:69;i:82;i:70;i:83;i:71;i:84;i:72;i:85;i:73;i:86;i:74;i:87;i:75;i:88;i:76;i:89;i:77;i:90;i:78;i:91;i:79;i:92;i:80;i:93;i:81;i:94;i:82;i:95;i:83;i:96;i:84;i:97;i:85;i:98;i:86;i:99;i:87;i:100;i:88;i:101;i:89;i:102;i:90;i:103;i:91;i:104;i:92;i:105;i:93;i:106;i:94;i:107;i:95;i:108;i:96;i:109;i:97;i:110;i:98;i:113;i:99;i:115;i:100;i:117;i:101;i:118;i:102;i:120;i:103;i:122;i:104;i:125;i:105;i:126;i:106;i:127;i:107;i:130;i:108;i:131;i:109;i:134;i:110;i:136;i:111;i:138;i:112;i:139;i:113;i:140;i:114;i:145;i:115;i:146;i:116;i:147;i:117;i:148;i:118;i:152;i:119;i:153;i:120;i:156;i:121;i:157;i:122;i:161;i:123;i:162;i:124;i:164;i:125;i:165;i:126;i:168;i:127;i:170;i:128;i:171;i:129;i:173;i:130;i:175;i:131;i:177;i:132;i:180;i:133;i:181;i:134;i:183;i:135;i:184;}',1,'2025-03-17 10:14:52','2025-03-17 10:21:11'),(3,4,3,37,'a:0:{}',1,'2025-03-17 10:23:56','2025-03-17 10:23:56'),(4,38,1,NULL,'a:136:{i:0;i:1;i:1;i:2;i:2;i:3;i:3;i:4;i:4;i:5;i:5;i:6;i:6;i:7;i:7;i:8;i:8;i:11;i:9;i:12;i:10;i:13;i:11;i:14;i:12;i:15;i:13;i:16;i:14;i:17;i:15;i:18;i:16;i:19;i:17;i:20;i:18;i:21;i:19;i:22;i:20;i:23;i:21;i:24;i:22;i:25;i:23;i:26;i:24;i:27;i:25;i:28;i:26;i:29;i:27;i:30;i:28;i:31;i:29;i:32;i:30;i:33;i:31;i:34;i:32;i:35;i:33;i:36;i:34;i:37;i:35;i:38;i:36;i:39;i:37;i:40;i:38;i:43;i:39;i:44;i:40;i:45;i:41;i:46;i:42;i:53;i:43;i:55;i:44;i:56;i:45;i:58;i:46;i:59;i:47;i:60;i:48;i:61;i:49;i:62;i:50;i:63;i:51;i:64;i:52;i:65;i:53;i:66;i:54;i:67;i:55;i:68;i:56;i:69;i:57;i:70;i:58;i:71;i:59;i:72;i:60;i:73;i:61;i:74;i:62;i:75;i:63;i:76;i:64;i:77;i:65;i:78;i:66;i:79;i:67;i:80;i:68;i:81;i:69;i:82;i:70;i:83;i:71;i:84;i:72;i:85;i:73;i:86;i:74;i:87;i:75;i:88;i:76;i:89;i:77;i:90;i:78;i:91;i:79;i:92;i:80;i:93;i:81;i:94;i:82;i:95;i:83;i:96;i:84;i:97;i:85;i:98;i:86;i:99;i:87;i:100;i:88;i:101;i:89;i:102;i:90;i:103;i:91;i:104;i:92;i:105;i:93;i:106;i:94;i:107;i:95;i:108;i:96;i:109;i:97;i:110;i:98;i:112;i:99;i:116;i:100;i:117;i:101;i:118;i:102;i:122;i:103;i:124;i:104;i:125;i:105;i:126;i:106;i:129;i:107;i:130;i:108;i:132;i:109;i:134;i:110;i:137;i:111;i:138;i:112;i:140;i:113;i:142;i:114;i:143;i:115;i:145;i:116;i:147;i:117;i:150;i:118;i:151;i:119;i:152;i:120;i:155;i:121;i:157;i:122;i:160;i:123;i:161;i:124;i:164;i:125;i:166;i:126;i:167;i:127;i:170;i:128;i:172;i:129;i:173;i:130;i:177;i:131;i:178;i:132;i:179;i:133;i:182;i:134;i:184;i:135;i:186;}',1,'2025-03-17 14:04:28','2025-03-17 14:14:39'),(5,5,3,38,'a:0:{}',1,'2025-03-17 14:24:58','2025-03-17 14:24:58'),(6,38,2,NULL,'a:95:{i:0;i:187;i:1;i:188;i:2;i:189;i:3;i:190;i:4;i:191;i:5;i:192;i:6;i:193;i:7;i:194;i:8;i:195;i:9;i:196;i:10;i:197;i:11;i:198;i:12;i:199;i:13;i:200;i:14;i:201;i:15;i:202;i:16;i:203;i:17;i:204;i:18;i:205;i:19;i:206;i:20;i:207;i:21;i:208;i:22;i:209;i:23;i:210;i:24;i:211;i:25;i:215;i:26;i:216;i:27;i:217;i:28;i:220;i:29;i:221;i:30;i:223;i:31;i:224;i:32;i:227;i:33;i:228;i:34;i:231;i:35;i:232;i:36;i:235;i:37;i:237;i:38;i:238;i:39;i:239;i:40;i:241;i:41;i:242;i:42;i:243;i:43;i:244;i:44;i:245;i:45;i:247;i:46;i:248;i:47;i:249;i:48;i:250;i:49;i:252;i:50;i:253;i:51;i:254;i:52;i:256;i:53;i:258;i:54;i:259;i:55;i:260;i:56;i:261;i:57;i:262;i:58;i:263;i:59;i:264;i:60;i:265;i:61;i:266;i:62;i:267;i:63;i:268;i:64;i:269;i:65;i:270;i:66;i:271;i:67;i:272;i:68;i:273;i:69;i:274;i:70;i:275;i:71;i:276;i:72;i:277;i:73;i:278;i:74;i:279;i:75;i:280;i:76;i:281;i:77;i:282;i:78;i:283;i:79;i:284;i:80;i:285;i:81;i:286;i:82;i:287;i:83;i:288;i:84;i:289;i:85;i:290;i:86;i:291;i:87;i:292;i:88;i:293;i:89;i:294;i:90;i:295;i:91;i:296;i:92;i:297;i:93;i:298;i:94;i:299;}',1,'2025-03-17 14:27:48','2025-03-17 14:30:24'),(7,39,1,NULL,'a:136:{i:0;i:1;i:1;i:2;i:2;i:3;i:3;i:4;i:4;i:5;i:5;i:6;i:6;i:7;i:7;i:8;i:8;i:11;i:9;i:12;i:10;i:13;i:11;i:14;i:12;i:15;i:13;i:16;i:14;i:17;i:15;i:18;i:16;i:19;i:17;i:20;i:18;i:21;i:19;i:22;i:20;i:23;i:21;i:24;i:22;i:25;i:23;i:26;i:24;i:27;i:25;i:28;i:26;i:29;i:27;i:30;i:28;i:31;i:29;i:32;i:30;i:33;i:31;i:34;i:32;i:35;i:33;i:36;i:34;i:37;i:35;i:38;i:36;i:39;i:37;i:40;i:38;i:41;i:39;i:43;i:40;i:44;i:41;i:46;i:42;i:50;i:43;i:51;i:44;i:54;i:45;i:57;i:46;i:59;i:47;i:60;i:48;i:61;i:49;i:62;i:50;i:63;i:51;i:64;i:52;i:65;i:53;i:66;i:54;i:67;i:55;i:68;i:56;i:69;i:57;i:70;i:58;i:71;i:59;i:72;i:60;i:73;i:61;i:74;i:62;i:75;i:63;i:76;i:64;i:77;i:65;i:78;i:66;i:79;i:67;i:80;i:68;i:81;i:69;i:82;i:70;i:83;i:71;i:84;i:72;i:85;i:73;i:86;i:74;i:87;i:75;i:88;i:76;i:89;i:77;i:90;i:78;i:91;i:79;i:92;i:80;i:93;i:81;i:94;i:82;i:95;i:83;i:96;i:84;i:97;i:85;i:98;i:86;i:99;i:87;i:100;i:88;i:101;i:89;i:102;i:90;i:103;i:91;i:104;i:92;i:105;i:93;i:106;i:94;i:107;i:95;i:108;i:96;i:109;i:97;i:110;i:98;i:111;i:99;i:112;i:100;i:113;i:101;i:115;i:102;i:121;i:103;i:122;i:104;i:124;i:105;i:125;i:106;i:130;i:107;i:132;i:108;i:133;i:109;i:134;i:110;i:136;i:111;i:138;i:112;i:141;i:113;i:142;i:114;i:144;i:115;i:145;i:116;i:147;i:117;i:149;i:118;i:151;i:119;i:154;i:120;i:156;i:121;i:157;i:122;i:160;i:123;i:162;i:124;i:163;i:125;i:164;i:126;i:167;i:127;i:168;i:128;i:171;i:129;i:172;i:130;i:177;i:131;i:178;i:132;i:179;i:133;i:180;i:134;i:184;i:135;i:185;}',1,'2025-03-17 15:07:42','2025-03-17 15:12:24'),(8,6,3,39,'a:0:{}',1,'2025-03-17 15:15:25','2025-03-17 15:15:25');
/*!40000 ALTER TABLE `user_questionnaires` ENABLE KEYS */;
UNLOCK TABLES;

--
-- Table structure for table `user_responses`
--

DROP TABLE IF EXISTS `user_responses`;
/*!40101 SET @saved_cs_client     = @@character_set_client */;
/*!50503 SET character_set_client = utf8mb4 */;
CREATE TABLE `user_responses` (
  `id` bigint unsigned NOT NULL AUTO_INCREMENT,
  `user_id` bigint unsigned NOT NULL,
  `for_user_id` bigint unsigned DEFAULT NULL,
  `question_id` bigint unsigned NOT NULL,
  `subscale_id` bigint unsigned DEFAULT NULL,
  `question_response_id` bigint unsigned DEFAULT NULL,
  `score` smallint unsigned DEFAULT NULL,
  `text` text COLLATE utf8mb4_unicode_ci,
  `created_at` timestamp NULL DEFAULT NULL,
  `updated_at` timestamp NULL DEFAULT NULL,
  PRIMARY KEY (`id`),
  KEY `user_responses_user_id_foreign` (`user_id`),
  KEY `user_responses_for_user_id_foreign` (`for_user_id`),
  KEY `user_responses_question_id_foreign` (`question_id`),
  KEY `user_responses_subscale_id_foreign` (`subscale_id`),
  KEY `user_responses_question_response_id_foreign` (`question_response_id`),
  CONSTRAINT `user_responses_for_user_id_foreign` FOREIGN KEY (`for_user_id`) REFERENCES `users` (`id`) ON DELETE CASCADE,
  CONSTRAINT `user_responses_question_id_foreign` FOREIGN KEY (`question_id`) REFERENCES `questions` (`id`) ON DELETE CASCADE,
  CONSTRAINT `user_responses_question_response_id_foreign` FOREIGN KEY (`question_response_id`) REFERENCES `question_response` (`id`) ON DELETE CASCADE,
  CONSTRAINT `user_responses_subscale_id_foreign` FOREIGN KEY (`subscale_id`) REFERENCES `subscales` (`id`) ON DELETE CASCADE,
  CONSTRAINT `user_responses_user_id_foreign` FOREIGN KEY (`user_id`) REFERENCES `users` (`id`) ON DELETE CASCADE
) ENGINE=InnoDB AUTO_INCREMENT=530 DEFAULT CHARSET=utf8mb4 COLLATE=utf8mb4_unicode_ci;
/*!40101 SET character_set_client = @saved_cs_client */;

--
-- Dumping data for table `user_responses`
--

LOCK TABLES `user_responses` WRITE;
/*!40000 ALTER TABLE `user_responses` DISABLE KEYS */;
INSERT INTO `user_responses` VALUES (1,37,NULL,1,NULL,1,NULL,NULL,'2025-03-17 10:15:38','2025-03-17 10:15:38'),(2,37,NULL,2,NULL,4,NULL,NULL,'2025-03-17 10:15:38','2025-03-17 10:15:38'),(3,37,NULL,3,NULL,9,NULL,NULL,'2025-03-17 10:15:38','2025-03-17 10:15:38'),(4,37,NULL,4,NULL,18,NULL,NULL,'2025-03-17 10:15:38','2025-03-17 10:15:38'),(5,37,NULL,5,1,31,NULL,NULL,'2025-03-17 10:15:38','2025-03-17 10:15:38'),(6,37,NULL,6,NULL,46,NULL,NULL,'2025-03-17 10:15:38','2025-03-17 10:15:38'),(7,37,NULL,7,2,50,NULL,NULL,'2025-03-17 10:15:38','2025-03-17 10:15:38'),(8,37,NULL,8,2,55,NULL,NULL,'2025-03-17 10:15:38','2025-03-17 10:15:38'),(9,37,NULL,12,NULL,254,NULL,NULL,'2025-03-17 10:15:38','2025-03-17 10:15:38'),(10,37,NULL,14,NULL,275,NULL,NULL,'2025-03-17 10:16:04','2025-03-17 10:16:04'),(11,37,NULL,15,NULL,277,NULL,NULL,'2025-03-17 10:16:04','2025-03-17 10:16:04'),(12,37,NULL,16,NULL,279,NULL,NULL,'2025-03-17 10:16:04','2025-03-17 10:16:04'),(13,37,NULL,17,4,280,0,NULL,'2025-03-17 10:16:04','2025-03-17 10:16:04'),(14,37,NULL,18,4,283,0,NULL,'2025-03-17 10:16:04','2025-03-17 10:16:04'),(15,37,NULL,19,4,286,0,NULL,'2025-03-17 10:16:04','2025-03-17 10:16:04'),(16,37,NULL,20,4,289,0,NULL,'2025-03-17 10:16:05','2025-03-17 10:16:05'),(17,37,NULL,21,4,292,0,NULL,'2025-03-17 10:16:05','2025-03-17 10:16:05'),(18,37,NULL,22,5,295,0,NULL,'2025-03-17 10:16:05','2025-03-17 10:16:05'),(19,37,NULL,23,5,298,0,NULL,'2025-03-17 10:16:30','2025-03-17 10:16:30'),(20,37,NULL,24,5,301,0,NULL,'2025-03-17 10:16:30','2025-03-17 10:16:30'),(21,37,NULL,25,5,304,0,NULL,'2025-03-17 10:16:30','2025-03-17 10:16:30'),(22,37,NULL,26,5,307,0,NULL,'2025-03-17 10:16:30','2025-03-17 10:16:30'),(23,37,NULL,27,5,310,0,NULL,'2025-03-17 10:16:30','2025-03-17 10:16:30'),(24,37,NULL,28,6,314,1,NULL,'2025-03-17 10:16:30','2025-03-17 10:16:30'),(25,37,NULL,29,6,316,0,NULL,'2025-03-17 10:16:30','2025-03-17 10:16:30'),(26,37,NULL,30,6,320,1,NULL,'2025-03-17 10:16:30','2025-03-17 10:16:30'),(27,37,NULL,31,6,323,1,NULL,'2025-03-17 10:16:30','2025-03-17 10:16:30'),(28,37,NULL,32,6,326,1,NULL,'2025-03-17 10:16:30','2025-03-17 10:16:30'),(29,37,NULL,33,6,329,1,NULL,'2025-03-17 10:18:16','2025-03-17 10:18:16'),(30,37,NULL,34,NULL,331,NULL,NULL,'2025-03-17 10:18:16','2025-03-17 10:18:16'),(31,37,NULL,35,NULL,334,NULL,NULL,'2025-03-17 10:18:16','2025-03-17 10:18:16'),(32,37,NULL,38,NULL,345,1,NULL,'2025-03-17 10:18:16','2025-03-17 10:18:16'),(33,37,NULL,39,NULL,351,2,NULL,'2025-03-17 10:18:16','2025-03-17 10:18:16'),(34,37,NULL,41,8,360,1,NULL,'2025-03-17 10:18:16','2025-03-17 10:18:16'),(35,37,NULL,45,8,381,2,NULL,'2025-03-17 10:18:16','2025-03-17 10:18:16'),(36,37,NULL,46,8,385,1,NULL,'2025-03-17 10:18:17','2025-03-17 10:18:17'),(37,37,NULL,47,8,390,1,NULL,'2025-03-17 10:18:43','2025-03-17 10:18:43'),(38,37,NULL,49,8,402,3,NULL,'2025-03-17 10:18:43','2025-03-17 10:18:43'),(39,37,NULL,51,9,410,1,NULL,'2025-03-17 10:18:43','2025-03-17 10:18:43'),(40,37,NULL,52,9,416,2,NULL,'2025-03-17 10:18:43','2025-03-17 10:18:43'),(41,37,NULL,53,9,421,2,NULL,'2025-03-17 10:18:43','2025-03-17 10:18:43'),(42,37,NULL,54,9,426,2,NULL,'2025-03-17 10:18:43','2025-03-17 10:18:43'),(43,37,NULL,55,9,432,3,NULL,'2025-03-17 10:18:43','2025-03-17 10:18:43'),(44,37,NULL,60,10,457,4,NULL,'2025-03-17 10:18:43','2025-03-17 10:18:43'),(45,37,NULL,61,10,461,7,NULL,'2025-03-17 10:18:43','2025-03-17 10:18:43'),(46,37,NULL,62,10,472,3,NULL,'2025-03-17 10:18:43','2025-03-17 10:18:43'),(47,37,NULL,63,10,477,5,NULL,'2025-03-17 10:19:01','2025-03-17 10:19:01'),(48,37,NULL,64,10,485,4,NULL,'2025-03-17 10:19:01','2025-03-17 10:19:01'),(49,37,NULL,65,10,490,6,NULL,'2025-03-17 10:19:01','2025-03-17 10:19:01'),(50,37,NULL,66,10,500,3,NULL,'2025-03-17 10:19:01','2025-03-17 10:19:01'),(51,37,NULL,67,10,505,5,NULL,'2025-03-17 10:19:01','2025-03-17 10:19:01'),(52,37,NULL,68,10,514,3,NULL,'2025-03-17 10:19:01','2025-03-17 10:19:01'),(53,37,NULL,69,10,520,4,NULL,'2025-03-17 10:19:01','2025-03-17 10:19:01'),(54,37,NULL,70,11,527,4,NULL,'2025-03-17 10:19:01','2025-03-17 10:19:01'),(55,37,NULL,71,11,533,5,NULL,'2025-03-17 10:19:01','2025-03-17 10:19:01'),(56,37,NULL,72,11,541,4,NULL,'2025-03-17 10:19:01','2025-03-17 10:19:01'),(57,37,NULL,73,11,548,4,NULL,'2025-03-17 10:19:17','2025-03-17 10:19:17'),(58,37,NULL,74,11,553,6,NULL,'2025-03-17 10:19:17','2025-03-17 10:19:17'),(59,37,NULL,75,11,562,4,NULL,'2025-03-17 10:19:17','2025-03-17 10:19:17'),(60,37,NULL,76,11,568,5,NULL,'2025-03-17 10:19:17','2025-03-17 10:19:17'),(61,37,NULL,77,11,576,4,NULL,'2025-03-17 10:19:17','2025-03-17 10:19:17'),(62,37,NULL,78,11,584,3,NULL,'2025-03-17 10:19:17','2025-03-17 10:19:17'),(63,37,NULL,79,11,590,4,NULL,'2025-03-17 10:19:17','2025-03-17 10:19:17'),(64,37,NULL,80,12,596,5,NULL,'2025-03-17 10:19:17','2025-03-17 10:19:17'),(65,37,NULL,81,12,604,4,NULL,'2025-03-17 10:19:18','2025-03-17 10:19:18'),(66,37,NULL,82,12,612,3,NULL,'2025-03-17 10:19:18','2025-03-17 10:19:18'),(67,37,NULL,83,12,618,4,NULL,'2025-03-17 10:19:37','2025-03-17 10:19:37'),(68,37,NULL,84,12,624,5,NULL,'2025-03-17 10:19:37','2025-03-17 10:19:37'),(69,37,NULL,85,12,633,3,NULL,'2025-03-17 10:19:37','2025-03-17 10:19:37'),(70,37,NULL,86,12,638,5,NULL,'2025-03-17 10:19:37','2025-03-17 10:19:37'),(71,37,NULL,87,12,646,4,NULL,'2025-03-17 10:19:37','2025-03-17 10:19:37'),(72,37,NULL,88,12,652,5,NULL,'2025-03-17 10:19:37','2025-03-17 10:19:37'),(73,37,NULL,89,12,660,4,NULL,'2025-03-17 10:19:37','2025-03-17 10:19:37'),(74,37,NULL,90,13,667,3,NULL,'2025-03-17 10:19:37','2025-03-17 10:19:37'),(75,37,NULL,91,13,671,2,NULL,'2025-03-17 10:19:38','2025-03-17 10:19:38'),(76,37,NULL,92,14,677,3,NULL,'2025-03-17 10:19:38','2025-03-17 10:19:38'),(77,37,NULL,93,14,681,2,NULL,'2025-03-17 10:19:54','2025-03-17 10:19:54'),(78,37,NULL,94,15,685,1,NULL,'2025-03-17 10:19:54','2025-03-17 10:19:54'),(79,37,NULL,95,15,692,3,NULL,'2025-03-17 10:19:54','2025-03-17 10:19:54'),(80,37,NULL,96,16,696,2,NULL,'2025-03-17 10:19:54','2025-03-17 10:19:54'),(81,37,NULL,97,16,702,3,NULL,'2025-03-17 10:19:54','2025-03-17 10:19:54'),(82,37,NULL,98,17,705,1,NULL,'2025-03-17 10:19:54','2025-03-17 10:19:54'),(83,37,NULL,99,17,712,3,NULL,'2025-03-17 10:19:54','2025-03-17 10:19:54'),(84,37,NULL,100,18,715,1,NULL,'2025-03-17 10:19:54','2025-03-17 10:19:54'),(85,37,NULL,101,18,722,3,NULL,'2025-03-17 10:19:54','2025-03-17 10:19:54'),(86,37,NULL,102,19,726,2,NULL,'2025-03-17 10:19:54','2025-03-17 10:19:54'),(87,37,NULL,103,19,731,2,NULL,'2025-03-17 10:20:13','2025-03-17 10:20:13'),(88,37,NULL,104,20,735,1,NULL,'2025-03-17 10:20:13','2025-03-17 10:20:13'),(89,37,NULL,105,20,742,3,NULL,'2025-03-17 10:20:13','2025-03-17 10:20:13'),(90,37,NULL,106,21,745,1,NULL,'2025-03-17 10:20:13','2025-03-17 10:20:13'),(91,37,NULL,107,21,752,3,NULL,'2025-03-17 10:20:13','2025-03-17 10:20:13'),(92,37,NULL,108,NULL,755,NULL,NULL,'2025-03-17 10:20:13','2025-03-17 10:20:13'),(93,37,NULL,109,NULL,761,NULL,NULL,'2025-03-17 10:20:13','2025-03-17 10:20:13'),(94,37,NULL,110,NULL,764,NULL,NULL,'2025-03-17 10:20:13','2025-03-17 10:20:13'),(95,37,NULL,113,22,780,3,NULL,'2025-03-17 10:20:13','2025-03-17 10:20:13'),(96,37,NULL,115,22,788,1,NULL,'2025-03-17 10:20:13','2025-03-17 10:20:13'),(97,37,NULL,117,22,800,3,NULL,'2025-03-17 10:20:28','2025-03-17 10:20:28'),(98,37,NULL,118,22,804,2,NULL,'2025-03-17 10:20:28','2025-03-17 10:20:28'),(99,37,NULL,120,23,815,3,NULL,'2025-03-17 10:20:28','2025-03-17 10:20:28'),(100,37,NULL,122,23,823,1,NULL,'2025-03-17 10:20:28','2025-03-17 10:20:28'),(101,37,NULL,125,23,840,3,NULL,'2025-03-17 10:20:28','2025-03-17 10:20:28'),(102,37,NULL,126,23,844,2,NULL,'2025-03-17 10:20:28','2025-03-17 10:20:28'),(103,37,NULL,127,24,848,1,NULL,'2025-03-17 10:20:28','2025-03-17 10:20:28'),(104,37,NULL,130,24,864,2,NULL,'2025-03-17 10:20:28','2025-03-17 10:20:28'),(105,37,NULL,131,24,870,3,NULL,'2025-03-17 10:20:28','2025-03-17 10:20:28'),(106,37,NULL,134,24,883,1,NULL,'2025-03-17 10:20:28','2025-03-17 10:20:28'),(107,37,NULL,136,25,897,4,NULL,'2025-03-17 10:20:46','2025-03-17 10:20:46'),(108,37,NULL,138,25,910,5,NULL,'2025-03-17 10:20:46','2025-03-17 10:20:46'),(109,37,NULL,139,26,919,3,NULL,'2025-03-17 10:20:46','2025-03-17 10:20:46'),(110,37,NULL,140,26,924,5,NULL,'2025-03-17 10:20:46','2025-03-17 10:20:46'),(111,37,NULL,145,27,961,3,NULL,'2025-03-17 10:20:46','2025-03-17 10:20:46'),(112,37,NULL,146,27,966,5,NULL,'2025-03-17 10:20:46','2025-03-17 10:20:46'),(113,37,NULL,147,28,975,3,NULL,'2025-03-17 10:20:46','2025-03-17 10:20:46'),(114,37,NULL,148,28,980,5,NULL,'2025-03-17 10:20:46','2025-03-17 10:20:46'),(115,37,NULL,152,29,1010,3,NULL,'2025-03-17 10:20:46','2025-03-17 10:20:46'),(116,37,NULL,153,29,1016,4,NULL,'2025-03-17 10:20:46','2025-03-17 10:20:46'),(117,37,NULL,156,30,1036,5,NULL,'2025-03-17 10:21:03','2025-03-17 10:21:03'),(118,37,NULL,157,30,1045,3,NULL,'2025-03-17 10:21:03','2025-03-17 10:21:03'),(119,37,NULL,161,31,1067,2,NULL,'2025-03-17 10:21:03','2025-03-17 10:21:03'),(120,37,NULL,162,31,1071,1,NULL,'2025-03-17 10:21:03','2025-03-17 10:21:03'),(121,37,NULL,164,32,1082,2,NULL,'2025-03-17 10:21:03','2025-03-17 10:21:03'),(122,37,NULL,165,32,1086,1,NULL,'2025-03-17 10:21:03','2025-03-17 10:21:03'),(123,37,NULL,168,33,1101,1,NULL,'2025-03-17 10:21:03','2025-03-17 10:21:03'),(124,37,NULL,170,33,1113,3,NULL,'2025-03-17 10:21:03','2025-03-17 10:21:03'),(125,37,NULL,171,34,1116,1,NULL,'2025-03-17 10:21:03','2025-03-17 10:21:03'),(126,37,NULL,173,34,1128,3,NULL,'2025-03-17 10:21:03','2025-03-17 10:21:03'),(127,37,NULL,175,35,1136,1,NULL,'2025-03-17 10:21:11','2025-03-17 10:21:11'),(128,37,NULL,177,35,1147,2,NULL,'2025-03-17 10:21:11','2025-03-17 10:21:11'),(129,37,NULL,180,36,1161,1,NULL,'2025-03-17 10:21:11','2025-03-17 10:21:11'),(130,37,NULL,181,36,1168,3,NULL,'2025-03-17 10:21:11','2025-03-17 10:21:11'),(131,37,NULL,183,37,1177,2,NULL,'2025-03-17 10:21:11','2025-03-17 10:21:11'),(132,37,NULL,184,37,1183,3,NULL,'2025-03-17 10:21:11','2025-03-17 10:21:11'),(133,4,37,300,61,1760,NULL,NULL,'2025-03-17 10:22:59','2025-03-17 10:22:59'),(134,4,37,301,NULL,NULL,NULL,'7 Units','2025-03-17 10:22:59','2025-03-17 10:22:59'),(135,4,37,302,62,1762,NULL,NULL,'2025-03-17 10:23:07','2025-03-17 10:23:07'),(136,4,37,303,62,1765,NULL,NULL,'2025-03-17 10:23:07','2025-03-17 10:23:07'),(137,4,37,304,NULL,NULL,NULL,'Allergies','2025-03-17 10:23:33','2025-03-17 10:23:33'),(138,4,37,305,NULL,NULL,NULL,'Piriteze','2025-03-17 10:23:33','2025-03-17 10:23:33'),(139,4,37,306,62,1767,NULL,NULL,'2025-03-17 10:23:38','2025-03-17 10:23:38'),(140,4,37,307,62,1769,NULL,NULL,'2025-03-17 10:23:38','2025-03-17 10:23:38'),(141,4,37,308,63,1771,NULL,NULL,'2025-03-17 10:23:50','2025-03-17 10:23:50'),(142,4,37,309,64,1772,NULL,NULL,'2025-03-17 10:23:50','2025-03-17 10:23:50'),(143,4,37,310,65,1774,NULL,NULL,'2025-03-17 10:23:56','2025-03-17 10:23:56'),(144,4,37,311,66,1776,NULL,NULL,'2025-03-17 10:23:56','2025-03-17 10:23:56'),(145,38,NULL,1,NULL,1,NULL,NULL,'2025-03-17 14:05:28','2025-03-17 14:05:28'),(146,38,NULL,2,NULL,5,NULL,NULL,'2025-03-17 14:05:29','2025-03-17 14:05:29'),(147,38,NULL,3,NULL,11,NULL,NULL,'2025-03-17 14:05:29','2025-03-17 14:05:29'),(148,38,NULL,3,NULL,12,NULL,NULL,'2025-03-17 14:05:29','2025-03-17 14:05:29'),(149,38,NULL,4,NULL,19,NULL,NULL,'2025-03-17 14:05:29','2025-03-17 14:05:29'),(150,38,NULL,5,1,38,NULL,NULL,'2025-03-17 14:05:29','2025-03-17 14:05:29'),(151,38,NULL,6,NULL,47,NULL,NULL,'2025-03-17 14:05:29','2025-03-17 14:05:29'),(152,38,NULL,7,2,52,NULL,NULL,'2025-03-17 14:05:29','2025-03-17 14:05:29'),(153,38,NULL,8,2,55,NULL,NULL,'2025-03-17 14:05:29','2025-03-17 14:05:29'),(154,38,NULL,11,3,196,NULL,NULL,'2025-03-17 14:05:29','2025-03-17 14:05:29'),(155,38,NULL,12,NULL,253,NULL,NULL,'2025-03-17 14:05:29','2025-03-17 14:05:29'),(156,38,NULL,13,NULL,255,NULL,NULL,'2025-03-17 14:09:20','2025-03-17 14:09:20'),(157,38,NULL,14,NULL,275,NULL,NULL,'2025-03-17 14:09:20','2025-03-17 14:09:20'),(158,38,NULL,15,NULL,277,NULL,NULL,'2025-03-17 14:09:20','2025-03-17 14:09:20'),(159,38,NULL,16,NULL,279,NULL,NULL,'2025-03-17 14:09:20','2025-03-17 14:09:20'),(160,38,NULL,17,4,280,0,NULL,'2025-03-17 14:09:20','2025-03-17 14:09:20'),(161,38,NULL,18,4,283,0,NULL,'2025-03-17 14:09:20','2025-03-17 14:09:20'),(162,38,NULL,19,4,286,0,NULL,'2025-03-17 14:09:20','2025-03-17 14:09:20'),(163,38,NULL,20,4,289,0,NULL,'2025-03-17 14:09:20','2025-03-17 14:09:20'),(164,38,NULL,21,4,292,0,NULL,'2025-03-17 14:09:20','2025-03-17 14:09:20'),(165,38,NULL,22,5,295,0,NULL,'2025-03-17 14:09:20','2025-03-17 14:09:20'),(166,38,NULL,23,5,298,0,NULL,'2025-03-17 14:09:43','2025-03-17 14:09:43'),(167,38,NULL,24,5,301,0,NULL,'2025-03-17 14:09:43','2025-03-17 14:09:43'),(168,38,NULL,25,5,304,0,NULL,'2025-03-17 14:09:43','2025-03-17 14:09:43'),(169,38,NULL,26,5,307,0,NULL,'2025-03-17 14:09:43','2025-03-17 14:09:43'),(170,38,NULL,27,5,310,0,NULL,'2025-03-17 14:09:43','2025-03-17 14:09:43'),(171,38,NULL,28,6,314,1,NULL,'2025-03-17 14:09:43','2025-03-17 14:09:43'),(172,38,NULL,29,6,316,0,NULL,'2025-03-17 14:09:43','2025-03-17 14:09:43'),(173,38,NULL,30,6,319,0,NULL,'2025-03-17 14:09:43','2025-03-17 14:09:43'),(174,38,NULL,31,6,322,0,NULL,'2025-03-17 14:09:43','2025-03-17 14:09:43'),(175,38,NULL,32,6,325,0,NULL,'2025-03-17 14:09:43','2025-03-17 14:09:43'),(176,38,NULL,33,6,329,1,NULL,'2025-03-17 14:10:24','2025-03-17 14:10:24'),(177,38,NULL,34,NULL,332,NULL,NULL,'2025-03-17 14:10:24','2025-03-17 14:10:24'),(178,38,NULL,35,NULL,334,NULL,NULL,'2025-03-17 14:10:24','2025-03-17 14:10:24'),(179,38,NULL,38,NULL,345,1,NULL,'2025-03-17 14:10:24','2025-03-17 14:10:24'),(180,38,NULL,39,NULL,351,2,NULL,'2025-03-17 14:10:24','2025-03-17 14:10:24'),(181,38,NULL,40,8,355,1,NULL,'2025-03-17 14:10:24','2025-03-17 14:10:24'),(182,38,NULL,43,8,370,1,NULL,'2025-03-17 14:10:24','2025-03-17 14:10:24'),(183,38,NULL,44,8,375,1,NULL,'2025-03-17 14:10:24','2025-03-17 14:10:24'),(184,38,NULL,45,8,383,4,NULL,'2025-03-17 14:12:08','2025-03-17 14:12:08'),(185,38,NULL,46,8,388,4,NULL,'2025-03-17 14:12:08','2025-03-17 14:12:08'),(186,38,NULL,53,9,423,4,NULL,'2025-03-17 14:12:08','2025-03-17 14:12:08'),(187,38,NULL,55,9,433,4,NULL,'2025-03-17 14:12:08','2025-03-17 14:12:08'),(188,38,NULL,56,9,438,4,NULL,'2025-03-17 14:12:08','2025-03-17 14:12:08'),(189,38,NULL,58,9,444,0,NULL,'2025-03-17 14:12:08','2025-03-17 14:12:08'),(190,38,NULL,59,9,451,2,NULL,'2025-03-17 14:12:08','2025-03-17 14:12:08'),(191,38,NULL,60,10,456,5,NULL,'2025-03-17 14:12:08','2025-03-17 14:12:08'),(192,38,NULL,61,10,462,6,NULL,'2025-03-17 14:12:08','2025-03-17 14:12:08'),(193,38,NULL,62,10,470,5,NULL,'2025-03-17 14:12:08','2025-03-17 14:12:08'),(194,38,NULL,63,10,476,6,NULL,'2025-03-17 14:12:30','2025-03-17 14:12:30'),(195,38,NULL,64,10,483,6,NULL,'2025-03-17 14:12:30','2025-03-17 14:12:30'),(196,38,NULL,65,10,492,4,NULL,'2025-03-17 14:12:30','2025-03-17 14:12:30'),(197,38,NULL,66,10,498,5,NULL,'2025-03-17 14:12:30','2025-03-17 14:12:30'),(198,38,NULL,67,10,507,3,NULL,'2025-03-17 14:12:30','2025-03-17 14:12:30'),(199,38,NULL,68,10,513,4,NULL,'2025-03-17 14:12:30','2025-03-17 14:12:30'),(200,38,NULL,69,10,518,6,NULL,'2025-03-17 14:12:30','2025-03-17 14:12:30'),(201,38,NULL,70,11,527,4,NULL,'2025-03-17 14:12:30','2025-03-17 14:12:30'),(202,38,NULL,71,11,533,5,NULL,'2025-03-17 14:12:30','2025-03-17 14:12:30'),(203,38,NULL,72,11,542,3,NULL,'2025-03-17 14:12:30','2025-03-17 14:12:30'),(204,38,NULL,73,11,547,5,NULL,'2025-03-17 14:12:53','2025-03-17 14:12:53'),(205,38,NULL,74,11,553,6,NULL,'2025-03-17 14:12:53','2025-03-17 14:12:53'),(206,38,NULL,75,11,564,2,NULL,'2025-03-17 14:12:53','2025-03-17 14:12:53'),(207,38,NULL,76,11,569,4,NULL,'2025-03-17 14:12:53','2025-03-17 14:12:53'),(208,38,NULL,77,11,574,6,NULL,'2025-03-17 14:12:54','2025-03-17 14:12:54'),(209,38,NULL,78,11,584,3,NULL,'2025-03-17 14:12:54','2025-03-17 14:12:54'),(210,38,NULL,79,11,590,4,NULL,'2025-03-17 14:12:54','2025-03-17 14:12:54'),(211,38,NULL,80,12,598,3,NULL,'2025-03-17 14:12:54','2025-03-17 14:12:54'),(212,38,NULL,81,12,604,4,NULL,'2025-03-17 14:12:54','2025-03-17 14:12:54'),(213,38,NULL,82,12,612,3,NULL,'2025-03-17 14:12:54','2025-03-17 14:12:54'),(214,38,NULL,83,12,617,5,NULL,'2025-03-17 14:13:11','2025-03-17 14:13:11'),(215,38,NULL,84,12,626,3,NULL,'2025-03-17 14:13:11','2025-03-17 14:13:11'),(216,38,NULL,85,12,630,6,NULL,'2025-03-17 14:13:11','2025-03-17 14:13:11'),(217,38,NULL,86,12,641,2,NULL,'2025-03-17 14:13:11','2025-03-17 14:13:11'),(218,38,NULL,87,12,645,5,NULL,'2025-03-17 14:13:11','2025-03-17 14:13:11'),(219,38,NULL,88,12,650,7,NULL,'2025-03-17 14:13:11','2025-03-17 14:13:11'),(220,38,NULL,89,12,659,5,NULL,'2025-03-17 14:13:11','2025-03-17 14:13:11'),(221,38,NULL,90,13,666,2,NULL,'2025-03-17 14:13:11','2025-03-17 14:13:11'),(222,38,NULL,91,13,672,3,NULL,'2025-03-17 14:13:11','2025-03-17 14:13:11'),(223,38,NULL,92,14,675,1,NULL,'2025-03-17 14:13:11','2025-03-17 14:13:11'),(224,38,NULL,93,14,682,3,NULL,'2025-03-17 14:13:27','2025-03-17 14:13:27'),(225,38,NULL,94,15,685,1,NULL,'2025-03-17 14:13:27','2025-03-17 14:13:27'),(226,38,NULL,95,15,692,3,NULL,'2025-03-17 14:13:27','2025-03-17 14:13:27'),(227,38,NULL,96,16,695,1,NULL,'2025-03-17 14:13:27','2025-03-17 14:13:27'),(228,38,NULL,97,16,703,4,NULL,'2025-03-17 14:13:27','2025-03-17 14:13:27'),(229,38,NULL,98,17,705,1,NULL,'2025-03-17 14:13:27','2025-03-17 14:13:27'),(230,38,NULL,99,17,711,2,NULL,'2025-03-17 14:13:27','2025-03-17 14:13:27'),(231,38,NULL,100,18,715,1,NULL,'2025-03-17 14:13:27','2025-03-17 14:13:27'),(232,38,NULL,101,18,722,3,NULL,'2025-03-17 14:13:27','2025-03-17 14:13:27'),(233,38,NULL,102,19,725,1,NULL,'2025-03-17 14:13:27','2025-03-17 14:13:27'),(234,38,NULL,103,19,731,2,NULL,'2025-03-17 14:13:47','2025-03-17 14:13:47'),(235,38,NULL,104,20,735,1,NULL,'2025-03-17 14:13:47','2025-03-17 14:13:47'),(236,38,NULL,105,20,742,3,NULL,'2025-03-17 14:13:47','2025-03-17 14:13:47'),(237,38,NULL,106,21,745,1,NULL,'2025-03-17 14:13:47','2025-03-17 14:13:47'),(238,38,NULL,107,21,752,3,NULL,'2025-03-17 14:13:48','2025-03-17 14:13:48'),(239,38,NULL,108,NULL,755,NULL,NULL,'2025-03-17 14:13:48','2025-03-17 14:13:48'),(240,38,NULL,109,NULL,761,NULL,NULL,'2025-03-17 14:13:48','2025-03-17 14:13:48'),(241,38,NULL,110,NULL,764,NULL,NULL,'2025-03-17 14:13:48','2025-03-17 14:13:48'),(242,38,NULL,112,22,774,2,NULL,'2025-03-17 14:13:48','2025-03-17 14:13:48'),(243,38,NULL,116,22,795,3,NULL,'2025-03-17 14:13:48','2025-03-17 14:13:48'),(244,38,NULL,117,22,799,2,NULL,'2025-03-17 14:14:01','2025-03-17 14:14:01'),(245,38,NULL,118,22,803,1,NULL,'2025-03-17 14:14:01','2025-03-17 14:14:01'),(246,38,NULL,122,23,825,3,NULL,'2025-03-17 14:14:01','2025-03-17 14:14:01'),(247,38,NULL,124,23,833,1,NULL,'2025-03-17 14:14:02','2025-03-17 14:14:02'),(248,38,NULL,125,23,840,3,NULL,'2025-03-17 14:14:02','2025-03-17 14:14:02'),(249,38,NULL,126,23,844,2,NULL,'2025-03-17 14:14:02','2025-03-17 14:14:02'),(250,38,NULL,129,24,860,3,NULL,'2025-03-17 14:14:02','2025-03-17 14:14:02'),(251,38,NULL,130,24,863,1,NULL,'2025-03-17 14:14:02','2025-03-17 14:14:02'),(252,38,NULL,132,24,875,3,NULL,'2025-03-17 14:14:02','2025-03-17 14:14:02'),(253,38,NULL,134,24,883,1,NULL,'2025-03-17 14:14:02','2025-03-17 14:14:02'),(254,38,NULL,137,25,906,2,NULL,'2025-03-17 14:14:18','2025-03-17 14:14:18'),(255,38,NULL,138,25,910,5,NULL,'2025-03-17 14:14:18','2025-03-17 14:14:18'),(256,38,NULL,140,26,926,3,NULL,'2025-03-17 14:14:18','2025-03-17 14:14:18'),(257,38,NULL,142,26,938,5,NULL,'2025-03-17 14:14:18','2025-03-17 14:14:18'),(258,38,NULL,143,27,947,3,NULL,'2025-03-17 14:14:18','2025-03-17 14:14:18'),(259,38,NULL,145,27,959,5,NULL,'2025-03-17 14:14:18','2025-03-17 14:14:18'),(260,38,NULL,147,28,972,6,NULL,'2025-03-17 14:14:18','2025-03-17 14:14:18'),(261,38,NULL,150,28,994,5,NULL,'2025-03-17 14:14:18','2025-03-17 14:14:18'),(262,38,NULL,151,29,1002,4,NULL,'2025-03-17 14:14:18','2025-03-17 14:14:18'),(263,38,NULL,152,29,1008,5,NULL,'2025-03-17 14:14:18','2025-03-17 14:14:18'),(264,38,NULL,155,30,1031,3,NULL,'2025-03-17 14:14:31','2025-03-17 14:14:31'),(265,38,NULL,157,30,1042,6,NULL,'2025-03-17 14:14:31','2025-03-17 14:14:31'),(266,38,NULL,160,31,1063,3,NULL,'2025-03-17 14:14:31','2025-03-17 14:14:31'),(267,38,NULL,161,31,1066,1,NULL,'2025-03-17 14:14:31','2025-03-17 14:14:31'),(268,38,NULL,164,32,1083,3,NULL,'2025-03-17 14:14:31','2025-03-17 14:14:31'),(269,38,NULL,166,32,1091,1,NULL,'2025-03-17 14:14:31','2025-03-17 14:14:31'),(270,38,NULL,167,33,1098,3,NULL,'2025-03-17 14:14:31','2025-03-17 14:14:31'),(271,38,NULL,170,33,1111,1,NULL,'2025-03-17 14:14:31','2025-03-17 14:14:31'),(272,38,NULL,172,34,1122,2,NULL,'2025-03-17 14:14:31','2025-03-17 14:14:31'),(273,38,NULL,173,34,1128,3,NULL,'2025-03-17 14:14:31','2025-03-17 14:14:31'),(274,38,NULL,177,35,1146,1,NULL,'2025-03-17 14:14:39','2025-03-17 14:14:39'),(275,38,NULL,178,35,1151,1,NULL,'2025-03-17 14:14:39','2025-03-17 14:14:39'),(276,38,NULL,179,36,1158,3,NULL,'2025-03-17 14:14:39','2025-03-17 14:14:39'),(277,38,NULL,182,36,1174,4,NULL,'2025-03-17 14:14:39','2025-03-17 14:14:39'),(278,38,NULL,184,37,1183,3,NULL,'2025-03-17 14:14:39','2025-03-17 14:14:39'),(279,38,NULL,186,37,1191,1,NULL,'2025-03-17 14:14:39','2025-03-17 14:14:39'),(280,5,38,300,61,1761,NULL,NULL,'2025-03-17 14:24:23','2025-03-17 14:24:23'),(281,5,38,302,62,1762,NULL,NULL,'2025-03-17 14:24:27','2025-03-17 14:24:27'),(282,5,38,303,62,1765,NULL,NULL,'2025-03-17 14:24:37','2025-03-17 14:24:37'),(283,5,38,304,NULL,NULL,NULL,'Allergies','2025-03-17 14:24:37','2025-03-17 14:24:37'),(284,5,38,306,62,1767,NULL,NULL,'2025-03-17 14:24:47','2025-03-17 14:24:47'),(285,5,38,305,NULL,NULL,NULL,'Piriton','2025-03-17 14:24:47','2025-03-17 14:24:47'),(286,5,38,307,62,1768,NULL,NULL,'2025-03-17 14:24:51','2025-03-17 14:24:51'),(287,5,38,308,63,1771,NULL,NULL,'2025-03-17 14:24:51','2025-03-17 14:24:51'),(288,5,38,309,64,1773,NULL,NULL,'2025-03-17 14:24:54','2025-03-17 14:24:54'),(289,5,38,310,65,1775,NULL,NULL,'2025-03-17 14:24:54','2025-03-17 14:24:54'),(290,5,38,311,66,1776,NULL,NULL,'2025-03-17 14:24:58','2025-03-17 14:24:58'),(291,38,NULL,187,38,1195,1,NULL,'2025-03-17 14:28:09','2025-03-17 14:28:09'),(292,38,NULL,188,38,1202,3,NULL,'2025-03-17 14:28:09','2025-03-17 14:28:09'),(293,38,NULL,189,38,1206,2,NULL,'2025-03-17 14:28:09','2025-03-17 14:28:09'),(294,38,NULL,190,38,1212,3,NULL,'2025-03-17 14:28:09','2025-03-17 14:28:09'),(295,38,NULL,191,38,1216,2,NULL,'2025-03-17 14:28:09','2025-03-17 14:28:09'),(296,38,NULL,192,39,1222,3,NULL,'2025-03-17 14:28:09','2025-03-17 14:28:09'),(297,38,NULL,193,39,1226,2,NULL,'2025-03-17 14:28:09','2025-03-17 14:28:09'),(298,38,NULL,194,39,1233,4,NULL,'2025-03-17 14:28:09','2025-03-17 14:28:09'),(299,38,NULL,195,39,1237,3,NULL,'2025-03-17 14:28:10','2025-03-17 14:28:10'),(300,38,NULL,196,39,1242,3,NULL,'2025-03-17 14:28:10','2025-03-17 14:28:10'),(301,38,NULL,197,40,1247,3,NULL,'2025-03-17 14:28:24','2025-03-17 14:28:24'),(302,38,NULL,198,40,1253,4,NULL,'2025-03-17 14:28:24','2025-03-17 14:28:24'),(303,38,NULL,199,40,1259,5,NULL,'2025-03-17 14:28:24','2025-03-17 14:28:24'),(304,38,NULL,200,40,1262,3,NULL,'2025-03-17 14:28:24','2025-03-17 14:28:24'),(305,38,NULL,201,40,1268,4,NULL,'2025-03-17 14:28:24','2025-03-17 14:28:24'),(306,38,NULL,202,41,1271,2,NULL,'2025-03-17 14:28:24','2025-03-17 14:28:24'),(307,38,NULL,203,41,1276,2,NULL,'2025-03-17 14:28:24','2025-03-17 14:28:24'),(308,38,NULL,204,41,1283,4,NULL,'2025-03-17 14:28:24','2025-03-17 14:28:24'),(309,38,NULL,205,41,1287,3,NULL,'2025-03-17 14:28:24','2025-03-17 14:28:24'),(310,38,NULL,206,41,1293,4,NULL,'2025-03-17 14:28:24','2025-03-17 14:28:24'),(311,38,NULL,207,42,1296,2,NULL,'2025-03-17 14:28:38','2025-03-17 14:28:38'),(312,38,NULL,208,42,1303,4,NULL,'2025-03-17 14:28:38','2025-03-17 14:28:38'),(313,38,NULL,209,42,1305,1,NULL,'2025-03-17 14:28:38','2025-03-17 14:28:38'),(314,38,NULL,210,42,1314,5,NULL,'2025-03-17 14:28:38','2025-03-17 14:28:38'),(315,38,NULL,211,42,1317,3,NULL,'2025-03-17 14:28:38','2025-03-17 14:28:38'),(316,38,NULL,215,43,1339,5,NULL,'2025-03-17 14:28:38','2025-03-17 14:28:38'),(317,38,NULL,216,43,1341,2,NULL,'2025-03-17 14:28:38','2025-03-17 14:28:38'),(318,38,NULL,217,43,1347,3,NULL,'2025-03-17 14:28:38','2025-03-17 14:28:38'),(319,38,NULL,220,44,1363,4,NULL,'2025-03-17 14:28:38','2025-03-17 14:28:38'),(320,38,NULL,221,44,1366,2,NULL,'2025-03-17 14:28:38','2025-03-17 14:28:38'),(321,38,NULL,223,44,1378,4,NULL,'2025-03-17 14:28:59','2025-03-17 14:28:59'),(322,38,NULL,224,45,1382,3,NULL,'2025-03-17 14:28:59','2025-03-17 14:28:59'),(323,38,NULL,227,45,1398,4,NULL,'2025-03-17 14:28:59','2025-03-17 14:28:59'),(324,38,NULL,228,45,1401,2,NULL,'2025-03-17 14:28:59','2025-03-17 14:28:59'),(325,38,NULL,231,46,1418,4,NULL,'2025-03-17 14:28:59','2025-03-17 14:28:59'),(326,38,NULL,232,46,1421,2,NULL,'2025-03-17 14:28:59','2025-03-17 14:28:59'),(327,38,NULL,235,46,1436,2,NULL,'2025-03-17 14:28:59','2025-03-17 14:28:59'),(328,38,NULL,237,47,1448,4,NULL,'2025-03-17 14:28:59','2025-03-17 14:28:59'),(329,38,NULL,238,47,1451,2,NULL,'2025-03-17 14:28:59','2025-03-17 14:28:59'),(330,38,NULL,239,47,1459,5,NULL,'2025-03-17 14:28:59','2025-03-17 14:28:59'),(331,38,NULL,241,48,1466,2,NULL,'2025-03-17 14:29:16','2025-03-17 14:29:16'),(332,38,NULL,242,48,1472,3,NULL,'2025-03-17 14:29:16','2025-03-17 14:29:16'),(333,38,NULL,243,48,1476,2,NULL,'2025-03-17 14:29:16','2025-03-17 14:29:16'),(334,38,NULL,244,49,1482,3,NULL,'2025-03-17 14:29:16','2025-03-17 14:29:16'),(335,38,NULL,245,49,1486,2,NULL,'2025-03-17 14:29:17','2025-03-17 14:29:17'),(336,38,NULL,247,49,1497,3,NULL,'2025-03-17 14:29:17','2025-03-17 14:29:17'),(337,38,NULL,248,50,1501,2,NULL,'2025-03-17 14:29:17','2025-03-17 14:29:17'),(338,38,NULL,249,50,1508,4,NULL,'2025-03-17 14:29:17','2025-03-17 14:29:17'),(339,38,NULL,250,50,1512,3,NULL,'2025-03-17 14:29:17','2025-03-17 14:29:17'),(340,38,NULL,252,51,1523,4,NULL,'2025-03-17 14:29:17','2025-03-17 14:29:17'),(341,38,NULL,253,51,1526,2,NULL,'2025-03-17 14:29:30','2025-03-17 14:29:30'),(342,38,NULL,254,51,1534,5,NULL,'2025-03-17 14:29:30','2025-03-17 14:29:30'),(343,38,NULL,256,52,1541,2,NULL,'2025-03-17 14:29:30','2025-03-17 14:29:30'),(344,38,NULL,258,52,1550,1,NULL,'2025-03-17 14:29:30','2025-03-17 14:29:30'),(345,38,NULL,259,52,1558,4,NULL,'2025-03-17 14:29:30','2025-03-17 14:29:30'),(346,38,NULL,260,53,1562,3,NULL,'2025-03-17 14:29:30','2025-03-17 14:29:30'),(347,38,NULL,261,53,1569,5,NULL,'2025-03-17 14:29:30','2025-03-17 14:29:30'),(348,38,NULL,262,53,1571,2,NULL,'2025-03-17 14:29:30','2025-03-17 14:29:30'),(349,38,NULL,263,53,1577,3,NULL,'2025-03-17 14:29:31','2025-03-17 14:29:31'),(350,38,NULL,264,53,1584,5,NULL,'2025-03-17 14:29:31','2025-03-17 14:29:31'),(351,38,NULL,265,54,1586,2,NULL,'2025-03-17 14:29:47','2025-03-17 14:29:47'),(352,38,NULL,266,54,1592,3,NULL,'2025-03-17 14:29:47','2025-03-17 14:29:47'),(353,38,NULL,267,54,1596,2,NULL,'2025-03-17 14:29:47','2025-03-17 14:29:47'),(354,38,NULL,268,54,1604,5,NULL,'2025-03-17 14:29:47','2025-03-17 14:29:47'),(355,38,NULL,269,54,1605,1,NULL,'2025-03-17 14:29:47','2025-03-17 14:29:47'),(356,38,NULL,270,55,1614,5,NULL,'2025-03-17 14:29:47','2025-03-17 14:29:47'),(357,38,NULL,271,55,1617,3,NULL,'2025-03-17 14:29:47','2025-03-17 14:29:47'),(358,38,NULL,272,55,1621,2,NULL,'2025-03-17 14:29:47','2025-03-17 14:29:47'),(359,38,NULL,273,55,1627,3,NULL,'2025-03-17 14:29:47','2025-03-17 14:29:47'),(360,38,NULL,274,55,1633,4,NULL,'2025-03-17 14:29:47','2025-03-17 14:29:47'),(361,38,NULL,275,56,1637,3,NULL,'2025-03-17 14:30:02','2025-03-17 14:30:02'),(362,38,NULL,276,56,1641,2,NULL,'2025-03-17 14:30:02','2025-03-17 14:30:02'),(363,38,NULL,277,56,1648,4,NULL,'2025-03-17 14:30:02','2025-03-17 14:30:02'),(364,38,NULL,278,56,1651,2,NULL,'2025-03-17 14:30:02','2025-03-17 14:30:02'),(365,38,NULL,279,56,1658,4,NULL,'2025-03-17 14:30:02','2025-03-17 14:30:02'),(366,38,NULL,280,57,1663,4,NULL,'2025-03-17 14:30:02','2025-03-17 14:30:02'),(367,38,NULL,281,57,1667,3,NULL,'2025-03-17 14:30:02','2025-03-17 14:30:02'),(368,38,NULL,282,57,1673,4,NULL,'2025-03-17 14:30:02','2025-03-17 14:30:02'),(369,38,NULL,283,57,1677,3,NULL,'2025-03-17 14:30:02','2025-03-17 14:30:02'),(370,38,NULL,284,57,1684,5,NULL,'2025-03-17 14:30:02','2025-03-17 14:30:02'),(371,38,NULL,285,58,1686,2,NULL,'2025-03-17 14:30:16','2025-03-17 14:30:16'),(372,38,NULL,286,58,1692,3,NULL,'2025-03-17 14:30:16','2025-03-17 14:30:16'),(373,38,NULL,287,58,1696,2,NULL,'2025-03-17 14:30:16','2025-03-17 14:30:16'),(374,38,NULL,288,58,1703,4,NULL,'2025-03-17 14:30:16','2025-03-17 14:30:16'),(375,38,NULL,289,58,1706,2,NULL,'2025-03-17 14:30:16','2025-03-17 14:30:16'),(376,38,NULL,290,59,1712,3,NULL,'2025-03-17 14:30:16','2025-03-17 14:30:16'),(377,38,NULL,291,59,1716,2,NULL,'2025-03-17 14:30:16','2025-03-17 14:30:16'),(378,38,NULL,292,59,1723,4,NULL,'2025-03-17 14:30:16','2025-03-17 14:30:16'),(379,38,NULL,293,59,1726,2,NULL,'2025-03-17 14:30:16','2025-03-17 14:30:16'),(380,38,NULL,294,59,1733,4,NULL,'2025-03-17 14:30:16','2025-03-17 14:30:16'),(381,38,NULL,295,60,1736,2,NULL,'2025-03-17 14:30:24','2025-03-17 14:30:24'),(382,38,NULL,296,60,1743,4,NULL,'2025-03-17 14:30:24','2025-03-17 14:30:24'),(383,38,NULL,297,60,1746,2,NULL,'2025-03-17 14:30:24','2025-03-17 14:30:24'),(384,38,NULL,298,60,1752,3,NULL,'2025-03-17 14:30:24','2025-03-17 14:30:24'),(385,38,NULL,299,60,1759,5,NULL,'2025-03-17 14:30:24','2025-03-17 14:30:24'),(386,39,NULL,1,NULL,2,NULL,NULL,'2025-03-17 15:08:24','2025-03-17 15:08:24'),(387,39,NULL,2,NULL,4,NULL,NULL,'2025-03-17 15:08:24','2025-03-17 15:08:24'),(388,39,NULL,3,NULL,10,NULL,NULL,'2025-03-17 15:08:24','2025-03-17 15:08:24'),(389,39,NULL,3,NULL,12,NULL,NULL,'2025-03-17 15:08:24','2025-03-17 15:08:24'),(390,39,NULL,4,NULL,18,NULL,NULL,'2025-03-17 15:08:24','2025-03-17 15:08:24'),(391,39,NULL,5,1,31,NULL,NULL,'2025-03-17 15:08:24','2025-03-17 15:08:24'),(392,39,NULL,6,NULL,45,NULL,NULL,'2025-03-17 15:08:24','2025-03-17 15:08:24'),(393,39,NULL,12,NULL,254,NULL,NULL,'2025-03-17 15:08:24','2025-03-17 15:08:24'),(394,39,NULL,14,NULL,275,NULL,NULL,'2025-03-17 15:09:12','2025-03-17 15:09:12'),(395,39,NULL,15,NULL,277,NULL,NULL,'2025-03-17 15:09:12','2025-03-17 15:09:12'),(396,39,NULL,16,NULL,279,NULL,NULL,'2025-03-17 15:09:12','2025-03-17 15:09:12'),(397,39,NULL,17,4,280,0,NULL,'2025-03-17 15:09:12','2025-03-17 15:09:12'),(398,39,NULL,18,4,283,0,NULL,'2025-03-17 15:09:12','2025-03-17 15:09:12'),(399,39,NULL,19,4,286,0,NULL,'2025-03-17 15:09:12','2025-03-17 15:09:12'),(400,39,NULL,20,4,289,0,NULL,'2025-03-17 15:09:12','2025-03-17 15:09:12'),(401,39,NULL,21,4,292,0,NULL,'2025-03-17 15:09:12','2025-03-17 15:09:12'),(402,39,NULL,22,5,295,0,NULL,'2025-03-17 15:09:12','2025-03-17 15:09:12'),(403,39,NULL,23,5,299,1,NULL,'2025-03-17 15:09:33','2025-03-17 15:09:33'),(404,39,NULL,24,5,303,2,NULL,'2025-03-17 15:09:33','2025-03-17 15:09:33'),(405,39,NULL,25,5,305,1,NULL,'2025-03-17 15:09:33','2025-03-17 15:09:33'),(406,39,NULL,26,5,307,0,NULL,'2025-03-17 15:09:33','2025-03-17 15:09:33'),(407,39,NULL,27,5,311,1,NULL,'2025-03-17 15:09:33','2025-03-17 15:09:33'),(408,39,NULL,28,6,315,2,NULL,'2025-03-17 15:09:33','2025-03-17 15:09:33'),(409,39,NULL,29,6,317,1,NULL,'2025-03-17 15:09:33','2025-03-17 15:09:33'),(410,39,NULL,30,6,320,1,NULL,'2025-03-17 15:09:33','2025-03-17 15:09:33'),(411,39,NULL,31,6,322,0,NULL,'2025-03-17 15:09:33','2025-03-17 15:09:33'),(412,39,NULL,32,6,326,1,NULL,'2025-03-17 15:09:33','2025-03-17 15:09:33'),(413,39,NULL,33,6,328,0,NULL,'2025-03-17 15:10:00','2025-03-17 15:10:00'),(414,39,NULL,34,NULL,332,NULL,NULL,'2025-03-17 15:10:00','2025-03-17 15:10:00'),(415,39,NULL,35,NULL,333,NULL,NULL,'2025-03-17 15:10:00','2025-03-17 15:10:00'),(416,39,NULL,36,NULL,336,NULL,NULL,'2025-03-17 15:10:00','2025-03-17 15:10:00'),(417,39,NULL,37,7,339,NULL,NULL,'2025-03-17 15:10:00','2025-03-17 15:10:00'),(418,39,NULL,38,NULL,345,1,NULL,'2025-03-17 15:10:00','2025-03-17 15:10:00'),(419,39,NULL,39,NULL,351,2,NULL,'2025-03-17 15:10:00','2025-03-17 15:10:00'),(420,39,NULL,40,8,355,1,NULL,'2025-03-17 15:10:00','2025-03-17 15:10:00'),(421,39,NULL,41,8,360,1,NULL,'2025-03-17 15:10:00','2025-03-17 15:10:00'),(422,39,NULL,43,8,369,0,NULL,'2025-03-17 15:10:00','2025-03-17 15:10:00'),(423,39,NULL,44,8,376,2,NULL,'2025-03-17 15:10:14','2025-03-17 15:10:14'),(424,39,NULL,46,8,385,1,NULL,'2025-03-17 15:10:14','2025-03-17 15:10:14'),(425,39,NULL,50,9,408,4,NULL,'2025-03-17 15:10:14','2025-03-17 15:10:14'),(426,39,NULL,51,9,410,1,NULL,'2025-03-17 15:10:14','2025-03-17 15:10:14'),(427,39,NULL,54,9,428,4,NULL,'2025-03-17 15:10:14','2025-03-17 15:10:14'),(428,39,NULL,57,9,439,0,NULL,'2025-03-17 15:10:14','2025-03-17 15:10:14'),(429,39,NULL,59,9,451,2,NULL,'2025-03-17 15:10:14','2025-03-17 15:10:14'),(430,39,NULL,60,10,459,2,NULL,'2025-03-17 15:10:14','2025-03-17 15:10:14'),(431,39,NULL,61,10,465,3,NULL,'2025-03-17 15:10:14','2025-03-17 15:10:14'),(432,39,NULL,62,10,471,4,NULL,'2025-03-17 15:10:14','2025-03-17 15:10:14'),(433,39,NULL,63,10,477,5,NULL,'2025-03-17 15:10:30','2025-03-17 15:10:30'),(434,39,NULL,64,10,486,3,NULL,'2025-03-17 15:10:30','2025-03-17 15:10:30'),(435,39,NULL,65,10,491,5,NULL,'2025-03-17 15:10:30','2025-03-17 15:10:30'),(436,39,NULL,66,10,500,3,NULL,'2025-03-17 15:10:30','2025-03-17 15:10:30'),(437,39,NULL,67,10,505,5,NULL,'2025-03-17 15:10:30','2025-03-17 15:10:30'),(438,39,NULL,68,10,514,3,NULL,'2025-03-17 15:10:30','2025-03-17 15:10:30'),(439,39,NULL,69,10,519,5,NULL,'2025-03-17 15:10:30','2025-03-17 15:10:30'),(440,39,NULL,70,11,528,3,NULL,'2025-03-17 15:10:30','2025-03-17 15:10:30'),(441,39,NULL,71,11,533,5,NULL,'2025-03-17 15:10:30','2025-03-17 15:10:30'),(442,39,NULL,72,11,542,3,NULL,'2025-03-17 15:10:30','2025-03-17 15:10:30'),(443,39,NULL,73,11,551,1,NULL,'2025-03-17 15:10:46','2025-03-17 15:10:46'),(444,39,NULL,74,11,552,7,NULL,'2025-03-17 15:10:46','2025-03-17 15:10:46'),(445,39,NULL,75,11,563,3,NULL,'2025-03-17 15:10:46','2025-03-17 15:10:46'),(446,39,NULL,76,11,568,5,NULL,'2025-03-17 15:10:46','2025-03-17 15:10:46'),(447,39,NULL,77,11,577,3,NULL,'2025-03-17 15:10:46','2025-03-17 15:10:46'),(448,39,NULL,78,11,583,4,NULL,'2025-03-17 15:10:46','2025-03-17 15:10:46'),(449,39,NULL,79,11,589,5,NULL,'2025-03-17 15:10:46','2025-03-17 15:10:46'),(450,39,NULL,80,12,598,3,NULL,'2025-03-17 15:10:46','2025-03-17 15:10:46'),(451,39,NULL,81,12,603,5,NULL,'2025-03-17 15:10:46','2025-03-17 15:10:46'),(452,39,NULL,82,12,612,3,NULL,'2025-03-17 15:10:46','2025-03-17 15:10:46'),(453,39,NULL,83,12,617,5,NULL,'2025-03-17 15:11:00','2025-03-17 15:11:00'),(454,39,NULL,84,12,628,1,NULL,'2025-03-17 15:11:00','2025-03-17 15:11:00'),(455,39,NULL,85,12,629,7,NULL,'2025-03-17 15:11:00','2025-03-17 15:11:00'),(456,39,NULL,86,12,638,5,NULL,'2025-03-17 15:11:00','2025-03-17 15:11:00'),(457,39,NULL,87,12,644,6,NULL,'2025-03-17 15:11:00','2025-03-17 15:11:00'),(458,39,NULL,88,12,656,1,NULL,'2025-03-17 15:11:00','2025-03-17 15:11:00'),(459,39,NULL,89,12,661,3,NULL,'2025-03-17 15:11:00','2025-03-17 15:11:00'),(460,39,NULL,90,13,666,2,NULL,'2025-03-17 15:11:00','2025-03-17 15:11:00'),(461,39,NULL,91,13,672,3,NULL,'2025-03-17 15:11:00','2025-03-17 15:11:00'),(462,39,NULL,92,14,675,1,NULL,'2025-03-17 15:11:00','2025-03-17 15:11:00'),(463,39,NULL,93,14,680,1,NULL,'2025-03-17 15:11:12','2025-03-17 15:11:12'),(464,39,NULL,94,15,686,2,NULL,'2025-03-17 15:11:13','2025-03-17 15:11:13'),(465,39,NULL,95,15,690,1,NULL,'2025-03-17 15:11:13','2025-03-17 15:11:13'),(466,39,NULL,96,16,697,3,NULL,'2025-03-17 15:11:13','2025-03-17 15:11:13'),(467,39,NULL,97,16,703,4,NULL,'2025-03-17 15:11:13','2025-03-17 15:11:13'),(468,39,NULL,98,17,705,1,NULL,'2025-03-17 15:11:13','2025-03-17 15:11:13'),(469,39,NULL,99,17,712,3,NULL,'2025-03-17 15:11:13','2025-03-17 15:11:13'),(470,39,NULL,100,18,715,1,NULL,'2025-03-17 15:11:13','2025-03-17 15:11:13'),(471,39,NULL,101,18,722,3,NULL,'2025-03-17 15:11:13','2025-03-17 15:11:13'),(472,39,NULL,102,19,726,2,NULL,'2025-03-17 15:11:13','2025-03-17 15:11:13'),(473,39,NULL,103,19,730,1,NULL,'2025-03-17 15:11:31','2025-03-17 15:11:31'),(474,39,NULL,104,20,737,3,NULL,'2025-03-17 15:11:31','2025-03-17 15:11:31'),(475,39,NULL,105,20,740,1,NULL,'2025-03-17 15:11:31','2025-03-17 15:11:31'),(476,39,NULL,106,21,747,3,NULL,'2025-03-17 15:11:31','2025-03-17 15:11:31'),(477,39,NULL,107,21,750,1,NULL,'2025-03-17 15:11:31','2025-03-17 15:11:31'),(478,39,NULL,108,NULL,757,NULL,NULL,'2025-03-17 15:11:31','2025-03-17 15:11:31'),(479,39,NULL,109,NULL,760,NULL,NULL,'2025-03-17 15:11:31','2025-03-17 15:11:31'),(480,39,NULL,110,NULL,764,NULL,NULL,'2025-03-17 15:11:31','2025-03-17 15:11:31'),(481,39,NULL,111,22,769,2,NULL,'2025-03-17 15:11:31','2025-03-17 15:11:31'),(482,39,NULL,112,22,776,4,NULL,'2025-03-17 15:11:31','2025-03-17 15:11:31'),(483,39,NULL,113,22,777,0,NULL,'2025-03-17 15:11:48','2025-03-17 15:11:48'),(484,39,NULL,115,22,788,1,NULL,'2025-03-17 15:11:48','2025-03-17 15:11:48'),(485,39,NULL,121,23,820,3,NULL,'2025-03-17 15:11:48','2025-03-17 15:11:48'),(486,39,NULL,122,23,824,2,NULL,'2025-03-17 15:11:48','2025-03-17 15:11:48'),(487,39,NULL,124,23,835,3,NULL,'2025-03-17 15:11:48','2025-03-17 15:11:48'),(488,39,NULL,125,23,838,1,NULL,'2025-03-17 15:11:48','2025-03-17 15:11:48'),(489,39,NULL,130,24,865,3,NULL,'2025-03-17 15:11:48','2025-03-17 15:11:48'),(490,39,NULL,132,24,874,2,NULL,'2025-03-17 15:11:48','2025-03-17 15:11:48'),(491,39,NULL,133,24,879,2,NULL,'2025-03-17 15:11:48','2025-03-17 15:11:48'),(492,39,NULL,134,24,883,1,NULL,'2025-03-17 15:11:48','2025-03-17 15:11:48'),(493,39,NULL,136,25,897,4,NULL,'2025-03-17 15:11:59','2025-03-17 15:11:59'),(494,39,NULL,138,25,910,5,NULL,'2025-03-17 15:11:59','2025-03-17 15:11:59'),(495,39,NULL,141,26,933,3,NULL,'2025-03-17 15:11:59','2025-03-17 15:11:59'),(496,39,NULL,142,26,939,4,NULL,'2025-03-17 15:11:59','2025-03-17 15:11:59'),(497,39,NULL,144,27,954,3,NULL,'2025-03-17 15:11:59','2025-03-17 15:11:59'),(498,39,NULL,145,27,959,5,NULL,'2025-03-17 15:11:59','2025-03-17 15:11:59'),(499,39,NULL,147,28,975,3,NULL,'2025-03-17 15:11:59','2025-03-17 15:11:59'),(500,39,NULL,149,28,987,5,NULL,'2025-03-17 15:11:59','2025-03-17 15:11:59'),(501,39,NULL,151,29,1002,4,NULL,'2025-03-17 15:11:59','2025-03-17 15:11:59'),(502,39,NULL,154,29,1024,3,NULL,'2025-03-17 15:11:59','2025-03-17 15:11:59'),(503,39,NULL,156,30,1037,4,NULL,'2025-03-17 15:12:16','2025-03-17 15:12:16'),(504,39,NULL,157,30,1042,6,NULL,'2025-03-17 15:12:16','2025-03-17 15:12:16'),(505,39,NULL,160,31,1061,1,NULL,'2025-03-17 15:12:16','2025-03-17 15:12:16'),(506,39,NULL,162,31,1071,1,NULL,'2025-03-17 15:12:16','2025-03-17 15:12:16'),(507,39,NULL,163,32,1077,2,NULL,'2025-03-17 15:12:16','2025-03-17 15:12:16'),(508,39,NULL,164,32,1083,3,NULL,'2025-03-17 15:12:16','2025-03-17 15:12:16'),(509,39,NULL,167,33,1097,2,NULL,'2025-03-17 15:12:16','2025-03-17 15:12:16'),(510,39,NULL,168,33,1102,2,NULL,'2025-03-17 15:12:16','2025-03-17 15:12:16'),(511,39,NULL,171,34,1118,3,NULL,'2025-03-17 15:12:16','2025-03-17 15:12:16'),(512,39,NULL,172,34,1122,2,NULL,'2025-03-17 15:12:16','2025-03-17 15:12:16'),(513,39,NULL,177,35,1146,1,NULL,'2025-03-17 15:12:24','2025-03-17 15:12:24'),(514,39,NULL,178,35,1153,3,NULL,'2025-03-17 15:12:24','2025-03-17 15:12:24'),(515,39,NULL,179,36,1158,3,NULL,'2025-03-17 15:12:24','2025-03-17 15:12:24'),(516,39,NULL,180,36,1162,2,NULL,'2025-03-17 15:12:24','2025-03-17 15:12:24'),(517,39,NULL,184,37,1181,1,NULL,'2025-03-17 15:12:24','2025-03-17 15:12:24'),(518,39,NULL,185,37,1188,3,NULL,'2025-03-17 15:12:24','2025-03-17 15:12:24'),(519,6,39,300,61,1760,NULL,NULL,'2025-03-17 15:14:28','2025-03-17 15:14:28'),(520,6,39,301,NULL,NULL,NULL,'34 Units','2025-03-17 15:14:28','2025-03-17 15:14:28'),(521,6,39,302,62,1763,NULL,NULL,'2025-03-17 15:14:34','2025-03-17 15:14:34'),(522,6,39,304,NULL,NULL,NULL,'Heartburn','2025-03-17 15:14:55','2025-03-17 15:14:55'),(523,6,39,306,62,1767,NULL,NULL,'2025-03-17 15:15:13','2025-03-17 15:15:13'),(524,6,39,305,NULL,NULL,NULL,'Pepso Bismol','2025-03-17 15:15:13','2025-03-17 15:15:13'),(525,6,39,307,62,1769,NULL,NULL,'2025-03-17 15:15:17','2025-03-17 15:15:17'),(526,6,39,308,63,1770,NULL,NULL,'2025-03-17 15:15:17','2025-03-17 15:15:17'),(527,6,39,309,64,1773,NULL,NULL,'2025-03-17 15:15:23','2025-03-17 15:15:23'),(528,6,39,310,65,1775,NULL,NULL,'2025-03-17 15:15:23','2025-03-17 15:15:23'),(529,6,39,311,66,1776,NULL,NULL,'2025-03-17 15:15:25','2025-03-17 15:15:25');
/*!40000 ALTER TABLE `user_responses` ENABLE KEYS */;
UNLOCK TABLES;

--
-- Table structure for table `user_subscale_scores`
--

DROP TABLE IF EXISTS `user_subscale_scores`;
/*!40101 SET @saved_cs_client     = @@character_set_client */;
/*!50503 SET character_set_client = utf8mb4 */;
CREATE TABLE `user_subscale_scores` (
  `id` bigint unsigned NOT NULL AUTO_INCREMENT,
  `user_id` bigint unsigned NOT NULL,
  `subscale_id` bigint unsigned NOT NULL,
  `score` smallint unsigned NOT NULL,
  `created_at` timestamp NULL DEFAULT NULL,
  `updated_at` timestamp NULL DEFAULT NULL,
  PRIMARY KEY (`id`),
  UNIQUE KEY `user_subscale_scores_user_id_subscale_id_unique` (`user_id`,`subscale_id`),
  KEY `user_subscale_scores_subscale_id_foreign` (`subscale_id`),
  CONSTRAINT `user_subscale_scores_subscale_id_foreign` FOREIGN KEY (`subscale_id`) REFERENCES `subscales` (`id`) ON DELETE CASCADE,
  CONSTRAINT `user_subscale_scores_user_id_foreign` FOREIGN KEY (`user_id`) REFERENCES `users` (`id`) ON DELETE CASCADE
) ENGINE=InnoDB AUTO_INCREMENT=470 DEFAULT CHARSET=utf8mb4 COLLATE=utf8mb4_unicode_ci;
/*!40101 SET character_set_client = @saved_cs_client */;

--
-- Dumping data for table `user_subscale_scores`
--

LOCK TABLES `user_subscale_scores` WRITE;
/*!40000 ALTER TABLE `user_subscale_scores` DISABLE KEYS */;
INSERT INTO `user_subscale_scores` VALUES (1,37,1,0,'2025-03-17 10:15:38','2025-03-17 10:15:38'),(2,37,2,0,'2025-03-17 10:15:38','2025-03-17 10:15:38'),(4,37,4,0,'2025-03-17 10:16:04','2025-03-17 10:16:05'),(9,37,5,0,'2025-03-17 10:16:05','2025-03-17 10:16:30'),(15,37,6,5,'2025-03-17 10:16:30','2025-03-17 10:18:16'),(21,37,8,8,'2025-03-17 10:18:16','2025-03-17 10:18:43'),(26,37,9,10,'2025-03-17 10:18:43','2025-03-17 10:18:43'),(31,37,10,44,'2025-03-17 10:18:43','2025-03-17 10:19:01'),(41,37,11,43,'2025-03-17 10:19:01','2025-03-17 10:19:17'),(51,37,12,42,'2025-03-17 10:19:17','2025-03-17 10:19:37'),(61,37,13,5,'2025-03-17 10:19:37','2025-03-17 10:19:38'),(63,37,14,5,'2025-03-17 10:19:38','2025-03-17 10:19:54'),(65,37,15,4,'2025-03-17 10:19:54','2025-03-17 10:19:54'),(67,37,16,5,'2025-03-17 10:19:54','2025-03-17 10:19:54'),(69,37,17,4,'2025-03-17 10:19:54','2025-03-17 10:19:54'),(71,37,18,4,'2025-03-17 10:19:54','2025-03-17 10:19:54'),(73,37,19,4,'2025-03-17 10:19:54','2025-03-17 10:20:13'),(75,37,20,4,'2025-03-17 10:20:13','2025-03-17 10:20:13'),(77,37,21,4,'2025-03-17 10:20:13','2025-03-17 10:20:13'),(79,37,22,9,'2025-03-17 10:20:13','2025-03-17 10:20:28'),(83,37,23,9,'2025-03-17 10:20:28','2025-03-17 10:20:28'),(87,37,24,7,'2025-03-17 10:20:28','2025-03-17 10:20:28'),(91,37,25,9,'2025-03-17 10:20:46','2025-03-17 10:20:46'),(93,37,26,8,'2025-03-17 10:20:46','2025-03-17 10:20:46'),(95,37,27,8,'2025-03-17 10:20:46','2025-03-17 10:20:46'),(97,37,28,8,'2025-03-17 10:20:46','2025-03-17 10:20:46'),(99,37,29,7,'2025-03-17 10:20:46','2025-03-17 10:20:46'),(101,37,30,8,'2025-03-17 10:21:03','2025-03-17 10:21:03'),(103,37,31,3,'2025-03-17 10:21:03','2025-03-17 10:21:03'),(105,37,32,3,'2025-03-17 10:21:03','2025-03-17 10:21:03'),(107,37,33,4,'2025-03-17 10:21:03','2025-03-17 10:21:03'),(109,37,34,4,'2025-03-17 10:21:03','2025-03-17 10:21:04'),(111,37,35,3,'2025-03-17 10:21:11','2025-03-17 10:21:11'),(113,37,36,4,'2025-03-17 10:21:11','2025-03-17 10:21:11'),(115,37,37,5,'2025-03-17 10:21:11','2025-03-17 10:21:11'),(117,4,61,0,'2025-03-17 10:22:59','2025-03-17 10:22:59'),(118,4,62,0,'2025-03-17 10:23:07','2025-03-17 10:23:38'),(122,4,63,0,'2025-03-17 10:23:50','2025-03-17 10:23:50'),(123,4,64,0,'2025-03-17 10:23:50','2025-03-17 10:23:50'),(124,4,65,0,'2025-03-17 10:23:56','2025-03-17 10:23:56'),(125,4,66,0,'2025-03-17 10:23:56','2025-03-17 10:23:56'),(126,38,1,0,'2025-03-17 14:05:29','2025-03-17 14:05:29'),(127,38,2,0,'2025-03-17 14:05:29','2025-03-17 14:05:29'),(129,38,3,0,'2025-03-17 14:05:29','2025-03-17 14:05:29'),(130,38,4,0,'2025-03-17 14:09:20','2025-03-17 14:09:20'),(135,38,5,0,'2025-03-17 14:09:20','2025-03-17 14:09:43'),(141,38,6,2,'2025-03-17 14:09:43','2025-03-17 14:10:24'),(147,38,8,11,'2025-03-17 14:10:24','2025-03-17 14:12:08'),(152,38,9,14,'2025-03-17 14:12:08','2025-03-17 14:12:08'),(157,38,10,50,'2025-03-17 14:12:08','2025-03-17 14:12:30'),(167,38,11,42,'2025-03-17 14:12:30','2025-03-17 14:12:54'),(177,38,12,43,'2025-03-17 14:12:54','2025-03-17 14:13:11'),(187,38,13,5,'2025-03-17 14:13:11','2025-03-17 14:13:11'),(189,38,14,4,'2025-03-17 14:13:11','2025-03-17 14:13:27'),(191,38,15,4,'2025-03-17 14:13:27','2025-03-17 14:13:27'),(193,38,16,5,'2025-03-17 14:13:27','2025-03-17 14:13:27'),(195,38,17,3,'2025-03-17 14:13:27','2025-03-17 14:13:27'),(197,38,18,4,'2025-03-17 14:13:27','2025-03-17 14:13:27'),(199,38,19,3,'2025-03-17 14:13:27','2025-03-17 14:13:47'),(201,38,20,4,'2025-03-17 14:13:47','2025-03-17 14:13:47'),(203,38,21,4,'2025-03-17 14:13:48','2025-03-17 14:13:48'),(205,38,22,8,'2025-03-17 14:13:48','2025-03-17 14:14:01'),(209,38,23,9,'2025-03-17 14:14:01','2025-03-17 14:14:02'),(213,38,24,8,'2025-03-17 14:14:02','2025-03-17 14:14:02'),(217,38,25,7,'2025-03-17 14:14:18','2025-03-17 14:14:18'),(219,38,26,8,'2025-03-17 14:14:18','2025-03-17 14:14:18'),(221,38,27,8,'2025-03-17 14:14:18','2025-03-17 14:14:18'),(223,38,28,11,'2025-03-17 14:14:18','2025-03-17 14:14:18'),(225,38,29,9,'2025-03-17 14:14:18','2025-03-17 14:14:18'),(227,38,30,9,'2025-03-17 14:14:31','2025-03-17 14:14:31'),(229,38,31,4,'2025-03-17 14:14:31','2025-03-17 14:14:31'),(231,38,32,4,'2025-03-17 14:14:31','2025-03-17 14:14:31'),(233,38,33,4,'2025-03-17 14:14:31','2025-03-17 14:14:31'),(235,38,34,5,'2025-03-17 14:14:31','2025-03-17 14:14:31'),(237,38,35,2,'2025-03-17 14:14:39','2025-03-17 14:14:39'),(239,38,36,7,'2025-03-17 14:14:39','2025-03-17 14:14:39'),(241,38,37,4,'2025-03-17 14:14:39','2025-03-17 14:14:39'),(243,5,61,0,'2025-03-17 14:24:23','2025-03-17 14:24:23'),(244,5,62,0,'2025-03-17 14:24:27','2025-03-17 14:24:51'),(248,5,63,0,'2025-03-17 14:24:51','2025-03-17 14:24:51'),(249,5,64,0,'2025-03-17 14:24:54','2025-03-17 14:24:54'),(250,5,65,0,'2025-03-17 14:24:54','2025-03-17 14:24:54'),(251,5,66,0,'2025-03-17 14:24:58','2025-03-17 14:24:58'),(252,38,38,11,'2025-03-17 14:28:09','2025-03-17 14:28:09'),(257,38,39,15,'2025-03-17 14:28:09','2025-03-17 14:28:10'),(262,38,40,19,'2025-03-17 14:28:24','2025-03-17 14:28:24'),(267,38,41,15,'2025-03-17 14:28:24','2025-03-17 14:28:24'),(272,38,42,15,'2025-03-17 14:28:38','2025-03-17 14:28:38'),(277,38,43,10,'2025-03-17 14:28:38','2025-03-17 14:28:38'),(280,38,44,10,'2025-03-17 14:28:38','2025-03-17 14:28:59'),(283,38,45,9,'2025-03-17 14:28:59','2025-03-17 14:28:59'),(286,38,46,8,'2025-03-17 14:28:59','2025-03-17 14:28:59'),(289,38,47,11,'2025-03-17 14:28:59','2025-03-17 14:28:59'),(292,38,48,7,'2025-03-17 14:29:16','2025-03-17 14:29:16'),(295,38,49,8,'2025-03-17 14:29:16','2025-03-17 14:29:17'),(298,38,50,9,'2025-03-17 14:29:17','2025-03-17 14:29:17'),(301,38,51,11,'2025-03-17 14:29:17','2025-03-17 14:29:30'),(304,38,52,7,'2025-03-17 14:29:30','2025-03-17 14:29:30'),(307,38,53,18,'2025-03-17 14:29:30','2025-03-17 14:29:31'),(312,38,54,13,'2025-03-17 14:29:47','2025-03-17 14:29:47'),(317,38,55,17,'2025-03-17 14:29:47','2025-03-17 14:29:47'),(322,38,56,15,'2025-03-17 14:30:02','2025-03-17 14:30:02'),(327,38,57,19,'2025-03-17 14:30:02','2025-03-17 14:30:02'),(332,38,58,13,'2025-03-17 14:30:16','2025-03-17 14:30:16'),(337,38,59,15,'2025-03-17 14:30:16','2025-03-17 14:30:16'),(342,38,60,16,'2025-03-17 14:30:24','2025-03-17 14:30:24'),(347,39,1,0,'2025-03-17 15:08:24','2025-03-17 15:08:24'),(348,39,4,0,'2025-03-17 15:09:12','2025-03-17 15:09:12'),(353,39,5,5,'2025-03-17 15:09:12','2025-03-17 15:09:33'),(359,39,6,5,'2025-03-17 15:09:33','2025-03-17 15:10:00'),(365,39,7,0,'2025-03-17 15:10:00','2025-03-17 15:10:00'),(366,39,8,5,'2025-03-17 15:10:00','2025-03-17 15:10:14'),(371,39,9,11,'2025-03-17 15:10:14','2025-03-17 15:10:14'),(376,39,10,38,'2025-03-17 15:10:14','2025-03-17 15:10:30'),(386,39,11,39,'2025-03-17 15:10:30','2025-03-17 15:10:46'),(396,39,12,39,'2025-03-17 15:10:46','2025-03-17 15:11:00'),(406,39,13,5,'2025-03-17 15:11:00','2025-03-17 15:11:00'),(408,39,14,2,'2025-03-17 15:11:00','2025-03-17 15:11:12'),(410,39,15,3,'2025-03-17 15:11:13','2025-03-17 15:11:13'),(412,39,16,7,'2025-03-17 15:11:13','2025-03-17 15:11:13'),(414,39,17,4,'2025-03-17 15:11:13','2025-03-17 15:11:13'),(416,39,18,4,'2025-03-17 15:11:13','2025-03-17 15:11:13'),(418,39,19,3,'2025-03-17 15:11:13','2025-03-17 15:11:31'),(420,39,20,4,'2025-03-17 15:11:31','2025-03-17 15:11:31'),(422,39,21,4,'2025-03-17 15:11:31','2025-03-17 15:11:31'),(424,39,22,7,'2025-03-17 15:11:31','2025-03-17 15:11:48'),(428,39,23,9,'2025-03-17 15:11:48','2025-03-17 15:11:48'),(432,39,24,8,'2025-03-17 15:11:48','2025-03-17 15:11:48'),(436,39,25,9,'2025-03-17 15:11:59','2025-03-17 15:11:59'),(438,39,26,7,'2025-03-17 15:11:59','2025-03-17 15:11:59'),(440,39,27,8,'2025-03-17 15:11:59','2025-03-17 15:11:59'),(442,39,28,8,'2025-03-17 15:11:59','2025-03-17 15:11:59'),(444,39,29,7,'2025-03-17 15:11:59','2025-03-17 15:11:59'),(446,39,30,10,'2025-03-17 15:12:16','2025-03-17 15:12:16'),(448,39,31,2,'2025-03-17 15:12:16','2025-03-17 15:12:16'),(450,39,32,5,'2025-03-17 15:12:16','2025-03-17 15:12:16'),(452,39,33,4,'2025-03-17 15:12:16','2025-03-17 15:12:16'),(454,39,34,5,'2025-03-17 15:12:16','2025-03-17 15:12:16'),(456,39,35,4,'2025-03-17 15:12:24','2025-03-17 15:12:24'),(458,39,36,5,'2025-03-17 15:12:24','2025-03-17 15:12:24'),(460,39,37,4,'2025-03-17 15:12:24','2025-03-17 15:12:24'),(462,6,61,0,'2025-03-17 15:14:28','2025-03-17 15:14:28'),(463,6,62,0,'2025-03-17 15:14:34','2025-03-17 15:15:17'),(466,6,63,0,'2025-03-17 15:15:17','2025-03-17 15:15:17'),(467,6,64,0,'2025-03-17 15:15:23','2025-03-17 15:15:23'),(468,6,65,0,'2025-03-17 15:15:23','2025-03-17 15:15:23'),(469,6,66,0,'2025-03-17 15:15:25','2025-03-17 15:15:25');
/*!40000 ALTER TABLE `user_subscale_scores` ENABLE KEYS */;
UNLOCK TABLES;

--
-- Table structure for table `user_test_scores`
--

DROP TABLE IF EXISTS `user_test_scores`;
/*!40101 SET @saved_cs_client     = @@character_set_client */;
/*!50503 SET character_set_client = utf8mb4 */;
CREATE TABLE `user_test_scores` (
  `id` bigint unsigned NOT NULL AUTO_INCREMENT,
  `user_id` bigint unsigned NOT NULL,
  `test_id` bigint unsigned NOT NULL,
  `score` smallint unsigned NOT NULL,
  `created_at` timestamp NULL DEFAULT NULL,
  `updated_at` timestamp NULL DEFAULT NULL,
  PRIMARY KEY (`id`),
  UNIQUE KEY `user_test_scores_user_id_test_id_unique` (`user_id`,`test_id`),
  KEY `user_test_scores_test_id_foreign` (`test_id`),
  CONSTRAINT `user_test_scores_test_id_foreign` FOREIGN KEY (`test_id`) REFERENCES `subscales` (`id`) ON DELETE CASCADE,
  CONSTRAINT `user_test_scores_user_id_foreign` FOREIGN KEY (`user_id`) REFERENCES `users` (`id`) ON DELETE CASCADE
) ENGINE=InnoDB AUTO_INCREMENT=522 DEFAULT CHARSET=utf8mb4 COLLATE=utf8mb4_unicode_ci;
/*!40101 SET character_set_client = @saved_cs_client */;

--
-- Dumping data for table `user_test_scores`
--

LOCK TABLES `user_test_scores` WRITE;
/*!40000 ALTER TABLE `user_test_scores` DISABLE KEYS */;
INSERT INTO `user_test_scores` VALUES (1,37,1,0,'2025-03-17 10:15:38','2025-03-17 10:15:38'),(2,37,2,0,'2025-03-17 10:15:38','2025-03-17 10:15:38'),(3,37,3,0,'2025-03-17 10:15:38','2025-03-17 10:15:38'),(4,37,4,0,'2025-03-17 10:15:38','2025-03-17 10:15:38'),(5,37,5,0,'2025-03-17 10:15:38','2025-03-17 10:15:38'),(6,37,6,0,'2025-03-17 10:15:38','2025-03-17 10:18:16'),(9,37,7,0,'2025-03-17 10:15:38','2025-03-17 10:15:38'),(10,37,8,0,'2025-03-17 10:16:04','2025-03-17 10:16:04'),(13,37,9,5,'2025-03-17 10:16:04','2025-03-17 10:18:16'),(31,37,10,0,'2025-03-17 10:18:16','2025-03-17 10:18:16'),(32,37,11,3,'2025-03-17 10:18:16','2025-03-17 10:18:16'),(34,37,12,18,'2025-03-17 10:18:16','2025-03-17 10:18:43'),(44,37,13,129,'2025-03-17 10:18:43','2025-03-17 10:19:37'),(74,37,14,39,'2025-03-17 10:19:38','2025-03-17 10:20:13'),(92,37,15,0,'2025-03-17 10:20:13','2025-03-17 10:20:13'),(95,37,16,25,'2025-03-17 10:20:13','2025-03-17 10:20:28'),(107,37,17,48,'2025-03-17 10:20:46','2025-03-17 10:21:03'),(119,37,18,26,'2025-03-17 10:21:03','2025-03-17 10:21:11'),(133,4,23,0,'2025-03-17 10:22:59','2025-03-17 10:23:56'),(142,38,1,0,'2025-03-17 14:05:28','2025-03-17 14:05:28'),(143,38,2,0,'2025-03-17 14:05:29','2025-03-17 14:05:29'),(144,38,3,0,'2025-03-17 14:05:29','2025-03-17 14:05:29'),(146,38,4,0,'2025-03-17 14:05:29','2025-03-17 14:05:29'),(147,38,5,0,'2025-03-17 14:05:29','2025-03-17 14:05:29'),(148,38,6,0,'2025-03-17 14:05:29','2025-03-17 14:10:24'),(152,38,7,0,'2025-03-17 14:05:29','2025-03-17 14:09:20'),(154,38,8,0,'2025-03-17 14:09:20','2025-03-17 14:09:20'),(157,38,9,2,'2025-03-17 14:09:20','2025-03-17 14:10:24'),(175,38,10,0,'2025-03-17 14:10:24','2025-03-17 14:10:24'),(176,38,11,3,'2025-03-17 14:10:24','2025-03-17 14:10:24'),(178,38,12,25,'2025-03-17 14:10:24','2025-03-17 14:12:08'),(188,38,13,135,'2025-03-17 14:12:08','2025-03-17 14:13:11'),(218,38,14,36,'2025-03-17 14:13:11','2025-03-17 14:13:48'),(236,38,15,0,'2025-03-17 14:13:48','2025-03-17 14:13:48'),(239,38,16,25,'2025-03-17 14:13:48','2025-03-17 14:14:02'),(251,38,17,52,'2025-03-17 14:14:18','2025-03-17 14:14:31'),(263,38,18,30,'2025-03-17 14:14:31','2025-03-17 14:14:39'),(277,5,23,0,'2025-03-17 14:24:23','2025-03-17 14:24:58'),(286,38,19,75,'2025-03-17 14:28:09','2025-03-17 14:28:38'),(311,38,20,37,'2025-03-17 14:28:38','2025-03-17 14:28:59'),(323,38,21,53,'2025-03-17 14:28:59','2025-03-17 14:29:30'),(341,38,22,126,'2025-03-17 14:29:30','2025-03-17 14:30:24'),(381,39,1,0,'2025-03-17 15:08:24','2025-03-17 15:08:24'),(382,39,2,0,'2025-03-17 15:08:24','2025-03-17 15:08:24'),(383,39,3,0,'2025-03-17 15:08:24','2025-03-17 15:08:24'),(385,39,4,0,'2025-03-17 15:08:24','2025-03-17 15:08:24'),(386,39,5,0,'2025-03-17 15:08:24','2025-03-17 15:08:24'),(387,39,6,0,'2025-03-17 15:08:24','2025-03-17 15:10:00'),(388,39,7,0,'2025-03-17 15:08:24','2025-03-17 15:08:24'),(389,39,8,0,'2025-03-17 15:09:12','2025-03-17 15:09:12'),(392,39,9,10,'2025-03-17 15:09:12','2025-03-17 15:10:00'),(410,39,10,0,'2025-03-17 15:10:00','2025-03-17 15:10:00'),(413,39,11,3,'2025-03-17 15:10:00','2025-03-17 15:10:00'),(415,39,12,16,'2025-03-17 15:10:00','2025-03-17 15:10:14'),(425,39,13,116,'2025-03-17 15:10:14','2025-03-17 15:11:00'),(455,39,14,36,'2025-03-17 15:11:00','2025-03-17 15:11:31'),(473,39,15,0,'2025-03-17 15:11:31','2025-03-17 15:11:31'),(476,39,16,24,'2025-03-17 15:11:31','2025-03-17 15:11:48'),(488,39,17,49,'2025-03-17 15:11:59','2025-03-17 15:12:16'),(500,39,18,29,'2025-03-17 15:12:16','2025-03-17 15:12:24'),(514,6,23,0,'2025-03-17 15:14:28','2025-03-17 15:15:25');
/*!40000 ALTER TABLE `user_test_scores` ENABLE KEYS */;
UNLOCK TABLES;

--
-- Table structure for table `users`
--

DROP TABLE IF EXISTS `users`;
/*!40101 SET @saved_cs_client     = @@character_set_client */;
/*!50503 SET character_set_client = utf8mb4 */;
CREATE TABLE `users` (
  `id` bigint unsigned NOT NULL AUTO_INCREMENT,
  `name` varchar(255) COLLATE utf8mb4_unicode_ci NOT NULL,
  `email` varchar(255) COLLATE utf8mb4_unicode_ci NOT NULL,
  `email_verified_at` timestamp NULL DEFAULT NULL,
  `password` varchar(255) COLLATE utf8mb4_unicode_ci NOT NULL,
  `two_factor_secret` text COLLATE utf8mb4_unicode_ci,
  `two_factor_recovery_codes` text COLLATE utf8mb4_unicode_ci,
  `two_factor_confirmed_at` timestamp NULL DEFAULT NULL,
  `two_factor_confirmed` tinyint(1) NOT NULL DEFAULT '0',
  `password_changed_at` timestamp NULL DEFAULT NULL,
  `active` tinyint unsigned NOT NULL DEFAULT '1',
  `last_login_at` timestamp NULL DEFAULT NULL,
  `last_login_ip` varchar(255) COLLATE utf8mb4_unicode_ci DEFAULT NULL,
  `to_be_logged_out` tinyint(1) NOT NULL DEFAULT '0',
  `remember_token` varchar(100) COLLATE utf8mb4_unicode_ci DEFAULT NULL,
  `profile_photo_path` varchar(2048) COLLATE utf8mb4_unicode_ci DEFAULT NULL,
  `created_at` timestamp NULL DEFAULT NULL,
  `updated_at` timestamp NULL DEFAULT NULL,
  `deleted_at` timestamp NULL DEFAULT NULL,
  PRIMARY KEY (`id`),
  UNIQUE KEY `users_email_unique` (`email`)
) ENGINE=InnoDB AUTO_INCREMENT=40 DEFAULT CHARSET=utf8mb4 COLLATE=utf8mb4_unicode_ci;
/*!40101 SET character_set_client = @saved_cs_client */;

--
-- Dumping data for table `users`
--

LOCK TABLES `users` WRITE;
/*!40000 ALTER TABLE `users` DISABLE KEYS */;
INSERT INTO `users` VALUES (1,'Super Admin','admin@cactusweb.gr','2025-03-14 21:32:24','$2y$12$RCKg0ysoE.vTOrT44r/uNOyG/zcaaTZTZUU1gBLx5ihhyddCCqnEO',NULL,NULL,NULL,0,NULL,1,NULL,NULL,0,NULL,NULL,'2025-03-14 21:32:24','2025-03-14 21:32:24',NULL),(2,'Regain user','user@regain','2025-03-14 21:32:24','$2y$12$sa4Xzq7lXI2PAVqVJ62OLuab2irdGV9WJvmO28eXBhlRZvRNZllz6',NULL,NULL,NULL,0,NULL,1,NULL,NULL,0,NULL,NULL,'2025-03-14 21:32:24','2025-03-14 21:32:24',NULL),(3,'Liubov Sergijenko','practitioner1@example.com',NULL,'$2y$12$t4AYuyrc1W08zTH9DazL8OG4RpB1hm6I9NzSM.SSxrfAw4PWgWe/e',NULL,NULL,NULL,0,NULL,1,NULL,NULL,0,NULL,NULL,'2025-03-14 21:32:25','2025-03-14 21:32:25',NULL),(4,'Boris Sergijenko','practitioner2@example.com',NULL,'$2y$12$5TraaDo39kkY5TyiXfhnEubi06qlW0O/UR//svKP.LHyvlCC4qEgG',NULL,NULL,NULL,0,NULL,1,NULL,NULL,0,NULL,NULL,'2025-03-14 21:32:25','2025-03-14 21:32:25',NULL),(5,'Ruslan Panasiuk','practitioner3@example.com',NULL,'$2y$12$H2DXMQv/MAoWlJ5eMRFWOe7kXQnidrfkYOCTgYE4kGeeKX6MZ.yY2',NULL,NULL,NULL,0,NULL,1,NULL,NULL,0,NULL,NULL,'2025-03-14 21:32:26','2025-03-14 21:32:26',NULL),(6,'Ruslan Petrenko','practitioner4@example.com',NULL,'$2y$12$Hutw5np2lJCI7WoWoMRmxuQYO/DGVN1jlBPA9glWQ00ENNGXT/JEe',NULL,NULL,NULL,0,NULL,1,NULL,NULL,0,NULL,NULL,'2025-03-14 21:32:26','2025-03-14 21:32:26',NULL),(7,'Artem Melnicenko','practitioner5@example.com',NULL,'$2y$12$MI1yaQYbnhZRRg0aoJqJiuQMlHsc2Hj5nJl9UFvrUzLKMah6J0Sm6',NULL,NULL,NULL,0,NULL,1,NULL,NULL,0,NULL,NULL,'2025-03-14 21:32:26','2025-03-14 21:32:26',NULL),(8,'Timofii Brovarenko','practitioner6@example.com',NULL,'$2y$12$EvS7QfyvxsRC2ZON03fcnulX0CP1RcftY8iyToqURCS1EMlveKhhG',NULL,NULL,NULL,0,NULL,1,NULL,NULL,0,NULL,NULL,'2025-03-14 21:32:27','2025-03-14 21:32:27',NULL),(9,'Margarita Mikitiuk','practitioner7@example.com',NULL,'$2y$12$ITsn3jtNcXz.8ACkMzH5q.LSsKk8EnkzZOfwm76dFOXa/cWBf0Hru',NULL,NULL,NULL,0,NULL,1,NULL,NULL,0,NULL,NULL,'2025-03-14 21:32:27','2025-03-14 21:32:27',NULL),(10,'Nina Kramarenko','practitioner8@example.com',NULL,'$2y$12$xYz5aKSPYOEZE0uFw4kuxum1PA4XHJMfgPcQPEgOM77tqxqgUZjPe',NULL,NULL,NULL,0,NULL,1,NULL,NULL,0,NULL,NULL,'2025-03-14 21:32:27','2025-03-14 21:32:27',NULL),(11,'Tetiana Ponomarcuk','practitioner9@example.com',NULL,'$2y$12$cUAb8U2e/1MXOczTFq4YIuE9sRVA4C4b0o6wUu723h5RYIzMqhMlq',NULL,NULL,NULL,0,NULL,1,NULL,NULL,0,NULL,NULL,'2025-03-14 21:32:28','2025-03-14 21:32:28',NULL),(12,'Boleslav Sereda','practitioner10@example.com',NULL,'$2y$12$wGL.4N1cXmlKdDKu9ok9Ner/NpwaCs5.TSu5VZEARkdwg7K/Tnp4y',NULL,NULL,NULL,0,NULL,1,NULL,NULL,0,NULL,NULL,'2025-03-14 21:32:28','2025-03-14 21:32:28',NULL),(13,'Polina Brovarenko','practitioner11@example.com',NULL,'$2y$12$PTi7Fthl/3zyY/opDWO9d.uvtBUcIevV5WA9RlmnBSS9HlXwqsC6W',NULL,NULL,NULL,0,NULL,1,NULL,NULL,0,NULL,NULL,'2025-03-14 21:32:28','2025-03-14 21:32:28',NULL),(14,'Oksana Vasilcuk','practitioner12@example.com',NULL,'$2y$12$qbL4jqnA0E/4jLixo4aNI..xGY3SsgVMmnQp2fG.Dt1jlItkKe722',NULL,NULL,NULL,0,NULL,1,NULL,NULL,0,NULL,NULL,'2025-03-14 21:32:28','2025-03-14 21:32:28',NULL),(15,'Olena Brovarenko','practitioner13@example.com',NULL,'$2y$12$VJGoLOat8CPbIL9H0OyKA.pq3fJ7nskyMZVAZo4QSVihyDVz.EnbG',NULL,NULL,NULL,0,NULL,1,NULL,NULL,0,NULL,NULL,'2025-03-14 21:32:29','2025-03-14 21:32:29',NULL),(16,'Olena Gnatiuk','practitioner14@example.com',NULL,'$2y$12$X5AjT75sD8iqgL04XdrIYeSnW9sPuEk.wb.kYFopX3xb9DIRtyLie',NULL,NULL,NULL,0,NULL,1,NULL,NULL,0,NULL,NULL,'2025-03-14 21:32:29','2025-03-14 21:32:29',NULL),(17,'Pavlo Sergijenko','practitioner15@example.com',NULL,'$2y$12$FS/AZ3jPpSaDJloEEYJyfuAihoCZdTU2eFWDxNfyLttoMSG9UQt8W',NULL,NULL,NULL,0,NULL,1,NULL,NULL,0,NULL,NULL,'2025-03-14 21:32:29','2025-03-14 21:32:29',NULL),(18,'Katerina Antonenko','practitioner16@example.com',NULL,'$2y$12$xCaq04ODbB6bhKIBU0xBQuFbk9PefQHi4JTaHcOzIkxdai/PDXGSq',NULL,NULL,NULL,0,NULL,1,NULL,NULL,0,NULL,NULL,'2025-03-14 21:32:30','2025-03-14 21:32:30',NULL),(19,'Iaroslava Kravcuk','practitioner17@example.com',NULL,'$2y$12$B9inVdN0iY1eAAer9GpHW.xP9/88MUqhFKg9OzFgAklc/Oi4OZ8i.',NULL,NULL,NULL,0,NULL,1,NULL,NULL,0,NULL,NULL,'2025-03-14 21:32:30','2025-03-14 21:32:30',NULL),(20,'Margarita Kravcenko','practitioner18@example.com',NULL,'$2y$12$/po8mqMYY5w6fv3eb.kTUOojVO9ZJF6tYbXgVPvgaEHJYu0tZxiQ.',NULL,NULL,NULL,0,NULL,1,NULL,NULL,0,NULL,NULL,'2025-03-14 21:32:30','2025-03-14 21:32:30',NULL),(21,'Mikita Brovarcuk','practitioner19@example.com',NULL,'$2y$12$qqppY2Vy7YpbhOD.doNk2OApm3IRKorDawiXYJcaBpNcWvhQ2YQ7a',NULL,NULL,NULL,0,NULL,1,NULL,NULL,0,NULL,NULL,'2025-03-14 21:32:31','2025-03-14 21:32:31',NULL),(22,'Jelizaveta Ponomarcuk','practitioner20@example.com',NULL,'$2y$12$O6o5byV4kpnWvPlMTtFxT.QmplZoDyISVp4upNcmc4Ryy8/tUsmxS',NULL,NULL,NULL,0,NULL,1,NULL,NULL,0,NULL,NULL,'2025-03-14 21:32:31','2025-03-14 21:32:31',NULL),(23,'Polina Kramarenko','practitioner21@example.com',NULL,'$2y$12$v9.cXyABIe2NtGHwkgZG/eGMtJ5ykMw7ButWiTkBw/UID7OiQg9US',NULL,NULL,NULL,0,NULL,1,NULL,NULL,0,NULL,NULL,'2025-03-14 21:32:31','2025-03-14 21:32:31',NULL),(24,'Irina Zaxarcuk','practitioner22@example.com',NULL,'$2y$12$J0R26SWrB3JRnRS/KqZSVebaQj/e/HMTrg6KNpb2gf7OeeCuodpSK',NULL,NULL,NULL,0,NULL,1,NULL,NULL,0,NULL,NULL,'2025-03-14 21:32:31','2025-03-14 21:32:31',NULL),(25,'Dar\'ia Ponomarcuk','practitioner23@example.com',NULL,'$2y$12$fWnQB/d4FCnWuPH5xge3A.la4Ze86rXh74no0R/jUgJ9/JYUTdnGC',NULL,NULL,NULL,0,NULL,1,NULL,NULL,0,NULL,NULL,'2025-03-14 21:32:32','2025-03-14 21:32:32',NULL),(26,'Jelizaveta Kramarcuk','practitioner24@example.com',NULL,'$2y$12$XvyBxYOvyK7UeU6My3Hk9OSgO7wb.PtwyY3xx59VWXRNyh5SepK8K',NULL,NULL,NULL,0,NULL,1,NULL,NULL,0,NULL,NULL,'2025-03-14 21:32:32','2025-03-14 21:32:32',NULL),(27,'Dar\'ia Kramarcuk','practitioner25@example.com',NULL,'$2y$12$EZf0NnZDaNZ3af4FUw4Wk.rB/Y9iZL1.0qXAwhx1TM90Tds.JeedW',NULL,NULL,NULL,0,NULL,1,NULL,NULL,0,NULL,NULL,'2025-03-14 21:32:32','2025-03-14 21:32:32',NULL),(28,'Inna Kravcenko','practitioner26@example.com',NULL,'$2y$12$59ZW3GaXqtNGaE2VkV8DlOCoivgMou20mZYAp70LtGRXfV1G3nx/.',NULL,NULL,NULL,0,NULL,1,NULL,NULL,0,NULL,NULL,'2025-03-14 21:32:33','2025-03-14 21:32:33',NULL),(29,'Marina Kravcenko','practitioner27@example.com',NULL,'$2y$12$ghEhpBKYjkDUM50HggNTUelbg8JHXXF2dyXOJlbTrNz4qcxNB/69S',NULL,NULL,NULL,0,NULL,1,NULL,NULL,0,NULL,NULL,'2025-03-14 21:32:33','2025-03-14 21:32:33',NULL),(30,'Mixailo Ponomarcuk','patient@example.com',NULL,'$2y$12$LnYWw/Tasari3GkjmhcukOOYVJuFL.EemqDFjk4UzSrPBptWxivBu',NULL,NULL,NULL,0,NULL,1,NULL,NULL,0,NULL,NULL,'2025-03-14 21:32:33','2025-03-14 21:32:33',NULL),(31,'Ivan Ponomarenko','urgent-waitlisted@example.com',NULL,'$2y$12$TmJZYDl.SquJ91k2LtxINOUiGfLIH8l2vz8xyLa3ByI.NfWbLTMcW',NULL,NULL,NULL,0,NULL,1,NULL,NULL,0,NULL,NULL,'2025-03-14 21:32:34','2025-03-14 21:32:34',NULL),(32,'Vsevolod Mirosnicenko','waitlisted@example.com',NULL,'$2y$12$SmfR4d13fovHFnMS8ECAqukuVBdXUKXn0Ewd2oruu3IzU9hIvDPIa',NULL,NULL,NULL,0,NULL,1,NULL,NULL,0,NULL,NULL,'2025-03-14 21:32:34','2025-03-14 21:32:34',NULL),(33,'Olga Brovarcuk','guided@example.com',NULL,'$2y$12$Qk/gQcwBCXo3esg4YYN3veUH8vQQPm.wOesp3twBIUNGPx/xe7UlW',NULL,NULL,NULL,0,NULL,1,NULL,NULL,0,NULL,NULL,'2025-03-14 21:32:34','2025-03-14 21:32:34',NULL),(34,'Oleksandr Patrenko','mepisok851@doishy.com',NULL,'$2y$12$CZugwyoYRxupLswmfTZg7eHpamG9ymMvKv42iPjYZJ.8.ritlk/a6',NULL,NULL,NULL,0,NULL,1,NULL,NULL,0,NULL,NULL,'2025-03-17 09:41:14','2025-03-17 09:41:14',NULL),(35,'Artem Poltavets','xayimon706@barodis.com',NULL,'$2y$12$qXb29fLU8YdfKN4zBhGnRuoOUOWhjYL1lMYhU9BDO0O7DG5Hd5sDK',NULL,NULL,NULL,0,NULL,1,NULL,NULL,0,NULL,NULL,'2025-03-17 09:50:05','2025-03-17 09:50:05',NULL),(36,'Artem Poltavets','diyono4987@excederm.com',NULL,'$2y$12$iKbPiY1nrKcyNspfi9yFs.I/7bBFO0jfOPlMcPe9/qfMX1R5yGCoy',NULL,NULL,NULL,0,NULL,1,NULL,NULL,0,NULL,NULL,'2025-03-17 10:04:22','2025-03-17 10:04:22',NULL),(37,'Artem Poltavets','telific720@erapk.com',NULL,'$2y$12$H2NrFH2/mjLNbCCZpLb4AOAdvUwmW1NZGckB/fjvHb0F0.oEYgMES',NULL,NULL,NULL,0,NULL,1,NULL,NULL,0,NULL,NULL,'2025-03-17 10:09:51','2025-03-17 10:09:51',NULL),(38,'Andriy Shevchenko','h5tp6@xadoll.com',NULL,'$2y$12$GV4hNiiSeWpGfUsD8NJAne5XyYUlI0JGiAR.Nk2B.tundCkZ8bvYi',NULL,NULL,NULL,0,NULL,1,NULL,NULL,0,NULL,NULL,'2025-03-17 14:00:16','2025-03-17 14:00:16',NULL),(39,'Anastasiya Poltavets','hgjs@gonaute.com',NULL,'$2y$12$Dwus.9TgmsTSAh9uZQUxTulqh9Aciys.SgCO5bXVIbaCk7qqiQCi6',NULL,NULL,NULL,0,NULL,1,NULL,NULL,0,NULL,NULL,'2025-03-17 15:05:22','2025-03-17 15:05:22',NULL);
/*!40000 ALTER TABLE `users` ENABLE KEYS */;
UNLOCK TABLES;

--
-- Dumping routines for database 'regain'
--
/*!40103 SET TIME_ZONE=@OLD_TIME_ZONE */;

/*!40101 SET SQL_MODE=@OLD_SQL_MODE */;
/*!40014 SET FOREIGN_KEY_CHECKS=@OLD_FOREIGN_KEY_CHECKS */;
/*!40014 SET UNIQUE_CHECKS=@OLD_UNIQUE_CHECKS */;
/*!40101 SET CHARACTER_SET_CLIENT=@OLD_CHARACTER_SET_CLIENT */;
/*!40101 SET CHARACTER_SET_RESULTS=@OLD_CHARACTER_SET_RESULTS */;
/*!40101 SET COLLATION_CONNECTION=@OLD_COLLATION_CONNECTION */;
/*!40111 SET SQL_NOTES=@OLD_SQL_NOTES */;

-- Dump completed on 2025-03-17 16:09:08
